{"juzNo":6,"pageNo":105,"arCuzNo":"٦","arPageNo":"۱۰٥","quranAyats":[{"id":664,"surahId":4,"ayatId":171,"ayatNo":"١٧١","pageNo":105,"ayatText":"يَٓا اَهْلَ الْكِتَابِ لَا تَغْلُوا فٖي دٖينِكُمْ وَلَا تَقُولُوا عَلَى اللّٰهِ اِلَّا الْحَقَّؕ اِنَّمَا الْمَسٖيحُ عٖيسَى ابْنُ مَرْيَمَ رَسُولُ اللّٰهِ وَكَلِمَتُهُۚ اَلْقٰيهَٓا اِلٰى مَرْيَمَ وَرُوحٌ مِنْهُؗ فَاٰمِنُوا بِاللّٰهِ وَرُسُلِهٖۚ وَلَا تَقُولُوا ثَلٰثَةٌؕ اِنْتَهُوا خَيْراً لَكُمْؕ اِنَّمَا اللّٰهُ اِلٰهٌ وَاحِدٌؕ سُبْحَانَهُٓ اَنْ يَكُونَ لَهُ وَلَدٌۘ لَهُ مَا فِي السَّمٰوَاتِ وَمَا فِي الْاَرْضِؕ وَكَفٰى بِاللّٰهِ وَكٖيلاًࣖ","ayatMealText":{"tr":"Ey kitab ehli! Dininizde taşkınlık etmeyin ve Allah hakkında ancak doğru olanı söyleyin! Meryem oğlu İsa Mesih, sadece Allah'ın elçisi, Meryem'e atmış olduğu kelimesi ve O'ndan bir ruhtur. Allah'a ve peygamberlerine inanın (Allah) üçtür demeyin. Kendi yararınız için buna son verin. Muhakkak ki Allah tek bir ilâhtır. O, çocuk sahibi olmaktan yüce (münezzeh)dir. Göklerdeki ve yerdekilerin hepsi O'nundur. Vekil olarak Allah yeter.","nl":"o Lieden van de Schrift, overdrijft niet in jullie godsdienst en zeg niets over Allah dan de Waarheid. Voorwaar, de Masîh 'Isa, zoon van Maryam, is een Boodschapper van Allah en Zijn Woord, dat Hij aan Maryam zond en uit een Geest (Djibrîl) van Hem voortkomend. Gelooft dug in Allah en Zijn Boodschappers en zegt niet (dat Allah) 'drie' is. Houdt (hiermee) op, dat is beter voor jullie Voorwaar, Allah is de Ene God. Verheven is Hij (boven de bewering dat) Hij een zoon heeft. Hem behoort wat in de hemelen en op de aarde is. En Allah is voldoende als Getuige.","en":"O People of the Book! Do not go to extremes regarding your faith; say nothing about Allah except the truth. The Messiah, Jesus, son of Mary, was no more than a messenger of Allah and the fulfilment of His Word through Mary and a spirit ˹created by a command˺ from Him. So believe in Allah and His messengers and do not say, “Trinity.” Stop!—for your own good. Allah is only One God. Glory be to Him! He is far above having a son! To Him belongs whatever is in the heavens and whatever is on the earth. And Allah is sufficient as a Trustee of Affairs"},"surah":{"surahId":4,"name":"Nisâ","nameAr":"النِّسَاءِ","revelationOrder":92,"verseCount":176,"juzNo":4,"firstPage":77}},{"id":665,"surahId":4,"ayatId":172,"ayatNo":"١٧٢","pageNo":105,"ayatText":"لَنْ يَسْتَنْكِفَ الْمَسٖيحُ اَنْ يَكُونَ عَبْداً لِلّٰهِ وَلَا الْمَلٰٓئِكَةُ الْمُقَرَّبُونَؕ وَمَنْ يَسْتَنْكِفْ عَنْ عِبَادَتِهٖ وَيَسْتَكْبِرْ فَسَيَحْشُرُهُمْ اِلَيْهِ جَمٖيعاً","ayatMealText":{"tr":"Hiçbir zaman Mesih de Allah'ın bir kulu olmaktan çekinmez, Allah'a yakın melekler de. Kim O'na kulluk etmekten çekinir ve büyüklük taslarsa bilsin ki O, onların hepsini huzuruna toplayacaktır.","nl":"Hot is de Masih niet te min om een dienaar van Allah te zijn en de Engelen on de (Hem) nabijen (ook niet). Degene die de aanbidding van Hem te min is on arrogant zijn, Hij zal hen allen bij Zich verzamelen.","en":"The Messiah would never be too proud to be a servant of Allah, nor would the angels nearest to Allah. Those who are too proud and arrogant to worship Him will be brought before Him all together"},"surah":null},{"id":666,"surahId":4,"ayatId":173,"ayatNo":"١٧٣","pageNo":105,"ayatText":"فَاَمَّا الَّذٖينَ اٰمَنُوا وَعَمِلُوا الصَّالِحَاتِ فَيُوَفّٖيهِمْ اُجُورَهُمْ وَيَزٖيدُهُمْ مِنْ فَضْلِهٖۚ وَاَمَّا الَّذٖينَ اسْتَنْكَفُوا وَاسْتَكْبَرُوا فَيُعَذِّبُهُمْ عَذَاباً اَلٖيماًۙ وَلَا يَجِدُونَ لَهُمْ مِنْ دُونِ اللّٰهِ وَلِياًّ وَلَا نَصٖيراً","ayatMealText":{"tr":"İnanıp güzel işler yapanlara gelince, onların mükafatlarını eksiksiz ödeyecek ve lütfundan onlara daha fazlasını da verecektir. Allah'a kulluktan çekinip büyüklük taslayanlara da şiddetli bir şekilde azab edecek ve onlar Allah'dan başka kendilerine ne bir dost, ne de bir yardımcı bulamayacaklardır.","nl":"Maar wat betreft degenen die geloven en goede daden verrichten: Hij zal hun hun beloningen geven en meer van Zijn gunst geven. Maar degenen die hoogmoedig en arrogant zijn zal Hij dan straffen met een pijnlijke bestraffing en zij zullen zich buiten Allah gaan beschermer en geen helper vinden.","en":"As for those who believe and do good, He will reward them in full and increase them out of His grace. But those who are too proud and arrogant, He will subject them to a painful punishment. And besides Allah they will find no protector or helper"},"surah":null},{"id":667,"surahId":4,"ayatId":174,"ayatNo":"١٧٤","pageNo":105,"ayatText":"يَٓا اَيُّهَا النَّاسُ قَدْ جَٓاءَكُمْ بُرْهَانٌ مِنْ رَبِّكُمْ وَاَنْزَلْـنَٓا اِلَيْكُمْ نُوراً مُبٖيناً","ayatMealText":{"tr":"Ey insanlar! Size Rabbinizden bir delil (Muhammed) geldi ve size apaçık bir nur indirdik.","nl":"O mensen, er is voor jullie waarlijk een bewijs van jullie Heer gekomen en Wij hebben een duidelijk Licht (do Koran) over jullie doen neerdalen.","en":"O humanity! There has come to you conclusive evidence from your Lord. And We have sent down to you a brilliant light"},"surah":null},{"id":668,"surahId":4,"ayatId":175,"ayatNo":"١٧٥","pageNo":105,"ayatText":"فَاَمَّا الَّذٖينَ اٰمَنُوا بِاللّٰهِ وَاعْتَصَمُوا بِهٖ فَسَيُدْخِلُهُمْ فٖي رَحْمَةٍ مِنْهُ وَفَضْلٍۙ وَيَهْدٖيهِمْ اِلَيْهِ صِرَاطاً مُسْتَقٖيماًؕ","ayatMealText":{"tr":"Allah'a inanıp O'na sımsıkı sarılanları (Allah), kendisinden bir rahmet ve lutfa sokacak ve kendisine varan dosdoğru yola iletecektir.","nl":"En wat betreft degenen die in Allah geloven: houdt jullie aan Hem vast. Dan zal Hij hen in (de) Barmbartigheid van Hem en Zijn gunst (het Paradijs) binnenleiden. En Hij leidt hen naar een recht pad.","en":"As for those who believe in Allah and hold fast to Him, He will admit them into His mercy and grace and guide them to Himself through the Straight Path"},"surah":null}]}