{"juzNo":6,"pageNo":106,"arCuzNo":"٦","arPageNo":"۱۰٦","quranAyats":[{"id":669,"surahId":4,"ayatId":176,"ayatNo":"١٧٦","pageNo":106,"ayatText":"يَسْتَفْتُونَكَؕ قُلِ اللّٰهُ يُفْتٖيكُمْ فِي الْكَلَالَةِؕ اِنِ امْرُؤٌا هَلَكَ لَيْسَ لَهُ وَلَدٌ وَلَهُٓ اُخْتٌ فَلَهَا نِصْفُ مَا تَرَكَۚ وَهُوَ يَرِثُـهَٓا اِنْ لَمْ يَكُنْ لَهَا وَلَدٌؕ فَاِنْ كَانَتَا اثْنَتَيْنِ فَلَهُمَا الثُّلُثَانِ مِمَّا تَرَكَؕ وَاِنْ كَانُٓوا اِخْوَةً رِجَالاً وَنِسَٓاءً فَلِلذَّكَرِ مِثْلُ حَظِّ الْاُنْثَيَيْنِؕ يُبَيِّنُ اللّٰهُ لَكُمْ اَنْ تَضِلُّواؕ وَاللّٰهُ بِكُلِّ شَيْءٍ عَلٖيمٌ","ayatMealText":{"tr":"Senden fetva istiyorlar. Deki: \"Allah size kelâle (babasız ve çocuksuz kimse) nin mirası hakkında hükmünü açıklıyor: Çocuğu olmayan, fakat kız kardeşi bulunan bir kişi ölürse, bıraktığı malın yarısı o (kız kardeşi)nundur. Çocuğu olmayan kız kardeş ölürse, erkek kardeş ona varis olur. Eğer (ölenin) iki kız kardeşi varsa, bıraktığının üçte ikisi onlarındır. Eğer kardeşler erkek ve kız olurlarsa, erkeğin hissesi, iki kızın hissesi kadardır. Şaşırmamanız için Allah size (hükümlerini) açıklıyor. Allah, her şeyi hakkıyla bilendir.","nl":"Zij vragen jou, zeg (O Moehammad): \"Allah geeft jullie een antwoord over de Kalâlah: indien een persoon overlijdt terwijl hij geen kind heeft en hij heeft (wel) een zuster: dan krijgt zij de helft van wat hij achterlaat. En hij erft (alles) in het geval dat zij (zijn zuster) geen kind heeft. En indien er twee (zusters) zijn, krijgen zij twee-derde van wat hij achterlaat. Maar indien er (van de overladen man) broeders en zusters (achterblijven), dan is er voor een man net zoveel als voor twee vrouwen.\" Allah heeft jullie dit duidelijk gemaakt, opdat jullie niet dwalen. En Allah is Alwetend over alle zaken.","en":"They ask you ˹for a ruling, O Prophet˺. Say, “Allah gives you a ruling regarding those who die without children or parents.” If a man dies childless and leaves behind a sister, she will inherit one-half of his estate, whereas her brother will inherit all of her estate if she dies childless. If this person leaves behind two sisters, they together will inherit two-thirds of the estate. But if the deceased leaves male and female siblings, a male’s share will be equal to that of two females. Allah makes ˹this˺ clear to you so you do not go astray. And Allah has ˹perfect˺ knowledge of all things"},"surah":{"surahId":4,"name":"Nisâ","nameAr":"النِّسَاءِ","revelationOrder":92,"verseCount":176,"juzNo":4,"firstPage":77}},{"id":670,"surahId":5,"ayatId":1,"ayatNo":"١","pageNo":106,"ayatText":"يَٓا اَيُّهَا الَّذٖينَ اٰمَنُٓوا اَوْفُوا بِالْعُقُودِؕ اُحِلَّتْ لَكُمْ بَهٖيمَةُ الْاَنْعَامِ اِلَّا مَا يُتْلٰى عَلَيْكُمْ غَيْرَ مُحِلِّي الصَّيْدِ وَاَنْتُمْ حُرُمٌؕ اِنَّ اللّٰهَ يَحْكُمُ مَا يُرٖيدُ","ayatMealText":{"tr":"Ey iman edenler! Sözleşmeleri yerine getirin. İhramlı iken avlanmayı helal saymamanız şartıyla, çeşitli hayvanlar size helal kılındı. Ancak haram oldukları size okunacak olanlar müstesna. Şüphesiz Allah dilediği hükmü verir.","nl":"O jullie die geloven! Komt de beloften na. Toegestaan voor jullie zijn de dieren van het vee, behalve wat aan jullie voorgelezen is. Niet toegestaan is het jagen als jullie in de gewijde staat zijn (tijdens de bedevaart). Voorwaar, Allah oordeelt over wat Hij wil.","en":"O believers! Honour your obligations. All grazing livestock has been made lawful to you—except what is hereby announced to you and hunting while on pilgrimage. Indeed, Allah commands what He wills"},"surah":{"surahId":5,"name":"Mâide","nameAr":"الْمَائِدَةِ","revelationOrder":112,"verseCount":120,"juzNo":6,"firstPage":106}},{"id":671,"surahId":5,"ayatId":2,"ayatNo":"٢","pageNo":106,"ayatText":"يَٓا اَيُّهَا الَّذٖينَ اٰمَنُوا لَا تُحِلُّوا شَعَٓائِرَ اللّٰهِ وَلَا الشَّهْرَ الْحَرَامَ وَلَا الْهَدْيَ وَلَا الْقَلَٓائِدَ وَلَٓا آٰمّٖينَ الْبَيْتَ الْحَرَامَ يَبْتَغُونَ فَضْلاً مِنْ رَبِّهِمْ وَرِضْوَاناًؕ وَاِذَا حَلَلْتُمْ فَاصْطَادُواؕ وَلَا يَجْرِمَنَّكُمْ شَنَاٰنُ قَوْمٍ اَنْ صَدُّوكُمْ عَنِ الْمَسْجِدِ الْحَرَامِ اَنْ تَعْتَدُواۘ وَتَعَاوَنُوا عَلَى الْبِرِّ وَالتَّقْوٰىࣕ وَلَا تَعَاوَنُوا عَلَى الْاِثْمِ وَالْعُدْوَانِࣕ وَاتَّقُوا اللّٰهَؕ اِنَّ اللّٰهَ شَدٖيدُ الْعِقَابِ","ayatMealText":{"tr":"Ey iman edenler! Allah'ın alâmetlerine, haram aya, kurbanlık hediyelere, gerdanlıklarına ve Rablerinden lutuf ve rıza bekleyerek Kabe'ye yönelenlere sakın saygısızlık etmeyin. İhramdan çıktığınız zaman avlanabilirsiniz. Sizi Mescidi Haram'dan çevirdiklerinden dolayı bir topluma karşı olan kininiz, sizi saldırıya sevk etmesin. İyilik ve takva üzerinde yardımlaşın, günah ve düşmanlık üzerinde yardımlaşmayın. Allah'tan korkun. Çünkü Allah'ın azabı çetindir.","nl":"O jullie die geloven! Ontheiligt niet de gewijde Tekenen van Allah en niet de gewijde Maand (van de Haddj) en niet de offerieren en niet de halsomhangsels en niet degenen die onderweg zijn naar het Gewijde Huis (de Ka'bah) terwijl zij de gunst en het welgevallen van hun Heer zoeken. En wanneer jullie gewijde toestand voltooid is, dan (mogen) jullie jagen. En laat de haat van een volk dat jullie hindert (te gaan) naar de Masdjid al Harâm (de gewijde Moskee te Mekkah) jullie er niet toe brengen overtredingen te begaan, maar ondersteunt elkaar bij het goede en Taqwa. En steunt elkaar niet bij zonde en overtreding. En vreest Allah. Voorwaar, Allah is streng in de bestraffing.","en":"O believers! Do not violate Allah’s rituals ˹of pilgrimage˺, the sacred months, the sacrificial animals, the ˹offerings decorated with˺ garlands, nor those ˹pilgrims˺ on their way to the Sacred House seeking their Lord’s bounty and pleasure. When pilgrimage has ended, you are allowed to hunt. Do not let the hatred of a people who once barred you from the Sacred Mosque provoke you to transgress. Cooperate with one another in goodness and righteousness, and do not cooperate in sin and transgression. And be mindful of Allah. Surely Allah is severe in punishment"},"surah":null}]}