{"juzNo":6,"pageNo":111,"arCuzNo":"٦","arPageNo":"۱۱۱","quranAyats":[{"id":687,"surahId":5,"ayatId":18,"ayatNo":"١٨","pageNo":111,"ayatText":"وَقَالَتِ الْيَهُودُ وَالنَّصَارٰى نَحْنُ اَبْنَٓاءُ اللّٰهِ وَاَحِبَّٓاؤُ۬هُؕ قُلْ فَلِمَ يُعَذِّبُكُمْ بِذُنُوبِكُمْؕ بَلْ اَنْتُمْ بَشَرٌ مِمَّنْ خَلَقَؕ يَغْفِرُ لِمَنْ يَشَٓاءُ وَيُعَذِّبُ مَنْ يَشَٓاءُؕ وَلِلّٰهِ مُلْكُ السَّمٰوَاتِ وَالْاَرْضِ وَمَا بَيْنَهُمَاؗ وَاِلَيْهِ الْمَصٖيرُ","ayatMealText":{"tr":"Yahudiler ve hıristiyanlar, \"Biz Allah'ın oğulları ve sevgilileriyiz\" dediler. De ki: \" O halde niçin günahlarınızdan ötürü (Allah ) size azab ediyor?\" Hayır, siz de O'nun yaratıklarından birer insansınız. O dilediğini bağışlar, dilediğine azab eder. Göklerin, yerin ve ikisi arasında bulunan her şeyin mülkü Allah'ındır. Nihayet dönüş de O'nadır.","nl":"En de Joden en de Christenen zeiden: \"Wij zijn zonen van Allah en Zijn geliefden.\" Zeg (O Moehammed): \"Waarom straft Hij jullie dan voor jullie zonden? Maar nee, jullie zijn (gewone) mensen, die Hij schiep, Hij vergeeft wie Hij wil en Hij straft wie Hij wil.\" En an Allah behoort het Koninkrijk van de hemelen en de aarde en wat er tussen hen is. En tot Hem is de terugkeer.","en":"The Jews and the Christians each say, “We are the children of Allah and His most beloved!” Say, ˹O Prophet,˺ “Why then does He punish you for your sins? No! You are only humans like others of His Own making. He forgives whoever He wills and punishes whoever He wills. To Allah ˹alone˺ belongs the kingdom of the heavens and the earth and everything in between. And to Him is the final return.”"},"surah":{"surahId":5,"name":"Mâide","nameAr":"الْمَائِدَةِ","revelationOrder":112,"verseCount":120,"juzNo":6,"firstPage":106}},{"id":688,"surahId":5,"ayatId":19,"ayatNo":"١٩","pageNo":111,"ayatText":"يَٓا اَهْلَ الْكِتَابِ قَدْ جَٓاءَكُمْ رَسُولُنَا يُبَيِّنُ لَكُمْ عَلٰى فَتْرَةٍ مِنَ الرُّسُلِ اَنْ تَقُولُوا مَا جَٓاءَنَا مِنْ بَشٖيرٍ وَلَا نَذٖيرٍؗ فَقَدْ جَٓاءَكُمْ بَشٖيرٌ وَنَذٖيرٌؕ وَاللّٰهُ عَلٰى كُلِّ شَيْءٍ قَدٖيرٌࣖ","ayatMealText":{"tr":"Ey kitap ehli! Peygamberlerin arasının kesildiği bir sırada size Resulümüz geldi, gerçekleri açıklıyor ki, (yarın kıyamet gününde): \"Bize bir müjdeleyici ve uyarıcı gelmedi\" demeyiniz. İşte müjdeleyici ve uyarıcı geldi. Allah, her şeye kadirdir.","nl":"O Lieden van de Schrift! Waarlijk, Onze Boodschapper is tot jullie gekomen, en hij heeft jullie na een onderbreking in (de rocks van) Boodschappers duidelijkheid gegeven, opdat jullie niet zouden zeggen: \"Er is tot ons geen verkondiger van verheugende tijdingen en een waarschuwer gekomen.\" Waarlijk, er komt een verkondiger van verheugende tijdingen en een waarschuwer tot jullie. En Allah is Almachtig over alle zaken.","en":"O People of the Book! Our Messenger has indeed come to you, making things clear to you after an interval between the messengers so you do not say, “There has never come to us a deliverer of good news or a warner.” Now there has come to you a deliverer of good news and a warner. And Allah is Most Capable of everything"},"surah":null},{"id":689,"surahId":5,"ayatId":20,"ayatNo":"٢٠","pageNo":111,"ayatText":"وَاِذْ قَالَ مُوسٰى لِقَوْمِهٖ يَا قَوْمِ اذْكُرُوا نِعْمَةَ اللّٰهِ عَلَيْكُمْ اِذْ جَعَلَ فٖيكُمْ اَنْبِيَٓاءَ وَجَعَلَكُمْ مُلُوكاًࣗ وَاٰتٰيكُمْ مَا لَمْ يُؤْتِ اَحَداً مِنَ الْعَالَمٖينَ","ayatMealText":{"tr":"Musa kavmine şöyle demişti: \"Ey kavmim! Allah'ın üzerinizdeki nimetini hatırlayın. O, içinizden peygamberler çıkardı. Sizi hükümdarlar yaptı. Ve âlemlerde hiçbir kimseye vermediğini size verdi.\"","nl":"En (gedenkt) toen Môesa tot zijn volk zei: \"O mijn volk, gedenkt de genieting van Allah voorjullie, toen Hij Profeten uit jullie midden voortbracht en jullie koninkrijken gaf en aan jullie gaf wat aan niet één (volk) in de werelden gegeven was.","en":"And ˹remember˺ when Moses said to his people, “O my people! Remember Allah’s favours upon you when He raised prophets from among you, made you sovereign, and gave you what He had never given anyone in the world"},"surah":null},{"id":690,"surahId":5,"ayatId":21,"ayatNo":"٢١","pageNo":111,"ayatText":"يَا قَوْمِ ادْخُلُوا الْاَرْضَ الْمُقَدَّسَةَ الَّتٖي كَتَبَ اللّٰهُ لَكُمْ وَلَا تَرْتَدُّوا عَلٰٓى اَدْبَارِكُمْ فَتَنْقَلِبُوا خَاسِرٖينَ","ayatMealText":{"tr":"\"Ey kavmim, Allah'ın size yazdığı kutsal toprağa girin, geriye dönmeyin, yoksa kayba uğrarsınız.\"","nl":"O mijn volk, treedt het Heilige Land binnen dat Allah jullie toegewezen heeft en keert het niet jullie ruggen toe, want anders zullen jullie als verliezers terugkeren.\"","en":"O my people! Enter the Holy Land which Allah has destined for you ˹to enter˺. And do not turn back or else you will become losers.”"},"surah":null},{"id":691,"surahId":5,"ayatId":22,"ayatNo":"٢٢","pageNo":111,"ayatText":"قَالُوا يَا مُوسٰٓى اِنَّ فٖيهَا قَوْماً جَبَّارٖينَࣗ وَاِنَّا لَنْ نَدْخُلَهَا حَتّٰى يَخْرُجُوا مِنْهَاۚ فَاِنْ يَخْرُجُوا مِنْهَا فَاِنَّا دَاخِلُونَ","ayatMealText":{"tr":"Onlar da: \"Ey Musa! Orada zorba bir kavim var. Onlar oradan çıkmadıkça biz oraya asla giremeyiz. Eğer oradan çıkarlarsa, şüphesiz biz de gireriz\" dediler.","nl":"Zij zeiden: \"O Môesa, daarin is een heel sterk volk en wij zullen daarin nooit binnentreden totdat zu van daar vertrekken, en indien zij het verlaten, dan zullen wij (daar) binnentreden.\"","en":"They replied, “O Moses! There is an enormously powerful people there, so we will never ˹be able to˺ enter it until they leave. If they do, then we will enter!”"},"surah":null},{"id":692,"surahId":5,"ayatId":23,"ayatNo":"٢٣","pageNo":111,"ayatText":"قَالَ رَجُلَانِ مِنَ الَّذٖينَ يَخَافُونَ اَنْعَمَ اللّٰهُ عَلَيْهِمَا ادْخُلُوا عَلَيْهِمُ الْبَابَۚ فَاِذَا دَخَلْتُمُوهُ فَاِنَّكُمْ غَالِبُونَ وَعَلَى اللّٰهِ فَتَوَكَّلُٓوا اِنْ كُنْتُمْ مُؤْمِنٖينَ","ayatMealText":{"tr":"Allah'tan korkan ve Allah'ın kendilerine nimet verdiği iki adam şöyle dedi: \"Onların üzerlerine kapıdan girin. Oradan girerseniz muhakkak galip gelirsiniz. Eğer layıkıyla inanıyorsanız yalnız Allah'a dayanın.","nl":"Twee mannen van degenen die (Allah) vreesden en aan wie Allah van Zijn gunsten gegeven had, zeiden. \"Val hen aan via de poort on waneer jullie dan binnengetreden zijn, dan zullen jullie waarlijk winnaars zijn. En stelt jullie vertrouwen op Allah, indien jullie gelovigen zijn.\"","en":"Two God-fearing men—who had been blessed by Allah—said, “Surprise them through the gate. If you do, you will certainly prevail. Put your trust in Allah if you are ˹truly˺ believers.”"},"surah":null}]}