{"juzNo":7,"pageNo":127,"arCuzNo":"۷","arPageNo":"۱۲۷","quranAyats":[{"id":783,"surahId":5,"ayatId":114,"ayatNo":"١١٤","pageNo":127,"ayatText":"قَالَ عٖيسَى ابْنُ مَرْيَمَ اللّٰهُمَّ رَبَّنَٓا اَنْزِلْ عَلَيْنَا مَٓائِدَةً مِنَ السَّمَٓاءِ تَكُونُ لَنَا عٖيداً لِاَوَّلِنَا وَاٰخِرِنَا وَاٰيَةً مِنْكَۚ وَارْزُقْنَا وَاَنْتَ خَيْرُ الرَّازِقٖينَ","ayatMealText":{"tr":"Meryemoğlu İsa da: \"Allah'ım, Rabbımız, bizim üzerimize gökten bir sofra indir ki, bizim için, önce ve sonra gelenlerimiz için bir bayram ve senden bir mucize olsun. Bizi rızıklandır, sen rızık verenlerin en hayırlısısın!\" dedi.","nl":"'Isa, zoon van Maryam, zei: \"O Allah, onze Heer, doe een tafel uit de hemel neerdalen opdat er voor de eerste tot en met de laatste van ons een plechtig feest ('Id) is, als een Teken van U. En geeft ons voorziening en U bent de Beste van de Voorzieners.\"","en":"Jesus, son of Mary, prayed, “O Allah, our Lord! Send us from heaven a table spread with food as a feast for us—the first and last of us—and as a sign from You. Provide for us! You are indeed the Best Provider.”"},"surah":{"surahId":5,"name":"Mâide","nameAr":"الْمَائِدَةِ","revelationOrder":112,"verseCount":120,"juzNo":6,"firstPage":106}},{"id":784,"surahId":5,"ayatId":115,"ayatNo":"١١٥","pageNo":127,"ayatText":"قَالَ اللّٰهُ اِنّٖي مُنَزِّلُهَا عَلَيْكُمْۚ فَمَنْ يَكْفُرْ بَعْدُ مِنْكُمْ فَاِنّٖٓي اُعَذِّبُهُ عَذَاباً لَٓا اُعَذِّبُهُٓ اَحَداً مِنَ الْعَالَمٖينَࣖ","ayatMealText":{"tr":"Allah buyurdu ki: \" Ben onu size indireceğim. Fakat bundan sonra içinizden kim inkâr ederse, ben ona âlemlerden hiç kimseye yapmayacağım bir azabı yaparım\".","nl":"Allah zei: \"Ik zal hem tot jullie doen neerdalen, maar wie van jullie daarna ongelovig is: voorwaar, Ik zal hem straffen met een bestraffing waarmee Ik niemand in de werelden gestraft heb.\"","en":"Allah answered, “I am sending it down to you. But whoever among you denies afterwards will be subjected to a torment I have never inflicted on anyone of My creation.”"},"surah":null},{"id":785,"surahId":5,"ayatId":116,"ayatNo":"١١٦","pageNo":127,"ayatText":"وَاِذْ قَالَ اللّٰهُ يَا عٖيسَى ابْنَ مَرْيَمَ ءَاَنْتَ قُلْتَ لِلنَّاسِ اتَّخِذُونٖي وَاُمِّيَ اِلٰهَيْنِ مِنْ دُونِ اللّٰهِؕ قَالَ سُبْحَانَكَ مَا يَكُونُ لٖٓي اَنْ اَقُولَ مَا لَيْسَ لٖي بِحَقٍّؕ اِنْ كُنْتُ قُلْتُهُ فَقَدْ عَلِمْتَهُؕ تَعْلَمُ مَا فٖي نَفْسٖي وَلَٓا اَعْلَمُ مَا فٖي نَفْسِكَؕ اِنَّكَ اَنْتَ عَلَّامُ الْغُيُوبِ","ayatMealText":{"tr":"Ve Allah demişti ki: \"Ey Meryemoğlu İsa, sen mi insanlara: 'Beni ve annemi, Allah'tan başka iki tanrı edinin' dedin?\". \"Hâşâ, dedi, sen yücesin, benim için gerçek olmayan birşeyi söylemem bana yakışmaz. Eğer demiş olsam, sen bunu bilirsin, sen benim nefsimde olanı bilirsin, ben ise senin nefsinde olanı bilmem, çünkü gaybları bilen yalnız sensin, sen!\".","nl":"En toen zei Allah: \"O 'Isa, zoon van Maryam, heb jij tegen de mensen gezegd: \"Neemt mij en mijn moeder tot twee goden naast Allah?\" En hij (Isa) zei: \"Heilig bent U! Nooit zou ik kunnen zeggen waarop ik geen recht beb. Indien ik dat gezegd had, zou U dat zeker geweten hebben. U weet wat er in mijn ziel is, en ik weet niet wat er in Uw Ziel is. Voorwaar, U bent de Kenner van het verborgene.","en":"And ˹on Judgment Day˺ Allah will say, “O Jesus, son of Mary! Did you ever ask the people to worship you and your mother as gods besides Allah?” He will answer, “Glory be to You! How could I ever say what I had no right to say? If I had said such a thing, you would have certainly known it. You know what is ˹hidden˺ within me, but I do not know what is within You. Indeed, You ˹alone˺ are the Knower of all unseen"},"surah":null},{"id":786,"surahId":5,"ayatId":117,"ayatNo":"١١٧","pageNo":127,"ayatText":"مَا قُلْتُ لَهُمْ اِلَّا مَٓا اَمَرْتَنٖي بِهٖٓ اَنِ اعْبُدُوا اللّٰهَ رَبّٖي وَرَبَّكُمْۚ وَكُنْتُ عَلَيْهِمْ شَهٖيداً مَا دُمْتُ فٖيهِمْۚ فَلَمَّا تَوَفَّيْتَنٖي كُنْتَ اَنْتَ الرَّقٖيبَ عَلَيْهِمْؕ وَاَنْتَ عَلٰى كُلِّ شَيْءٍ شَهٖيدٌ","ayatMealText":{"tr":"\"Ben onlara sadece, senin bana emrettiklerini söyledim. Benim ve sizin Rabbınız olan Allah'a kulluk edin, dedim. Aralarında olduğum müddetçe onlara şahit idim, fakat sen beni vefat ettirince onları gözetleyen yalnız sen oldun. Sen herşeyi görensin.","nl":"Ik heb hen niet anders gezegd dan U mij heeft geboden te zeggen: 'Dient Allah, mijn Heer en jullie Heer.' En ik was getuige van hen zolang ik onder hen was, on toen u mij tot U opnam was U de Waker over hen en U bent Getuige van alle zaken.","en":"I never told them anything except what You ordered me to say: “Worship Allah—my Lord and your Lord!” And I was witness over them as long as I remained among them. But when You took me, You were the Witness over them—and You are a Witness over all things"},"surah":null},{"id":787,"surahId":5,"ayatId":118,"ayatNo":"١١٨","pageNo":127,"ayatText":"اِنْ تُعَذِّبْهُمْ فَاِنَّهُمْ عِبَادُكَۚ وَاِنْ تَغْفِرْ لَهُمْ فَاِنَّكَ اَنْتَ الْعَزٖيزُ الْحَكٖيمُ","ayatMealText":{"tr":"\"Eğer onlara azab edersen, onlar senin kullarındır, eğer onları bağışlarsan, şüphesiz sen daima üstünsün, hikmet sahibisin\".","nl":"Indien U hen straft: voorwaar, zij zijn Uw dienaren. En indien U hen vergeeft: dan voorwaar, U bent de Almachtige, de Alwijze.\"","en":"If You punish them, they belong to You after all. But if You forgive them, You are surely the Almighty, All-Wise.”"},"surah":null},{"id":788,"surahId":5,"ayatId":119,"ayatNo":"١١٩","pageNo":127,"ayatText":"قَالَ اللّٰهُ هٰذَا يَوْمُ يَنْفَعُ الصَّادِقٖينَ صِدْقُهُمْؕ لَهُمْ جَنَّاتٌ تَجْرٖي مِنْ تَحْتِهَا الْاَنْهَارُ خَالِدٖينَ فٖيهَٓا اَبَداًؕ رَضِيَ اللّٰهُ عَنْهُمْ وَرَضُوا عَنْهُؕ ذٰلِكَ الْفَوْزُ الْعَظٖيمُ","ayatMealText":{"tr":"Allah buyurdu ki: \"Bu, sadıklara doğruluklarının fayda sağladığı gündür. Onlar için altlarından ırmaklar akan, içinde ebedî kalacakları cennetler vardır\". Allah onlardan razı olmuş, onlar da O'ndan razı olmuşlardır. İşte büyük kurtuluş budur.","nl":"Allah zei: \"Dit is een Dag waarop hun waarachtigheid de waarachtigen zal baten; er zijn voor hen Tuinen (het Paradijs) waar onder door de rivieren stromen, zij zijn eeuwig levenden daarin. Allah is welbehaagd met hen en zij zijn welbehaagd met Hem. Dat is de geweldige overwinning.\"","en":"Allah will declare, “This is the Day when ˹only˺ the faithful will benefit from their faithfulness. Theirs are Gardens under which rivers flow, to stay there for ever and ever. Allah is pleased with them and they are pleased with Him. That is the ultimate triumph.”"},"surah":null},{"id":789,"surahId":5,"ayatId":120,"ayatNo":"١٢٠","pageNo":127,"ayatText":"لِلّٰهِ مُلْكُ السَّمٰوَاتِ وَالْاَرْضِ وَمَا فٖيهِنَّؕ وَهُوَ عَلٰى كُلِّ شَيْءٍ قَدٖيرٌ","ayatMealText":{"tr":"Göklerin, yerin ve bunlarda bulunan herşeyin mülkü Allah'ındır. O herşeye kâdirdir.","nl":"Aan Allah behoort het Koninkrijk van de hemelen en de aarde en wat daarin is. En Hij is Almachtig over alle zaken.","en":"To Allah ˹alone˺ belongs the kingdom of the heavens and the earth and everything within. And He is Most Capable of everything"},"surah":null}]}