{"juzNo":7,"pageNo":135,"arCuzNo":"۷","arPageNo":"۱۳٥","quranAyats":[{"id":849,"surahId":6,"ayatId":60,"ayatNo":"٦٠","pageNo":135,"ayatText":"وَهُوَ الَّذٖي يَتَوَفّٰيكُمْ بِالَّيْلِ وَيَعْلَمُ مَا جَرَحْتُمْ بِالنَّهَارِ ثُمَّ يَبْعَثُكُمْ فٖيهِ لِيُقْضٰٓى اَجَلٌ مُسَمًّىۚ ثُمَّ اِلَيْهِ مَرْجِعُكُمْ ثُمَّ يُنَبِّئُكُمْ بِمَا كُنْتُمْ تَعْمَلُونَࣖ","ayatMealText":{"tr":"Sizi geceleyin ölü gibi uyutan, gündüzün ne yaptıklarınızı bilen, sonra ölüm ânı gelinceye kadar gündüzleri sizi uyandırıp kaldıran O'dur. Sonunda da dönüşünüz ancak O'nadır. Sonra bütün yaptıklarınızı size O haber verecektir.","nl":"Hij is degene die jullie (zielen) in de nacht wegneemt en Hij weet wat jullie gedurendede dag verricht hebben: Hij doet jullie or weer in ontwaken opdat een vastgestelde periode vervuld wordt, daarna is jullie terugkeer tot Hem. Hij zal jullie dan op de hoogte brengen van wat jullie plachten to doen.","en":"He is the One Who calls back your souls by night and knows what you do by day, then revives you daily to complete your appointed term. To Him is your ˹ultimate˺ return, then He will inform you of what you used to do"},"surah":{"surahId":6,"name":"En'âm","nameAr":"الْاَنْعَامِ","revelationOrder":55,"verseCount":165,"juzNo":7,"firstPage":128}},{"id":850,"surahId":6,"ayatId":61,"ayatNo":"٦١","pageNo":135,"ayatText":"وَهُوَ الْقَاهِرُ فَوْقَ عِبَادِهٖ وَيُرْسِلُ عَلَيْكُمْ حَفَظَةًؕ حَتّٰٓى اِذَا جَٓاءَ اَحَدَكُمُ الْمَوْتُ تَوَفَّتْهُ رُسُلُنَا وَهُمْ لَا يُفَرِّطُونَ","ayatMealText":{"tr":"O, kulları üzerinde hükümranlığı sürdürür ve size koruyucular gönderir, sonunda sizden birinize ölüm geldiği vakit elçilerimiz, hiç eksiklik yapmadan, onun canını alırlar.","nl":"En Hij is de Krachtige, boven Zijn dienaren en hij stelt Wakers (Engelen) over jullie aan, zodat als een van jullie de dood bereikt de door ons gezondenen hem (zijn ziel) wegnemen en zij verzuimen niet.","en":"He reigns supreme over all of His creation, and sends recording-angels, watching over you. When death comes to any of you, Our angels take their soul, never neglecting this duty"},"surah":null},{"id":851,"surahId":6,"ayatId":62,"ayatNo":"٦٢","pageNo":135,"ayatText":"ثُمَّ رُدُّٓوا اِلَى اللّٰهِ مَوْلٰيهُمُ الْحَقِّؕ اَلَا لَهُ الْحُكْمُ وَهُوَ اَسْرَعُ الْحَاسِبٖينَ","ayatMealText":{"tr":"Sonra da gerçek Mevlâlarına döndürülürler. Dikkatli olun, hüküm ancak O'nundur ve O, hesap görenlerin en süratlisidir.","nl":"Dan worden zij tot Allah, hun ware Meester, teruggebracht Wed dat het Oordeel aan Hem is en Hij is het snelst van hen die afrekenen.","en":"Then they are ˹all˺ returned to Allah—their True Master. Judgment is His ˹alone˺. And He is the Swiftest Reckoner"},"surah":null},{"id":852,"surahId":6,"ayatId":63,"ayatNo":"٦٣","pageNo":135,"ayatText":"قُلْ مَنْ يُنَجّٖيكُمْ مِنْ ظُلُمَاتِ الْبَرِّ وَالْبَحْرِ تَدْعُونَهُ تَضَرُّعاً وَخُفْيَةًۚ لَئِنْ اَنْجٰينَا مِنْ هٰذِهٖ لَنَكُونَنَّ مِنَ الشَّاكِرٖينَ","ayatMealText":{"tr":"De ki: \"Bizi bu tehlikeden kurtarırsa elbette şükredenlerden olacağız\" diye gizli ve aşikâr O'na yalvarıp dururken, karanın ve denizin karanlıklarından sizi kim kurtarır?","nl":"Zeg (O Moehammad): \"Wie redt jullie uit de duisternissen van het land en de zee terwijl jullie Hem in nederigheid en stilte auroepen: \"Indien Hij ons van deze (gevaren) zou redden, zouden wij zeker tot de dankbaren behoren.\"","en":"Say, ˹O Prophet,˺ “Who rescues you from the darkest times on land and at sea? He ˹alone˺ you call upon with humility, openly and secretly: “If You rescue us from this, we will be ever grateful.”"},"surah":null},{"id":853,"surahId":6,"ayatId":64,"ayatNo":"٦٤","pageNo":135,"ayatText":"قُلِ اللّٰهُ يُنَجّٖيكُمْ مِنْهَا وَمِنْ كُلِّ كَرْبٍ ثُمَّ اَنْتُمْ تُشْرِكُونَ","ayatMealText":{"tr":"De ki: \"Allah, sizi ondan ve bütün sıkıntılardan kurtarır, sonra da siz yine ortak koşarsınız\".","nl":"Zeg: \"Het is Allah Die jullie van deze (gevaren) redt en van alle moeilijkheden en toch kennen jullie deelgenoten toe (aan Allah)?\"","en":"Say, “˹Only˺ Allah rescues you from this and any other distress, yet you associate others with Him ˹in worship˺.”"},"surah":null},{"id":854,"surahId":6,"ayatId":65,"ayatNo":"٦٥","pageNo":135,"ayatText":"قُلْ هُوَ الْقَادِرُ عَلٰٓى اَنْ يَبْعَثَ عَلَيْكُمْ عَذَاباً مِنْ فَوْقِكُمْ اَوْ مِنْ تَحْتِ اَرْجُلِكُمْ اَوْ يَلْبِسَكُمْ شِيَعاً وَيُذٖيقَ بَعْضَكُمْ بَأْسَ بَعْضٍؕ اُنْظُرْ كَيْفَ نُصَرِّفُ الْاٰيَاتِ لَعَلَّهُمْ يَفْقَهُونَ","ayatMealText":{"tr":"De ki: \"O'nun üstünüzden ve ayaklarınızın altından azab göndermeye, yahut sizi fırkalara ayırıp kiminizin kiminize hıncını tattırmaya gücü yeter\". Bak, âyetlerimizi nasıl inceden inceye açıklıyoruz ki, onlar iyice anlasınlar.","nl":"Zeg: \"Hij is de Machthebber Die jullie bestraffingen zendt, van boven jullie vandaan of van onder jullie voeten, of Hij verwart jullie in (verschillende) groeperingen en laat sommigen van jullie de wraak van anderen proeven.\" Zie hoe Wij de Tekenen uitleggen. Hopelijk zullen zij het begrijpen.","en":"Say, “He ˹alone˺ has the power to unleash upon you a torment from above or below you or split you into ˹conflicting˺ factions and make you taste the violence of one another.” See how We vary the signs, so perhaps they will comprehend"},"surah":null},{"id":855,"surahId":6,"ayatId":66,"ayatNo":"٦٦","pageNo":135,"ayatText":"وَكَذَّبَ بِهٖ قَوْمُكَ وَهُوَ الْحَقُّؕ قُلْ لَسْتُ عَلَيْكُمْ بِوَكٖيلٍؕ","ayatMealText":{"tr":"Kavmin o (Kur'ân'ı) yalan saydı, halbuki o gerçektir. De ki: \" Ben sizin vekiliniz değilim\".","nl":"Maar jouw volk loochende ze, hoewel het de Waarheid is. Zeg: \"Ik ben niet als verantwoordelijke over juille aangesteld.\"","en":"Still your people ˹O Prophet˺ have rejected this ˹Quran˺, although it is the truth. Say, “I am not a keeper over you.”"},"surah":null},{"id":856,"surahId":6,"ayatId":67,"ayatNo":"٦٧","pageNo":135,"ayatText":"لِكُلِّ نَبَأٍ۬ مُسْتَقَرٌّؗ وَسَوْفَ تَعْلَمُونَ","ayatMealText":{"tr":"Her haberin kararlaştırılmış bir zamanı vardır, siz de onu yakında bileceksiniz.","nl":"Voor ieder bericht is een bepaalde tijd en jullie zullen het spoedig weten.","en":"Every ˹destined˺ matter has a ˹set˺ time to transpire. And you will soon come to know"},"surah":null},{"id":857,"surahId":6,"ayatId":68,"ayatNo":"٦٨","pageNo":135,"ayatText":"وَاِذَا رَاَيْتَ الَّذٖينَ يَخُوضُونَ فٖٓي اٰيَاتِنَا فَاَعْرِضْ عَنْهُمْ حَتّٰى يَخُوضُوا فٖي حَدٖيثٍ غَيْرِهٖؕ وَاِمَّا يُنْسِيَنَّكَ الشَّيْطَانُ فَلَا تَقْعُدْ بَعْدَ الذِّكْرٰى مَعَ الْقَوْمِ الظَّالِمٖينَ","ayatMealText":{"tr":"Âyetlerimiz hakkında münasebetsizliğe dalanları gördüğün zaman hemen onlardan uzaklaş ki, ondan başka söze dalsınlar. Eğer şeytan bunu sana unutturursa hatırladıktan sonra hemen kalk, o zalimler topluluğuyla oturma.","nl":"En wanneer jij degenen ziet die beledigend spreken over Onze Verzen, wend je dan van hen af, totdat zij over een ander onderwerp spreken. En indien de Satan het jou doet vergeten, zit dan niet, nadat de herinnering (tot jou komt), bij het onrechtvaardige volk.","en":"And when you come across those who ridicule Our revelations, do not sit with them unless they engage in a different topic. Should Satan make you forget, then once you remember, do not ˹continue to˺ sit with the wrongdoing people"},"surah":null}]}