{"juzNo":8,"pageNo":144,"arCuzNo":"۸","arPageNo":"۱٤٤","quranAyats":[{"id":914,"surahId":6,"ayatId":125,"ayatNo":"١٢٥","pageNo":144,"ayatText":"فَمَنْ يُرِدِ اللّٰهُ اَنْ يَهْدِيَهُ يَشْرَحْ صَدْرَهُ لِلْاِسْلَامِۚ وَمَنْ يُرِدْ اَنْ يُضِلَّهُ يَجْعَلْ صَدْرَهُ ضَيِّقاً حَرَجاً كَاَنَّمَا يَصَّعَّدُ فِي السَّمَٓاءِؕ كَذٰلِكَ يَجْعَلُ اللّٰهُ الرِّجْسَ عَلَى الَّذٖينَ لَا يُؤْمِنُونَ","ayatMealText":{"tr":"Allah kimi hidayete erdirmek isterse, onun gönlünü İslâm'a açar. Kimi de saptırmak isterse, sanki göğe yükseliyormuş gibi, göğsünü dar ve sıkıntılı yapar. Allah, inanmayanları işte böyle pislik içinde bırakır.","nl":"En wie wil dat Allah hem leidt, diens borst verruimt Hij voor de Islam; en wie Hij wenst te doen dwalen, diens borst maakt hij nauw en beklemd alsof hij (op een hoge berg) naar de hemel klimt. Zo legt Allah de bestraffing op aan degenen die niet geloven.","en":"Whoever Allah wills to guide, He opens their heart to Islam. But whoever He wills to leave astray, He makes their chest tight and constricted as if they were climbing up into the sky. This is how Allah dooms those who disbelieve"},"surah":{"surahId":6,"name":"En'âm","nameAr":"الْاَنْعَامِ","revelationOrder":55,"verseCount":165,"juzNo":7,"firstPage":128}},{"id":915,"surahId":6,"ayatId":126,"ayatNo":"١٢٦","pageNo":144,"ayatText":"وَهٰذَا صِرَاطُ رَبِّكَ مُسْتَقٖيماًؕ قَدْ فَصَّلْنَا الْاٰيَاتِ لِقَوْمٍ يَذَّكَّرُونَ","ayatMealText":{"tr":"İşte Rabbinin doğru yolu budur. Şüphesiz biz, hatırlayıp ibret alan bir kavim için âyetleri geniş bir şekilde açıkladık.","nl":"En dit is het Pad van jouw Heer, een recht (Pad). Waarlijk, Wij hebben Onze Verzen uiteengezet voor een volk dat zich laat vermanen.","en":"That is your Lord’s Path—perfectly straight. We have already made the signs clear to those who are mindful"},"surah":null},{"id":916,"surahId":6,"ayatId":127,"ayatNo":"١٢٧","pageNo":144,"ayatText":"لَهُمْ دَارُ السَّلَامِ عِنْدَ رَبِّهِمْ وَهُوَ وَلِيُّهُمْ بِمَا كَانُوا يَعْمَلُونَ","ayatMealText":{"tr":"Onlar için Rableri katında selâmet yurdu vardır. Yaptıkları iyi amellerden dolayı, Allah onların dostudur.","nl":"Voor hen is er Dâroessalâm (het Huis van de Vrede, het Paradijs) bij hun Heer. En Hij is hun Beschermer wegens wat zij plachten te doen.","en":"They will have the Home of Peace with their Lord, Who will be their Guardian because of what they used to do"},"surah":null},{"id":917,"surahId":6,"ayatId":128,"ayatNo":"١٢٨","pageNo":144,"ayatText":"وَيَوْمَ يَحْشُرُهُمْ جَمٖيعاًۚ يَا مَعْشَرَ الْجِنِّ قَدِ اسْتَكْثَرْتُمْ مِنَ الْاِنْسِۚ وَقَالَ اَوْلِيَٓاؤُ۬هُمْ مِنَ الْاِنْسِ رَبَّـنَا اسْتَمْتَعَ بَعْضُنَا بِبَعْضٍ وَبَلَغْنَٓا اَجَلَنَا الَّـذٖٓي اَجَّلْتَ لَنَاؕ قَالَ النَّارُ مَثْوٰيكُمْ خَالِدٖينَ فٖيهَٓا اِلَّا مَا شَٓاءَ اللّٰهُؕ اِنَّ رَبَّكَ حَكٖيمٌ عَلٖيمٌ","ayatMealText":{"tr":"(Allah), onların hepsini topladığı gün, cinlere: \"Ey cin topluluğu! İnsanların çoğunu yoldan çıkardınız\" der. İnsanlardan cinlerin dostu olanlar da şöyle derler: \"Rabbimiz! Biz birbirimizden faydalandık. Nihayet bize tayin ettiğin vademize ulaştık\". Allah da: \"Sizin durağınız cehennemdir. Orada, Allah'ın dilemesi müstesna, ebedi olarak kalacaksınız\" der. Şüphesiz Rabbin hikmet sahibidir, her şeyi bilendir.","nl":"En op de Dag waarop Hij allen bijéén zal brengen (zal Hij zeggen:) \"O Bemeenschap van Djinn's, jullie hebben velen van onder de mensen misleid.\" En hun bondgenoten van onder de mensen zullen zeggen: \"Onze Heer, wij hebben van elkaars diensten gebruik gemaakt, en wij hebben de termijn bereikt die U voor ons had gesteld.\" Hij (Allah) zal zeggen: \"De Hel is jullie bestemming, eeuwig levenden zijn jullie daarin, tenzij Allah (anders) wil.\" Voorwaar, jouw geer is Alwijs, Alwetend.","en":"˹Consider˺ the Day He will gather them ˹all˺ together and say, “O assembly of jinn! You misled humans in great numbers.” And their human associates will say, “Our Lord! We benefited from each other’s company, but now we have reached the term which You appointed for us.” ˹Then˺ He will say, “The Fire is your home, yours to stay in forever, except whoever Allah wills to spare.” Surely your Lord is All-Wise, All-Knowing"},"surah":null},{"id":918,"surahId":6,"ayatId":129,"ayatNo":"١٢٩","pageNo":144,"ayatText":"وَكَذٰلِكَ نُوَلّٖي بَعْضَ الظَّالِمٖينَ بَعْضاً بِمَا كَانُوا يَكْسِبُونَࣖ","ayatMealText":{"tr":"İşte biz böylece, kazandıkları günahlardan dolayı zalimlerin bir kısmını, diğer bir kısmına dost yaparız.","nl":"Zo maken Wij de onrechtplegers tot elkaars bondgenoten wegens wat zij plachten te verrichten.","en":"This is how We make the wrongdoers ˹destructive˺ allies of one another because of their misdeeds"},"surah":null},{"id":919,"surahId":6,"ayatId":130,"ayatNo":"١٣٠","pageNo":144,"ayatText":"يَا مَعْشَرَ الْجِنِّ وَالْاِنْسِ اَلَمْ يَأْتِكُمْ رُسُلٌ مِنْكُمْ يَقُصُّونَ عَلَيْكُمْ اٰيَاتٖي وَيُنْذِرُونَكُمْ لِقَٓاءَ يَوْمِكُمْ هٰذَاؕ قَالُوا شَهِدْنَا عَلٰٓى اَنْفُسِنَا وَغَرَّتْهُمُ الْحَيٰوةُ الدُّنْيَا وَشَهِدُوا عَلٰٓى اَنْفُسِهِمْ اَنَّهُمْ كَانُوا كَافِرٖينَ","ayatMealText":{"tr":"(Allah) \"Ey cin ve insan topluluğu! İçinizden size âyetlerimi anlatan ve bugününüze kavuşacağınız hususunda sizi uyaran peygamberler gelmedi mi?\" deyince onlar: \"Kendi aleyhimize şahidiz\" derler. Dünya hayatı onları aldattı ve kendilerinin kâfir olduklarına şahitlik ettiler.","nl":"\"O gemeenschap van djinn's en mensen. zijn er uit jullie midden geen gezanten tot jullie gekomen die jullie Mijn Verzen bekendmaakten en die jullie waarschuwden voor de ontmoeting met deze Dag van jullie?\"' Zij zullen zeggen: \"Wij getuigen tegen onszelf.\" Het wereldse leven heeft hen misleid en zij getuigen tegen zichzelf dat zij ongelovigen plachten te zijn.","en":"˹Allah will ask,˺ “O assembly of jinn and humans! Did messengers not come from among you, proclaiming My revelations and warning you of the coming of this Day of yours?” They will say, “We confess against ourselves!” For they have been deluded by ˹their˺ worldly life. And they will testify against themselves that they were disbelievers"},"surah":null},{"id":920,"surahId":6,"ayatId":131,"ayatNo":"١٣١","pageNo":144,"ayatText":"ذٰلِكَ اَنْ لَمْ يَكُنْ رَبُّكَ مُهْلِكَ الْقُرٰى بِظُلْمٍ وَاَهْلُهَا غَافِلُونَ","ayatMealText":{"tr":"Bu (şundan dolayıdır ki) Rabbin, halkı habersiz iken ülkeleri zulüm ile helak edici değildir.","nl":"Der is omdat jouw Heer nimmer de steden onrechtvaardig vernietigt en de bewoners ervan zijn achtelozen.","en":"This ˹sending of the messengers˺ is because your Lord would never destroy a society for their wrongdoing while its people are unaware ˹of the truth˺"},"surah":null}]}