{"juzNo":8,"pageNo":145,"arCuzNo":"۸","arPageNo":"۱٤٥","quranAyats":[{"id":921,"surahId":6,"ayatId":132,"ayatNo":"١٣٢","pageNo":145,"ayatText":"وَلِكُلٍّ دَرَجَاتٌ مِمَّا عَمِلُواؕ وَمَا رَبُّكَ بِغَافِلٍ عَمَّا يَعْمَلُونَ","ayatMealText":{"tr":"Her birinin yaptıklarına göre dereceleri vardır. Rabbin onların yaptıklarından habersiz değildir.","nl":"En voor een ieder zijn er graden naar wat zij gedaan hebben. En jouw Heer is niet onachtzaam aangaande wat zij deden.","en":"They will each be assigned ranks according to their deeds. And your Lord is not unaware of what they do"},"surah":{"surahId":6,"name":"En'âm","nameAr":"الْاَنْعَامِ","revelationOrder":55,"verseCount":165,"juzNo":7,"firstPage":128}},{"id":922,"surahId":6,"ayatId":133,"ayatNo":"١٣٣","pageNo":145,"ayatText":"وَرَبُّكَ الْغَنِيُّ ذُو الرَّحْمَةِؕ اِنْ يَشَأْ يُذْهِبْكُمْ وَيَسْتَخْلِفْ مِنْ بَعْدِكُمْ مَا يَشَٓاءُ كَمَٓا اَنْشَاَ كُمْ مِنْ ذُرِّيَّةِ قَوْمٍ اٰخَرٖينَؕ","ayatMealText":{"tr":"Rabb'ın, hiçbir şeye muhtaç değildir, merhamet sahibidir. Sizi, başka bir kavmin soyundan getirdiği gibi, dilerse, sizi de yok edip, sizden sonra yerinize dilediğini getirir.","nl":"En jouw Heer is de Behoefteloze, de Bezitter van Barmhartigheid. Als Hij wil, dan vaagt Hij jullie weg en stelt Hij na jullie als opvolgers aan wie Hij wil, zoals Hij jullie heeft voortgebracht uit het nageslacht van een ander volk.","en":"Your Lord is the Self-Sufficient, Full of Mercy. If He wills, He can do away with you and replace you with whoever He wills, just as He produced you from the offspring of other people"},"surah":null},{"id":923,"surahId":6,"ayatId":134,"ayatNo":"١٣٤","pageNo":145,"ayatText":"اِنَّ مَا تُوعَدُونَ لَاٰتٍۙ وَمَٓا اَنْتُمْ بِمُعْجِزٖينَ","ayatMealText":{"tr":"Size vaad edilenler muhakkak gelecektir, siz, onun önüne geçemezsiniz.","nl":"Voorwaar, wat jullie is aangezegd zal zeker komen, en jullie zullen het niet (kunnen) tegenhouden.","en":"Indeed, what you have been promised will certainly come to pass. And you will have no escape"},"surah":null},{"id":924,"surahId":6,"ayatId":135,"ayatNo":"١٣٥","pageNo":145,"ayatText":"قُلْ يَا قَوْمِ اعْمَلُوا عَلٰى مَكَانَتِكُمْ اِنّٖي عَامِلٌۚ فَسَوْفَ تَعْلَمُونَۙ مَنْ تَكُونُ لَهُ عَاقِبَةُ الدَّارِؕ اِنَّهُ لَا يُفْلِحُ الظَّالِمُونَ","ayatMealText":{"tr":"De ki: \"Ey kavmim! Gücünüz yettiğince yapacağınızı yapın, ben de yapıyorum. Yakında (dünya) yurdunun sonunun kimin olduğunu bileceksiniz. Muhakkak zalimler kurtuluşa eremezler\".","nl":"Zeg (O Moehammad): \"O mijn volk, werkt naar jullie vermogen. Voorwaar, ik ben een werker en later zullen jullie weten voor wie de uiteindelijka opbrengst (in het Hiernamaals gunstig) is. Voorwaar, de onrechtplegers zullen niet welslagen.\"","en":"Say, ˹O Prophet,˺ “O my people! Persist in your ways, for I ˹too˺ will persist in mine. You will soon know who will fare best in the end. Indeed, the wrongdoers will never succeed.”"},"surah":null},{"id":925,"surahId":6,"ayatId":136,"ayatNo":"١٣٦","pageNo":145,"ayatText":"وَجَعَلُوا لِلّٰهِ مِمَّا ذَرَاَ مِنَ الْحَرْثِ وَالْاَنْعَامِ نَصٖيباً فَقَالُوا هٰذَا لِلّٰهِ بِزَعْمِهِمْ وَهٰذَا لِشُرَكَٓائِنَاۚ فَمَا كَانَ لِشُرَكَٓائِهِمْ فَلَا يَصِلُ اِلَى اللّٰهِۚ وَمَا كَانَ لِلّٰهِ فَهُوَ يَصِلُ اِلٰى شُرَكَٓائِهِمْؕ سَٓاءَ مَا يَحْكُمُونَ","ayatMealText":{"tr":"Allah'ın yarattığı ekin ve hayvanlardan Allah'a bir hisse ayırmakta ve kendilerince: \"Bu, Allah'a ait; şu da ortaklarımıza ait\" demektedirler. Ortakları için olan hisse Allah'a ulaşmamakta, fakat Allah'a ayrılan hisse ortaklarına ulaşmaktadır. Verdikleri hüküm ne kötüdür.","nl":"En zij hebben Allah een deel toebedacht van wat Hij heeft voortgebracht aan gewassen en vee en zij zeiden: \"Dit is voor Allah,\" volgens hun bewering, \"en dit is voor onze afgoden.\" Wat dan voor hun afgoden is, dat bereikt niet Allah; en wat voor Allah is, dat bereikt wel hun afgoden. Slecht is het wat zij oordelen,","en":"The pagans set aside for Allah a share of the crops and cattle He created, saying, “This ˹portion˺ is for Allah,” so they claim, “and this ˹one˺ for our associate-gods.” Yet the portion of their associate-gods is not shared with Allah while Allah’s portion is shared with their associate-gods. What unfair judgment"},"surah":null},{"id":926,"surahId":6,"ayatId":137,"ayatNo":"١٣٧","pageNo":145,"ayatText":"وَكَذٰلِكَ زَيَّنَ لِكَثٖيرٍ مِنَ الْمُشْرِكٖينَ قَتْلَ اَوْلَادِهِمْ شُرَكَٓاؤُ۬هُمْ لِيُرْدُوهُمْ وَلِيَلْبِسُوا عَلَيْهِمْ دٖينَهُمْؕ وَلَوْ شَٓاءَ اللّٰهُ مَا فَعَلُوهُ فَذَرْهُمْ وَمَا يَفْتَرُونَ","ayatMealText":{"tr":"Yine ortakları, müşriklerden çoğuna evlatlarını öldürmeyi güzel gösterdi ki, hem kendilerini mahvetsinler, hem de dinlerini karıştırıp bozsunlar. Allah dileseydi bunu yapamazlardı. O halde onları, uydurduklarıyla baş başa bırak!","nl":"En zo deden hun leiders het doden van hun kinderen voor velen van de veelgodenaanbidders mooi toeschijnen, om hen te vernietigen en om hun godsdienst (met valsheid) te mengen. En als Allah het gewild had, dan hadden zij het niet gedaan. Laat hen en wat zij verzinnen dus!","en":"Likewise, the pagans’ evil associates have made it appealing to them to kill their own children—only leading to their destruction as well as confusion in their faith. Had it been Allah’s Will, they would not have done such a thing. So leave them and their falsehood"},"surah":null}]}