{"juzNo":8,"pageNo":149,"arCuzNo":"۸","arPageNo":"۱٤۹","quranAyats":[{"id":941,"surahId":6,"ayatId":152,"ayatNo":"١٥٢","pageNo":149,"ayatText":"وَلَا تَقْرَبُوا مَالَ الْيَتٖيمِ اِلَّا بِالَّتٖي هِيَ اَحْسَنُ حَتّٰى يَبْلُغَ اَشُدَّهُۚ وَاَوْفُوا الْكَيْلَ وَالْمٖيزَانَ بِالْقِسْطِۚ لَا نُكَلِّفُ نَفْساً اِلَّا وُسْعَهَا وَاِذَا قُلْتُمْ فَاعْدِلُوا وَلَوْ كَانَ ذَا قُرْبٰىۚ وَبِعَهْدِ اللّٰهِ اَوْفُواؕ ذٰلِكُمْ وَصّٰيكُمْ بِهٖ لَعَلَّكُمْ تَذَكَّرُونَۙ","ayatMealText":{"tr":"Yetimin malına yaklaşmayın; yalnız erginlik çağına erişinceye kadar (malına) en güzel biçimde (yaklaşabilir ve uygun şekilde harcayabilirsiniz). Ölçü ve tartıyı tam adaletle yapın. Biz kimseye gücünün yettiğinden fazlasını teklif etmeyiz. Söylediğiniz zaman da, yakınınız da olsa âdil olun ve Allah'a verdiğiniz sözü tutun. Öğüt alıp düşünesiniz diye Allah bunları size emretmiştir.","nl":"En nadert het bezit van de wees niet, tenzij op ten wijze die meet voordeel (aan de wees) geeft, totdat hij de volwassenheid bereikt. En geeft de volle maat en vult de weegschaal met het gelijke gewicht. Wij (Allah) belasten niemand dan volgens zijn vermogen. En wanneer jullie rechtspreken, weest dan rechtvaardig, ook al betreft het een verwant. En vervult het verbond met Allah. Dat is wat Hij jullie heeft opdragen, hopelijk zullen jullie je laten vermanen.","en":"And do not come near the wealth of the orphan—unless intending to enhance it—until they attain maturity. Give full measure and weigh with justice. We never require of any soul more than what it can afford. Whenever you speak, maintain justice—even regarding a close relative. And fulfil your covenant with Allah. This is what He has commanded you, so perhaps you will be mindful"},"surah":{"surahId":6,"name":"En'âm","nameAr":"الْاَنْعَامِ","revelationOrder":55,"verseCount":165,"juzNo":7,"firstPage":128}},{"id":942,"surahId":6,"ayatId":153,"ayatNo":"١٥٣","pageNo":149,"ayatText":"وَاَنَّ هٰذَا صِرَاطٖي مُسْتَقٖيماً فَاتَّبِعُوهُۚ وَلَا تَتَّبِعُوا السُّبُلَ فَتَفَرَّقَ بِكُمْ عَنْ سَبٖيلِهٖؕ ذٰلِكُمْ وَصّٰيكُمْ بِهٖ لَعَلَّكُمْ تَتَّقُونَ","ayatMealText":{"tr":"İşte benim doğru yolum budur; ona uyun. Sizi O'nun yolundan ayıracak başka yollara uymayın. (Azabından) korunmanız için Allah size böyle tavsiye etmiştir.","nl":"En dat dit Mijn Pad is, een recht Pad, volgt het dan, en volgt geen (andere) paden, want die zullen jullie doen afsplitsen van Zijn Pad. Dat is wat Hij jullie heeft opgedragen, hopelijk zullen jullie (Allah) vrezen.\"","en":"Indeed, that is My Path—perfectly straight. So follow it and do not follow other ways, for they will lead you away from His Way. This is what He has commanded you, so perhaps you will be conscious ˹of Allah˺.”"},"surah":null},{"id":943,"surahId":6,"ayatId":154,"ayatNo":"١٥٤","pageNo":149,"ayatText":"ثُمَّ اٰتَيْنَا مُوسَى الْكِتَابَ تَمَاماً عَلَى الَّـذٖٓي اَحْسَنَ وَتَفْصٖيلاً لِكُلِّ شَيْءٍ وَهُدًى وَرَحْمَةً لَعَلَّهُمْ بِلِقَٓاءِ رَبِّهِمْ يُؤْمِنُونَࣖ","ayatMealText":{"tr":"Sonra iyilik edenlere (nimetimizi) tamamlamak, her şeyi açıklamak ve doğru yola iletici ve rahmet olmak üzere Musa'ya Kitab'ı verdik ki, Rablerinin huzuruna varacaklarına inansınlar.","nl":"Toen pven wij Môesa de Schrift (de Taurât), ter vervolmaking (van de gunst) voor degene die het goede verrichtte en als een uiteenzetting voor alle dingen en leiding en Barmhartigheid. Hopelijk zullen zij in de ontmoeting met hun Heer geloven.","en":"Additionally, We gave Moses the Scripture, completing the favour upon those who do good, detailing everything, and as a guide and a mercy, so perhaps they would be certain of the meeting with their Lord"},"surah":null},{"id":944,"surahId":6,"ayatId":155,"ayatNo":"١٥٥","pageNo":149,"ayatText":"وَهٰذَا كِتَابٌ اَنْزَلْنَاهُ مُبَارَكٌ فَاتَّبِعُوهُ وَاتَّقُوا لَعَلَّكُمْ تُرْحَمُونَۙ","ayatMealText":{"tr":"İşte bu (Kur'ân) da mübarek bir Kitap'tır. Onu biz indirdik. Ona uyun ve Allah'tan korkun ki, size rahmet edilsin.","nl":"En dit is een Boek dat Wij hebben neergezonden als een zegen, volgt het daarom on vreest (Allah), hopelijk zullen jullie begenadigd worden.","en":"This is a blessed Book We have revealed. So follow it and be mindful ˹of Allah˺, so you may be shown mercy"},"surah":null},{"id":945,"surahId":6,"ayatId":156,"ayatNo":"١٥٦","pageNo":149,"ayatText":"اَنْ تَقُولُٓوا اِنَّـمَٓا اُنْزِلَ الْكِتَابُ عَلٰى طَٓائِفَتَيْنِ مِنْ قَبْلِنَاࣕ وَاِنْ كُنَّا عَنْ دِرَاسَتِهِمْ لَغَافِلٖينَۙ","ayatMealText":{"tr":"(Onu size indirdik ki:) \"Kitap, sadece bizden önceki iki topluluğa (yahudi ve hıristiyanlara) indirildi; biz ise, onların okumasından habersizdik (o kitapları okuyamıyor ve dillerini anlayamıyorduk)\" demeyesiniz.","nl":"Opdat zij geen argument zullen hebben om te zeggen: \"De Schrift is slechts neergezonden aan de twee groepen (de Joden en Christenen) vóór ons, en wij hebben zeker geen acht geslagen op hun leringen.\"","en":"You ˹pagans˺ can no longer say, “Scriptures were only revealed to two groups before us and we were unaware of their teachings.”"},"surah":null},{"id":946,"surahId":6,"ayatId":157,"ayatNo":"١٥٧","pageNo":149,"ayatText":"اَوْ تَقُولُوا لَوْ اَنَّٓا اُنْزِلَ عَلَيْنَا الْكِتَابُ لَكُنَّٓا اَهْدٰى مِنْهُمْۚ فَقَدْ جَٓاءَكُمْ بَيِّنَةٌ مِنْ رَبِّكُمْ وَهُدًى وَرَحْمَةٌۚ فَمَنْ اَظْلَمُ مِمَّنْ كَذَّبَ بِاٰيَاتِ اللّٰهِ وَصَدَفَ عَنْهَاؕ سَنَجْزِي الَّذٖينَ يَصْدِفُونَ عَنْ اٰيَاتِنَا سُٓوءَ الْعَذَابِ بِمَا كَانُوا يَصْدِفُونَ","ayatMealText":{"tr":"Yahut: \"Eğer bize kitap indirilseydi, biz onlardan daha çok doğru yolda olurduk\", demeyesiniz. İşte size de Rabbinizden açık delil, hidayet ve rahmet geldi. Allah'ın âyetlerini yalanlayıp, onlardan yüz çevirenden daha zalim kim olabilir? Âyetlerimizden yüz çevirenleri, yüz çevirmeleri sebebiyle azabın en kötüsüyle cezalandıracağız.","nl":"Of dat zij zeggen: \"Als de Schrift aan ons was neergezonden, dan zouden wij zeker rechter geleid zijn dan zij.\" En nu is er dan voorzeker een duidelijk bewijs van jullee Heer tot jullie gekomen, en leiding en Barmhartightid. En wie is er onrechtvaardiger dan wie de Verzen van Allah loochent en zich ervan ofkeert. Wij zullen degenen die zich van Onze Verzen afkeerden vergelden met de ergste bestraffing omdat zij zich plachten af to keren.","en":"Nor can you say, “If only the Scriptures had been revealed to us, we would have been better guided than they.” Now there has come to you from your Lord a clear proof—a guide and mercy. Who then does more wrong than those who deny Allah’s revelations and turn away from them? We will reward those who turn away from Our revelations with a dreadful punishment for turning away"},"surah":null}]}