{"juzNo":8,"pageNo":151,"arCuzNo":"۸","arPageNo":"۱٥۱","quranAyats":[{"id":955,"surahId":7,"ayatId":1,"ayatNo":"١","pageNo":151,"ayatText":"الٓمٓصٓؕ","ayatMealText":{"tr":"Elif, lâm, mîm, sâd.","nl":"Alif Lâm Mîm Shâd.","en":"Alif-Lãm-Mĩm-Ṣãd"},"surah":{"surahId":7,"name":"A'râf","nameAr":"الْاَعْرَافِ","revelationOrder":39,"verseCount":206,"juzNo":8,"firstPage":151}},{"id":956,"surahId":7,"ayatId":2,"ayatNo":"٢","pageNo":151,"ayatText":"كِتَابٌ اُنْزِلَ اِلَيْكَ فَلَا يَكُنْ فٖي صَدْرِكَ حَرَجٌ مِنْهُ لِتُنْذِرَ بِهٖ وَذِكْرٰى لِلْمُؤْمِنٖينَ","ayatMealText":{"tr":"(Bu,) sana indirilen bir Kitab'tır. Onunla (insanları) uyarman ve inananlara öğüt (vermen) hususunda göğsünde bir sıkıntı olmasın.","nl":"(Dit is) een Boek dat aan jou (Moehammad) neergezonden is, laat er daarom geen bedruktheid in jouw borst zijn vanwege deze (Koran). (Hij is neergezonden) om ermee te waarschuwen, en is een vemaning voor de gelovigen.","en":"˹This is˺ a Book sent down to you ˹O Prophet˺—do not let anxiety into your heart regarding it—so with it you may warn ˹the disbelievers˺, and as a reminder to the believers"},"surah":null},{"id":957,"surahId":7,"ayatId":3,"ayatNo":"٣","pageNo":151,"ayatText":"اِتَّبِعُوا مَٓا اُنْزِلَ اِلَيْكُمْ مِنْ رَبِّكُمْ وَلَا تَتَّبِعُوا مِنْ دُونِهٖٓ اَوْلِيَٓاءَؕ قَلٖيلاً مَا تَذَكَّرُونَ","ayatMealText":{"tr":"(Ey insanlar) Rabbinizden, size indirilene uyun ve O'ndan başka dostlara uymayın. Ne kadar da az öğüt alıyorsunuz!","nl":"Volgt dan hetgeen aan jullie is neergezonden van jullie Heer en volgt buiten Hem geen leiders. Weinig is het dat jullie je laten vermanen.","en":"Follow what has been sent down to you from your Lord, and do not take others as guardians besides Him. How seldom are you mindful"},"surah":null},{"id":958,"surahId":7,"ayatId":4,"ayatNo":"٤","pageNo":151,"ayatText":"وَكَمْ مِنْ قَرْيَةٍ اَهْلَكْنَاهَا فَجَٓاءَهَا بَأْسُنَا بَيَاتاً اَوْ هُمْ قَٓائِلُونَ","ayatMealText":{"tr":"Nice kentler helak ettik. Gece yatarlarken, yahut gündüz uyurlarken, azabımız onlara geliverdi.","nl":"En hoeveel steden hebben Wij niet vernietigd: Onze bestrafring kwam tot hen in de nacht of terwijl zij in de middag rustten.","en":"˹Imagine˺ how many societies We have destroyed! Our torment took them by surprise ˹while sleeping˺ at night or midday"},"surah":null},{"id":959,"surahId":7,"ayatId":5,"ayatNo":"٥","pageNo":151,"ayatText":"فَمَا كَانَ دَعْوٰيهُمْ اِذْ جَٓاءَهُمْ بَأْسُنَٓا اِلَّٓا اَنْ قَالُٓوا اِنَّا كُنَّا ظَالِمٖينَ","ayatMealText":{"tr":"Azabımız onlara geldiğinde \"Biz gerçekten zalimlermişiz!\" demelerinden başka yalvarışları kalmadı.","nl":"En hun smeekbede, toen Onze bestraffing tot hen kwam, was slechts dat zij zeiden: \"Voorwaar, wij waren onrechtplegers.\"","en":"Their only cry—when overwhelmed by Our torment—was, “We have indeed been wrongdoers.”"},"surah":null},{"id":960,"surahId":7,"ayatId":6,"ayatNo":"٦","pageNo":151,"ayatText":"فَلَنَسْـَٔلَنَّ الَّذٖينَ اُرْسِلَ اِلَيْهِمْ وَلَنَسْـَٔلَنَّ الْمُرْسَلٖينَۙ","ayatMealText":{"tr":"Kendilerine elçi gönderilmiş olanlara da soracağız, gönderilen elçilere de soracağız.","nl":"Wij zullen zeker degenen aan wie (Profeten) gezonden waren ondervragen, en Wij zullen zeker de gczondenen vragen.","en":"We will surely question those who received messengers and We will question the messengers ˹themselves˺"},"surah":null},{"id":961,"surahId":7,"ayatId":7,"ayatNo":"٧","pageNo":151,"ayatText":"فَلَنَقُصَّنَّ عَلَيْهِمْ بِعِلْمٍ وَمَا كُنَّا غَٓائِبٖينَ","ayatMealText":{"tr":"Ve elbette onlara, olanbiten herşeyi bir bilgi ile anlatacağız; çünkü biz onlardan uzak değiliz.","nl":"Wij zullen hun dan vertellen (wat zij hebben verricht), met kennis, en Wij waren niet afwezig.","en":"Then We will give them a full account with sure knowledge—for We were never absent"},"surah":null},{"id":962,"surahId":7,"ayatId":8,"ayatNo":"٨","pageNo":151,"ayatText":"وَالْوَزْنُ يَوْمَئِذٍۨ الْحَقُّۚ فَمَنْ ثَقُلَتْ مَوَازٖينُهُ فَاُو۬لٰٓئِكَ هُمُ الْمُفْلِحُونَ","ayatMealText":{"tr":"O gün (amelleri tartacak) terazi haktır. Kimin (sevap) tartıları ağır gelirse, işte onlar kurtulanlardır.","nl":"Op die Dag zal de weegschaal de Waarheid aangeven. Wiens schaal (met goede daden) dan zwaar is: zij zijn degenen die welslagen.","en":"The weighing on that Day will be just. As for those whose scale will be heavy ˹with good deeds˺, ˹only˺ they will be successful"},"surah":null},{"id":963,"surahId":7,"ayatId":9,"ayatNo":"٩","pageNo":151,"ayatText":"وَمَنْ خَفَّتْ مَوَازٖينُهُ فَاُو۬لٰٓئِكَ الَّذٖينَ خَسِرُٓوا اَنْفُسَهُمْ بِمَا كَانُوا بِاٰيَاتِنَا يَظْلِمُونَ","ayatMealText":{"tr":"Kimin (sevap) tartıları hafif gelirse, işte onlar da âyetlerimize haksızlık etmelerinden ötürü kendilerini ziyana sokanlardır.","nl":"En wiens schaal licht is: zij zijn degenen die zichzelf verlies hebben toegebracht omdat zij Onze Verzen plachten te ontkennen.","en":"But those whose scale is light, they have doomed themselves for wrongfully denying Our signs"},"surah":null},{"id":964,"surahId":7,"ayatId":10,"ayatNo":"١٠","pageNo":151,"ayatText":"وَلَقَدْ مَكَّنَّاكُمْ فِي الْاَرْضِ وَجَعَلْنَا لَكُمْ فٖيهَا مَعَايِشَؕ قَلٖيلاً مَا تَشْكُرُونَࣖ","ayatMealText":{"tr":"Doğrusu Biz sizi yeryüzünde, yerleştirdik, orada size geçimlikler verdik; ne kadar da az şükrediyorsunuz!","nl":"En voorzeker hebben Wij jullie macht gegeven op aarde en Wij hebben op haar voor jullie levensvoorzieningen geplaatst. Weinig is het dat jullie dankbaar zijn.","en":"We have indeed established you on earth and provided you with a means of livelihood. ˹Yet˺ you seldom give any thanks"},"surah":null},{"id":965,"surahId":7,"ayatId":11,"ayatNo":"١١","pageNo":151,"ayatText":"وَلَقَدْ خَلَقْنَاكُمْ ثُمَّ صَوَّرْنَاكُمْ ثُمَّ قُلْنَا لِلْمَلٰٓئِكَةِ اسْجُدُوا لِاٰدَمَࣗ فَسَجَدُٓوا اِلَّٓا اِبْلٖيسَؕ لَمْ يَكُنْ مِنَ السَّاجِدٖينَ","ayatMealText":{"tr":"Sizi yarattık, sonra size biçim verdik, sonra da meleklere: \"Âdem'e secde edin\" dedik; hepsi secde ettiler, yalnız İblis, secde edenlerden olmadı.","nl":"En voorzeker, Wij hebben jullie geschapen, vervolgens hebben Wij jullie vormgegeven en daarna zeiden Wij tot de Engelen: \"Knielt jullie neer voor Adam,\" toen knielden zij, behalve Iblis, hij behoorde niet tot de knielenden.","en":"Surely We created you, then shaped you, then said to the angels, “Prostrate before Adam,” so they all did—but not Iblîs, who refused to prostrate with the others"},"surah":null}]}