{"juzNo":8,"pageNo":152,"arCuzNo":"۸","arPageNo":"۱٥۲","quranAyats":[{"id":966,"surahId":7,"ayatId":12,"ayatNo":"١٢","pageNo":152,"ayatText":"قَالَ مَا مَنَعَكَ اَلَّا تَسْجُدَ اِذْ اَمَرْتُكَؕ قَالَ اَنَا۬ خَيْرٌ مِنْهُۚ خَلَقْتَنٖي مِنْ نَارٍ وَخَلَقْتَهُ مِنْ طٖينٍ","ayatMealText":{"tr":"(Allah) buyurdu: \"Sana emrettiğim zaman, seni secde etmekten alıkoyan nedir?\" (İblis): \"Ben, dedi, ondan hayırlıyım; beni ateşten yarattın, onu çamurdan yarattın.\"","nl":"Hij (Allah) vroeg: \"Wat belemmerde jou je neer te knielen, toen Ik het jou beval?\" Hij zei: \"Ik ben beter dan hem (Adam); U hebt mij uit vuur geschapen terwijl U hem uit aarde hebt geschapen.\"","en":"Allah asked, “What prevented you from prostrating when I commanded you?” He replied, “I am better than he is: You created me from fire and him from clay.”"},"surah":{"surahId":7,"name":"A'râf","nameAr":"الْاَعْرَافِ","revelationOrder":39,"verseCount":206,"juzNo":8,"firstPage":151}},{"id":967,"surahId":7,"ayatId":13,"ayatNo":"١٣","pageNo":152,"ayatText":"قَالَ فَاهْبِطْ مِنْهَا فَمَا يَكُونُ لَكَ اَنْ تَتَكَبَّرَ فٖيهَا فَاخْرُجْ اِنَّكَ مِنَ الصَّاغِرٖينَ","ayatMealText":{"tr":"(Allah) buyurdu: \"Öyleyse oradan in, orada büyüklük taslamak senin haddin değildir. Çık, çünkü sen aşağılıklardansın.\"","nl":"Hij (Allah) zei: \"Daal af uit het (Paradijs), want het past jou niet dat jij je er hoogmoedig in gedraagt. vertrek daaroum. Voorwaar, jij behoort tot de vernederden.\"","en":"Allah said, “Then get down from Paradise! It is not for you to be arrogant here. So get out! You are truly one of the disgraced.”"},"surah":null},{"id":968,"surahId":7,"ayatId":14,"ayatNo":"١٤","pageNo":152,"ayatText":"قَالَ اَنْظِرْنٖٓي اِلٰى يَوْمِ يُبْعَثُونَ","ayatMealText":{"tr":"(İblis) dedi: (Bari) bana (insanların) tekrar diriltilecekleri güne kadar süre ver.\"","nl":"Hij zei:\"Geef mij uitstel tot de Dag waarop zij opgewekt zullen worden.\"","en":"He appealed, “Then delay my end until the Day of their resurrection.”"},"surah":null},{"id":969,"surahId":7,"ayatId":15,"ayatNo":"١٥","pageNo":152,"ayatText":"قَالَ اِنَّكَ مِنَ الْمُنْظَرٖينَ","ayatMealText":{"tr":"(Allah) buyurdu: \"Haydi sen süre verilmişlerdensin.\"","nl":"Hij (Allah) zei: \"Voorwaar, jij behoort tot hen aan wie uitstel is gegeven.\"","en":"Allah said, “You are delayed ˹until the appointed Day˺.”"},"surah":null},{"id":970,"surahId":7,"ayatId":16,"ayatNo":"١٦","pageNo":152,"ayatText":"قَالَ فَبِمَٓا اَغْوَيْتَنٖي لَاَقْعُدَنَّ لَهُمْ صِرَاطَكَ الْمُسْتَقٖيمَۙ","ayatMealText":{"tr":"\"Öyleyse, dedi, beni azdırmana karşılık, and içerim ki, ben de onlar(ı saptırmak) için senin doğru yolunun üstüne oturacağım.\"","nl":"Hij (Iblis) zei: \"Omdat U mij hebt doen dwalen, zal ik hen belemmeren op Uw recht Pad.","en":"He said, “For leaving me to stray I will lie in ambush for them on Your Straight Path"},"surah":null},{"id":971,"surahId":7,"ayatId":17,"ayatNo":"١٧","pageNo":152,"ayatText":"ثُمَّ لَاٰتِيَنَّهُمْ مِنْ بَيْنِ اَيْدٖيهِمْ وَمِنْ خَلْفِهِمْ وَعَنْ اَيْمَانِهِمْ وَعَنْ شَمَٓائِلِهِمْؕ وَلَا تَجِدُ اَ كْثَرَهُمْ شَاكِرٖينَ","ayatMealText":{"tr":"\"Sonra (onların) önlerinden arkalarından, sağlarından sollarından onlara sokulacağım ve sen, çoklarını şükredenlerden, bulmayacaksın.\"","nl":"Daarna zal ik zeker tot hen komen, van voor hen en ven achter hen en van hun rechterzijde en van hun linkerzijde, en U zult de meesten van hen niet als dankbaren aantreffen.\"","en":"I will approach them from their front, their back, their right, their left, and then You will find most of them ungrateful.”"},"surah":null},{"id":972,"surahId":7,"ayatId":18,"ayatNo":"١٨","pageNo":152,"ayatText":"قَالَ اخْرُجْ مِنْهَا مَذْؤُ۫ماً مَدْحُوراًؕ لَمَنْ تَبِعَكَ مِنْهُمْ لَاَمْلَـَٔنَّ جَهَنَّمَ مِنْكُمْ اَجْمَعٖينَ","ayatMealText":{"tr":"(Allah) buyurdu: \"Haydi, sen, yerilmiş ve kovulmuş olarak oradan çık. And olsun ki, onlardan sana kim uyarsa, (bilin ki) sizin hepinizden (derleyip) cehennemi dolduracağım.\"","nl":"Hij (Allah) zei: 'Ga er uit weg, veracht en verstoten. Wie van hen jou dan volgt: voorwaar, Ik zal de hel vullen met jullie allen.\"","en":"Allah said, “Get out of Paradise! You are disgraced and rejected! I will certainly fill up Hell with you and your followers all together.”"},"surah":null},{"id":973,"surahId":7,"ayatId":19,"ayatNo":"١٩","pageNo":152,"ayatText":"وَيَٓا اٰدَمُ اسْكُنْ اَنْتَ وَزَوْجُكَ الْجَنَّةَ فَكُلَا مِنْ حَيْثُ شِئْتُمَا وَلَا تَقْرَبَا هٰذِهِ الشَّجَرَةَ فَتَكُونَا مِنَ الظَّالِمٖينَ","ayatMealText":{"tr":"(Sonra Allah, Âdem'e hitab etti): \"Ey Âdem! Sen ve eşin cennette durun, dilediğiniz yerden yeyin; fakat şu ağaca yaklaşmayın, yoksa zalimlerden olursunuz.\"","nl":"En: \"O Adam, verblijft in het Paradijs, jij en je vrouw, en eet wat jullie willen, en nadert deze boom niet, want dan zullen jullie tot de onrechtplegers behoren.\"","en":"˹Allah said,˺ “O Adam! Live with your wife in Paradise and eat from wherever you please, but do not approach this tree, or else you will be wrongdoers.”"},"surah":null},{"id":974,"surahId":7,"ayatId":20,"ayatNo":"٢٠","pageNo":152,"ayatText":"فَوَسْوَسَ لَهُمَا الشَّيْطَانُ لِيُبْدِيَ لَهُمَا مَا وُ۫رِيَ عَنْهُمَا مِنْ سَوْاٰتِهِمَا وَقَالَ مَا نَهٰيكُمَا رَبُّكُمَا عَنْ هٰذِهِ الشَّجَرَةِ اِلَّٓا اَنْ تَكُونَا مَلَكَيْنِ اَوْ تَكُونَا مِنَ الْخَالِدٖينَ","ayatMealText":{"tr":"Derken onların, kendilerinden gizli kalan çirkin yerlerini kendilerine göstermek için onlara fısıldadı: \"Rabbiniz, başka bir sebepten dolayı değil, sırf ikiniz de birer melek ya da ebedî kalıcılardan olursunuz diye sizi şu ağaçtan men etti.\" dedi.","nl":"Toen fluisterde de Satan hen in om te onthullen wat er van hun schaamte bedekt was, en hij zei: \"Jullie Heer houdt jullie slechts van deze boom af omdat jullie anders Engelen worden, of dat jullie tot de eeuwiglevenden zullen behoren.\"","en":"Then Satan tempted them in order to expose what was hidden of their nakedness. He said, “Your Lord has forbidden this tree to you only to prevent you from becoming angels or immortals.”"},"surah":null},{"id":975,"surahId":7,"ayatId":21,"ayatNo":"٢١","pageNo":152,"ayatText":"وَقَاسَمَهُمَٓا اِنّٖي لَكُمَا لَمِنَ النَّاصِحٖينَۙ","ayatMealText":{"tr":"Ve onlara: \"Elbette ben size öğüt verenlerdenim.\" diye de yemin etti.","nl":"En hij bezwoer hun: \"Voorwaar, ik behoor voor jullie zeker tot raadgevers,\"","en":"And he swore to them, “I am truly your sincere advisor.”"},"surah":null},{"id":976,"surahId":7,"ayatId":22,"ayatNo":"٢٢","pageNo":152,"ayatText":"فَدَلّٰيهُمَا بِغُرُورٍۚ فَلَمَّا ذَاقَا الشَّجَرَةَ بَدَتْ لَهُمَا سَوْاٰتُهُمَا وَطَفِقَا يَخْصِفَانِ عَلَيْهِمَا مِنْ وَرَقِ الْجَنَّةِؕ وَنَادٰيهُمَا رَبُّهُمَٓا اَلَمْ اَنْهَكُمَا عَنْ تِلْكُمَا الشَّجَرَةِ وَاَقُلْ لَكُمَٓا اِنَّ الشَّيْطَانَ لَكُمَا عَدُوٌّ مُبٖينٌ","ayatMealText":{"tr":"Böylece onları aldatarak aşağı sarkıttı (önceki mevkilerinden indirdi). Ağacı(n meyvesini) tadınca, çirkin yerleri kendilerine göründü ve cennet yapraklarını üst üste yamayıp üzerlerini örtmeğe başladılar. Rableri onlara seslendi: \"Ben sizi o ağaçtan men etmedim mi ve şeytan size apaçık düşmandır, demedim mi?\"","nl":"Waarlijk, hij bedroog hen door misleiding, Toen zij dan van (de vruchten van) de boom hadden geproefd, werd hun schaamte zichtbaar en zij begonnen zich to bedekken met aaneenge-regen bladeren van het Paradijs. En hun Heer riep tot hen: \"Heb ik jullie deze boom van jullie niet verboden en heb Ik niet tot jullie gezegd: \"Voorwaar, de Satan is voor jullie een duidelijke vijand?\"","en":"So he brought about their fall through deception. And when they tasted of the tree, their nakedness was exposed to them, prompting them to cover themselves with leaves from Paradise. Then their Lord called out to them, “Did I not forbid you from that tree and ˹did I not˺ tell you that Satan is your sworn enemy?”"},"surah":null}]}