{"juzNo":8,"pageNo":156,"arCuzNo":"۸","arPageNo":"۱٥٦","quranAyats":[{"id":998,"surahId":7,"ayatId":44,"ayatNo":"٤٤","pageNo":156,"ayatText":"وَنَادٰٓى اَصْحَابُ الْجَنَّةِ اَصْحَابَ النَّارِ اَنْ قَدْ وَجَدْنَا مَا وَعَدَنَا رَبُّنَا حَقاًّ فَهَلْ وَجَدْتُمْ مَا وَعَدَ رَبُّكُمْ حَقاًّؕ قَالُوا نَعَمْۚ فَاَذَّنَ مُؤَذِّنٌ بَيْنَهُمْ اَنْ لَعْنَةُ اللّٰهِ عَلَى الظَّالِمٖينَۙ","ayatMealText":{"tr":"Cennet ehli, cehennem ehline: \"Rabbimizin bize vaad ettiğini gerçek bulduk. Siz de Rabbinizin size vaad ettiğini gerçek buldunuz mu?\" diye seslenirler. Onlar da \"evet\" derler. Bunun üzerine aralarında bir çağırıcı şöyle seslenir: \"Allah'ın laneti zalimler üzerine olsun!","nl":"En de bewoners van het Paradijs roepen tot de bewoners van de Hel: \"Wij hebben waarlijk aangetroffen wat onze Heer ons heeft beloofd, hebben jullie dan ook werkelijk aaagetroffen wat jullie Heer jullie heeft aangezegd?\" Zij zeiden: \"Ja\". Dan verkondigt een omroeper onder hen dat de vloek van Allah op de onrechtplegers rust.","en":"The residents of Paradise will call out to the residents of the Fire, “We have certainly found our Lord’s promise to be true. Have you too found your Lord’s promise to be true?” They will reply, “Yes, we have!” Then a caller will announce to both, “May Allah’s condemnation be upon the wrongdoers"},"surah":{"surahId":7,"name":"A'râf","nameAr":"الْاَعْرَافِ","revelationOrder":39,"verseCount":206,"juzNo":8,"firstPage":151}},{"id":999,"surahId":7,"ayatId":45,"ayatNo":"٤٥","pageNo":156,"ayatText":"اَلَّذٖينَ يَصُدُّونَ عَنْ سَبٖيلِ اللّٰهِ وَيَبْغُونَهَا عِوَجاًۚ وَهُمْ بِالْاٰخِرَةِ كَافِرُونَؕ","ayatMealText":{"tr":"Onlar, Allah'ın yolundan men ederler ve onu eğriltmek isterler, ahireti de inkâr ederlerdi\".","nl":"Degenen die (de mensen) afhouden van de Weg van Allah en die wensen dat hij krom was. En zij geloven niet in het Hiernamaals.","en":"those who hindered ˹others˺ from Allah’s Way, strived to make it ˹appear˺ crooked, and disbelieved in the Hereafter.”"},"surah":null},{"id":1000,"surahId":7,"ayatId":46,"ayatNo":"٤٦","pageNo":156,"ayatText":"وَبَيْنَهُمَا حِجَابٌۚ وَعَلَى الْاَعْرَافِ رِجَالٌ يَعْرِفُونَ كُلاًّ بِسٖيمٰيهُمْۚ وَنَادَوْا اَصْحَابَ الْجَنَّةِ اَنْ سَلَامٌ عَلَيْكُمْ لَمْ يَدْخُلُوهَا وَهُمْ يَطْمَعُونَ","ayatMealText":{"tr":"Cennetliklerle cehennemlikler arasında bir perde vardır. A'raf üzerinde de, her iki taraftakileri simalarından tanıyan kişiler vardır. Bunlar cennetliklere: \"selâm olsun size\" diye seslenirler. Bunlar henüz cennete girmemiş, fakat girmeyi arzu eden kimselerdir.","nl":"En tussen hen is een afscheiding en op de A'raf bevinden zich mannen, zij kennen allen door hun kenmerken; zij roepen tot de bowoners van het Paradijs: Salamoen 'alaikoem.\" (Vrede zij met jullie) Zij zijn haar nog niet binnengegaan terwijl zij (dat) begeren.","en":"There will be a barrier between Paradise and Hell. And on the heights ˹of that barrier˺ will be people who will recognize ˹the residents of˺ both by their appearance. They will call out to the residents of Paradise, “Peace be upon you!” They will have not yet entered Paradise, but eagerly hope to"},"surah":null},{"id":1001,"surahId":7,"ayatId":47,"ayatNo":"٤٧","pageNo":156,"ayatText":"وَاِذَا صُرِفَتْ اَبْصَارُهُمْ تِلْقَٓاءَ اَصْحَابِ النَّارِۙ قَالُوا رَبَّـنَا لَا تَجْعَلْنَا مَعَ الْقَوْمِ الظَّالِمٖينَࣖ","ayatMealText":{"tr":"Gözleri cehennemlikler tarafına çevrilince de: \"Rabbimiz! Bizi zalim toplulukla beraber eyleme!\" derler.","nl":"En wanneer zij hun blikken in de richting van de bewoners ven de Hel wenden, dan zeggen zij: \"Onze Heer, plaats ons niet bij het onrechtplegende volk.\"","en":"When their eyes will turn towards the residents of Hell, they will pray, “Our Lord! Do not join us with the wrongdoing people.”"},"surah":null},{"id":1002,"surahId":7,"ayatId":48,"ayatNo":"٤٨","pageNo":156,"ayatText":"وَنَادٰٓى اَصْحَابُ الْاَعْرَافِ رِجَالاً يَعْرِفُونَهُمْ بِسٖيمٰيهُمْ قَالُوا مَٓا اَغْنٰى عَنْكُمْ جَمْعُكُمْ وَمَا كُنْتُمْ تَسْتَكْبِرُونَ","ayatMealText":{"tr":"A'raftakiler yüzlerinden tanıdıkları kişilere seslenerek şöyle derler: \"Ne topluluğunuz, ne de büyüklük taslamanız, size hiç bir yarar sağlamadı\".","nl":"En zij die zich op de A'râf bevinden, roepen tot mannen die zij bij hun kenmerken kennen, zij zeggen: \"Jullie vergaren baat jullie niet, noch hetgeen waarop jullie trots plachten te zijn.\"","en":"Those on the heights will call out to some ˹tyrants in the Fire˺, who they will recognize by their appearance, saying, “Your large numbers and arrogance are of no use ˹today˺"},"surah":null},{"id":1003,"surahId":7,"ayatId":49,"ayatNo":"٤٩","pageNo":156,"ayatText":"اَهٰٓؤُ۬لَٓاءِ الَّذٖينَ اَقْسَمْتُمْ لَا يَنَالُهُمُ اللّٰهُ بِرَحْمَةٍؕ اُدْخُلُوا الْجَنَّةَ لَا خَوْفٌ عَلَيْكُمْ وَلَٓا اَنْتُمْ تَحْزَنُونَ","ayatMealText":{"tr":"\"Allah onları hiç bir rahmete erdirmiyecek, diye yemin ettiğiniz kimseler bunlar mıydı?\" (Cennetliklere dönerek): \"Girin cennete, artık size ne korku vardır, ne de siz üzüleceksiniz\" derler.","nl":"(Zij dit op de A'râf zitten zeggen:) \"Zijn dezen (de gelovigen) degenen waarvan jullie hebben gezworen dat Allah hen niet met Barmhartigheid zou bereiken?\" (Tot de gelovigen zal worden gezegd:) \"Gaat het Paradijs binnen, er zal geen vrees over jullie komen, noch zullen jullie treuren.\"","en":"Are these ˹humble believers˺ the ones you swore would never be shown Allah’s mercy?” ˹Finally, those on the heights will be told:˺ “Enter Paradise! There will be no fear for you, nor will you grieve.”"},"surah":null},{"id":1004,"surahId":7,"ayatId":50,"ayatNo":"٥٠","pageNo":156,"ayatText":"وَنَادٰٓى اَصْحَابُ النَّارِ اَصْحَابَ الْجَنَّةِ اَنْ اَفٖيضُوا عَلَيْنَا مِنَ الْمَٓاءِ اَوْ مِمَّا رَزَقَكُمُ اللّٰهُؕ قَالُٓوا اِنَّ اللّٰهَ حَرَّمَهُمَا عَلَى الْكَافِرٖينَۙ","ayatMealText":{"tr":"Cehennemdekiler, cennettekilere: \"Bize biraz su akıtın veya Allah'ın size verdiği rızıktan bize de verin.\" diye seslenirler. Cennettekiler de: \"Allah, bunların ikisini de kâfirlere haram kıldı.\" derler.","nl":"En de bewoners van de Hel roepen tot de bewoners van het Paradijs: \"Stort over ons uit water, of van dat waar Allah jullie mee voorzien heeft.\" Zij zeggen: \"Voorwaar, Allah heeft dit verboden voot de ongelovigen.\"","en":"The residents of the Fire will then cry out to the residents of Paradise, “Aid us with some water or any provision Allah has granted you.” They will reply, “Allah has forbidden both to the disbelievers"},"surah":null},{"id":1005,"surahId":7,"ayatId":51,"ayatNo":"٥١","pageNo":156,"ayatText":"اَلَّذٖينَ اتَّخَذُوا دٖينَهُمْ لَهْواً وَلَعِباً وَغَرَّتْهُمُ الْحَيٰوةُ الدُّنْيَاۚ فَالْيَوْمَ نَنْسٰيهُمْ كَمَا نَسُوا لِقَٓاءَ يَوْمِهِمْ هٰذَاۙ وَمَا كَانُوا بِاٰيَاتِنَا يَجْحَدُونَ","ayatMealText":{"tr":"Onlar ki, dinlerini bir eğlence ve oyun yerine koydular ve dünya hayatı kendilerini aldattı. Onlar, bugüne kavuşacaklarını nasıl unuttular ve âyetlerimizi nasıl inkâr ettilerse, biz de bugün onları öyle unuturuz.","nl":"(Zij zijn) degenen die hun godsdienst als vermaak en spel beschouwden en degenen die bedrogen zijn door het wereldse leven. Op de Dag (der Opstanding) vergeten Wij hen zoals zij de ontmoeting met deze Dag van hen vergaten, on omdat zij Onze Tekenen plachten te ontkennen.","en":"those who took this faith ˹of Islam˺ as mere amusement and play and were deluded by ˹their˺ worldly life.” ˹Allah will say,˺ “Today We will ignore them just as they ignored the coming of this Day of theirs and for rejecting Our revelations.”"},"surah":null}]}