{"juzNo":1,"pageNo":17,"arCuzNo":"۱","arPageNo":"۱۷","quranAyats":[{"id":113,"surahId":2,"ayatId":106,"ayatNo":"١٠٦","pageNo":17,"ayatText":"مَا نَنْسَخْ مِنْ اٰيَةٍ اَوْ نُنْسِهَا نَأْتِ بِخَيْرٍ مِنْهَٓا اَوْ مِثْلِهَاؕ اَلَمْ تَعْلَمْ اَنَّ اللّٰهَ عَلٰى كُلِّ شَيْءٍ قَدٖيرٌ","ayatMealText":{"tr":"Biz bir âyetten her neyi nesheder veya unutturursak, ondan daha hayırlısını yahut mislini getiririz. Bilmez misin ki, Allah her şeye kâdirdir.","nl":"Welk vers Wij ook afschaffen of doen vergeten; Wij brengen er iets beters voor in de plaats, of iets wat daaraan gelijk is. Weet jij niet dat Allah macht heeft over alle dingen?","en":"If We ever abrogate a verse or cause it to be forgotten, We replace it with a better or similar one. Do you not know that Allah is Most Capable of everything"},"surah":{"surahId":2,"name":"Bakara","nameAr":"الْبَقَرَةِ","revelationOrder":87,"verseCount":286,"juzNo":1,"firstPage":2}},{"id":114,"surahId":2,"ayatId":107,"ayatNo":"١٠٧","pageNo":17,"ayatText":"اَلَمْ تَعْلَمْ اَنَّ اللّٰهَ لَهُ مُلْكُ السَّمٰوَاتِ وَالْاَرْضِؕ وَمَا لَكُمْ مِنْ دُونِ اللّٰهِ مِنْ وَلِيٍّ وَلَا نَصٖيرٍ","ayatMealText":{"tr":"Bilmez misin ki, hakikaten göklerin ve yerin mülkü Allah'ındır, hepsi O'nundur. Size de Allah'dan başka ne bir dost, ne de bir yardımcı vardır.","nl":"Weet jij njet dat aan Allah de heerschappij van de hemelen en de aarde behoort? En er is voor jullie buiten Allah geen helper en geen beschermer.","en":"Do you not know that the kingdom of the heavens and the earth belongs ˹only˺ to Allah, and you have no guardian or helper besides Allah"},"surah":null},{"id":115,"surahId":2,"ayatId":108,"ayatNo":"١٠٨","pageNo":17,"ayatText":"اَمْ تُرٖيدُونَ اَنْ تَسْـَٔلُوا رَسُولَكُمْ كَمَا سُئِلَ مُوسٰى مِنْ قَبْلُؕ وَمَنْ يَتَبَدَّلِ الْكُفْرَ بِالْاٖيمَانِ فَقَدْ ضَلَّ سَوَٓاءَ السَّبٖيلِ","ayatMealText":{"tr":"Yoksa siz peygamberinizi, bundan önce Musa'ya sorulduğu gibi, sorguya çekmek mi istiyorsunuz? Halbuki her kim imanı küfürle değiştirirse artık düz yolun ortasında sapıtmış olur.","nl":"Of willen jullie je Boodschapper ondervragen zoals Môesa vroeger (werd ondervraagd)? En wie ongeloof in ruil neemt voor geloof, die is afgadwaald van het juiste pad.","en":"Or do you ˹believers˺ intend to ask of your Messenger as Moses was asked before? But whoever trades belief for disbelief has truly strayed from the Right Way"},"surah":null},{"id":116,"surahId":2,"ayatId":109,"ayatNo":"١٠٩","pageNo":17,"ayatText":"وَدَّ كَثٖيرٌ مِنْ اَهْلِ الْكِتَابِ لَوْ يَرُدُّونَكُمْ مِنْ بَعْدِ اٖيمَانِكُمْ كُفَّاراًۚ حَسَداً مِنْ عِنْدِ اَنْفُسِهِمْ مِنْ بَعْدِ مَا تَبَيَّنَ لَهُمُ الْحَقُّۚ فَاعْفُوا وَاصْفَحُوا حَتّٰى يَأْتِيَ اللّٰهُ بِاَمْرِهٖؕ اِنَّ اللّٰهَ عَلٰى كُلِّ شَيْءٍ قَدٖيرٌ","ayatMealText":{"tr":"Ehli kitaptan birçoğu arzu etmektedir ki, sizi imanınızdan sonra çevirip kâfir etsinler: Hak kendilerine iyice belirdikten sonra bile sırf nefsaniyetlerinden ve kıskançlıktan dolayı bunu yaparlar. Buna rağmen siz şimdi af ile, hoşgörüyle davranın tâ Allah emrini verinceye kadar. Şüphe yok ki Allah her şeye kâdirdir.","nl":"Velen onder de lieden van de schrift wensen dat zij jullie, nadat jullie tot geloof zijn gekomen, weer tot ongelovigen zouden kunnen maken, uit afgunst die onder hen leeft, nadat voor hen de waarheid duidelijk was geworden. Maar vergeeft hen en laat hen maar begaan, totdat Allah komt met zijn bevel. voorwaar, Allah is Almachtig over alle zaken.","en":"Many among the People of the Book wish they could turn you ˹believers˺ back to disbelief because of their envy, after the truth has been made clear to them. Pardon and bear with them until Allah delivers His decision. Surely Allah is Most Capable of everything"},"surah":null},{"id":117,"surahId":2,"ayatId":110,"ayatNo":"١١٠","pageNo":17,"ayatText":"وَاَقٖيمُوا الصَّلٰوةَ وَاٰتُوا الزَّكٰوةَؕ وَمَا تُقَدِّمُوا لِاَنْفُسِكُمْ مِنْ خَيْرٍ تَجِدُوهُ عِنْدَ اللّٰهِؕ اِنَّ اللّٰهَ بِمَا تَعْمَلُونَ بَصٖيرٌ","ayatMealText":{"tr":"Siz namazı hakkıyle kılmaya bakın ve zekatı verin! Kendi nefsiniz için her ne hayır yaparsanız, Allah katında onu bulursunuz. Muhakkak ki, Allah bütün yaptıklarınızı görmektedir.","nl":"En onderhoudt de shalât en geeft de zakât en wat jullie hebben vooruit gezonden aan goede daden voor jezelf; jullie zullen het bij Allah aantreffen. Voorwaar, Allah is Alziende over was jullie doen.","en":"Establish prayer, and pay alms-tax. Whatever good you send forth for yourselves, you will ˹certainly˺ find ˹its reward˺ with Allah. Surely Allah is All-Seeing of what you do"},"surah":null},{"id":118,"surahId":2,"ayatId":111,"ayatNo":"١١١","pageNo":17,"ayatText":"وَقَالُوا لَنْ يَدْخُلَ الْجَنَّةَ اِلَّا مَنْ كَانَ هُوداً اَوْ نَصَارٰىؕ تِلْكَ اَمَانِيُّهُمْؕ قُلْ هَاتُوا بُرْهَانَكُمْ اِنْ كُنْتُمْ صَادِقٖينَ","ayatMealText":{"tr":"Bir de \"yahudi ve hıristiyanlardan başkası asla cennete giremeyecek\" dediler. Bu onların kendi kuruntularıdır. Sen de onlara de ki; \"Eğer doğru iseniz, haydi bakalım getirin delilinizi.\"","nl":"En zij(de joden en de Christenen) zeiden: \"Niemand zai het Paradijs binnengaan, behalve wie jood of christen was.\" Dat zijn hun eigen wensen. Zeg: \" Brengt jullie bewijzen, als jullie waarachtigen zijn.\"","en":"The Jews and Christians each claim that none will enter Paradise except those of their own faith. These are their desires. Reply, ˹O Prophet,˺ “Show ˹me˺ your proof if what you say is true.”"},"surah":null},{"id":119,"surahId":2,"ayatId":112,"ayatNo":"١١٢","pageNo":17,"ayatText":"بَلٰى مَنْ اَسْلَمَ وَجْهَهُ لِلّٰهِ وَهُوَ مُحْسِنٌ فَلَهُٓ اَجْرُهُ عِنْدَ رَبِّهٖࣕ وَلَا خَوْفٌ عَلَيْهِمْ وَلَا هُمْ يَحْزَنُونَࣖ","ayatMealText":{"tr":"Hayır, hayır! Kim özü iyilik dolu olarak yüzünü Allah'a tertemiz döndürür ve teslim ederse, işte onun Rabbi katında ecri vardır. Onlara hiçbir korku yoktur ve onlar mahzun da olacak değiller.","nl":"Welzeker! Wie zich volledig in overgave wendt tot Allah en die een weldoener is, voor hem is zijn beloning bij zijn Heer. Green vrees zal over hen komen en zij zullen niet treuren.","en":"But no! Whoever submits themselves to Allah and does good will have their reward with their Lord. And there will be no fear for them, nor will they grieve"},"surah":null}]}