{"juzNo":9,"pageNo":179,"arCuzNo":"۹","arPageNo":"۱۷۹","quranAyats":[{"id":1177,"surahId":8,"ayatId":17,"ayatNo":"١٧","pageNo":179,"ayatText":"فَلَمْ تَقْتُلُوهُمْ وَلٰكِنَّ اللّٰهَ قَتَلَهُمْࣕ وَمَا رَمَيْتَ اِذْ رَمَيْتَ وَلٰكِنَّ اللّٰهَ رَمٰىۚ وَلِيُبْلِيَ الْمُؤْمِنٖينَ مِنْهُ بَلَٓاءً حَسَناًؕ اِنَّ اللّٰهَ سَمٖيعٌ عَلٖيمٌ","ayatMealText":{"tr":"Sonra onları siz öldürmediniz, lâkin Allah öldürdü. Attığın zaman da sen atmadın, lâkin Allah attı. Bu da müminlere güzel bir imtihan geçirtmek içindi. Allah işitendir, bilendir.","nl":"Het waren niet jullie die hen doodden, maar het was Allah die hen doodde, en het was niet jij (O Moehammad) die wierp toen jij wierp, maar het was Allah die wierp. En om de gelovigen er mee te beproeven, als een goede beproeving. Voorwaar, Allah is Alhorend, Alwetend.","en":"It was not you ˹believers˺ who killed them, but it was Allah Who did so. Nor was it you ˹O Prophet˺ who threw ˹a handful of sand at the disbelievers˺, but it was Allah Who did so, rendering the believers a great favour. Surely Allah is All-Hearing, All-Knowing"},"surah":{"surahId":8,"name":"Enfâl","nameAr":"الْاَنْفَالِ","revelationOrder":88,"verseCount":75,"juzNo":9,"firstPage":177}},{"id":1178,"surahId":8,"ayatId":18,"ayatNo":"١٨","pageNo":179,"ayatText":"ذٰلِكُمْ وَاَنَّ اللّٰهَ مُوهِنُ كَيْدِ الْكَافِرٖينَ","ayatMealText":{"tr":"Gördünüz ya, Allah, kâfirlerin kurduğu tuzağı işte böyle boşa çıkarır.","nl":"Zo is het. En voorwaar, Allah maakt de list van de ongelovigen zwak.","en":"As such, Allah frustrates the evil plans of the disbelievers"},"surah":null},{"id":1179,"surahId":8,"ayatId":19,"ayatNo":"١٩","pageNo":179,"ayatText":"اِنْ تَسْتَفْتِحُوا فَقَدْ جَٓاءَكُمُ الْفَتْحُۚ وَاِنْ تَنْتَهُوا فَهُوَ خَيْرٌ لَكُمْۚ وَاِنْ تَعُودُوا نَعُدْۚ وَلَنْ تُغْنِيَ عَنْكُمْ فِئَتُكُمْ شَيْـٔاً وَلَوْ كَـثُرَتْۙ وَاَنَّ اللّٰهَ مَعَ الْمُؤْمِنٖينَࣖ","ayatMealText":{"tr":"Fetih istiyorsanız, işte size fetih gelmiştir, eğer aşırı gitmez de son verirseniz, hakkınızda daha hayırlıdır. Yok eğer dönerseniz, biz de döneriz. O vakit askeriniz çok da olsa size hiç bir şekilde fayda vermez. İyi biliniz ki, Allah müminlerle beraberdir.","nl":"Als jullie (ongelovigen) om een (beslissende) overwinning vragen, waarlijk, de beslissing is reeds tot jullie gekomen en als jullie ophouden, dan is dat beter voor jullie. Maar als jullie (het strijden) hervatten, dan zullen Wij ook (Onze hulp aan de gelovigen) hervatten en jullie leger zal jullie niets baten, ook al zijn de manschappen talrijk. En waarlijk, Allah is met de gelovigen.","en":"If you ˹Meccans˺ sought judgment, now it has come to you. And if you cease, it will be for your own good. But if you persist, We will persist. And your forces—no matter how numerous they might be—will not benefit you whatsoever. For Allah is certainly with the believers"},"surah":null},{"id":1180,"surahId":8,"ayatId":20,"ayatNo":"٢٠","pageNo":179,"ayatText":"يَٓا اَيُّهَا الَّذٖينَ اٰمَنُٓوا اَطٖيعُوا اللّٰهَ وَرَسُولَهُ وَلَا تَوَلَّوْا عَنْهُ وَاَنْتُمْ تَسْمَعُونَۚ","ayatMealText":{"tr":"Ey iman edenler, Allah'a ve Resulü'ne itaat edin. İşitip durduğunuz halde onun emirlerinden yüz çevirmeyin!","nl":"O jullie die geloven, gehoorzaamt Allah en Zijn Boodschapper en wendt jullie niet van hem af, terwijl jullie (de Koran) horen.","en":"O believers! Obey Allah and His Messenger and do not turn away from him while you hear ˹his call˺"},"surah":null},{"id":1181,"surahId":8,"ayatId":21,"ayatNo":"٢١","pageNo":179,"ayatText":"وَلَا تَكُونُوا كَالَّذٖينَ قَالُوا سَمِعْنَا وَهُمْ لَا يَسْمَعُونَ","ayatMealText":{"tr":"Ve işitmedikleri halde \"işittik\" diyenler gibi olmayın!","nl":"En weest niet als degenen die zeiden: \"Wij hebben gehoord,\" terwijl zij niet hebben geluisterd.","en":"Do not be like those who say, “We hear,” but in fact they are not listening"},"surah":null},{"id":1182,"surahId":8,"ayatId":22,"ayatNo":"٢٢","pageNo":179,"ayatText":"اِنَّ شَرَّ الدَّوَٓابِّ عِنْدَ اللّٰهِ الصُّمُّ الْبُكْمُ الَّذٖينَ لَا يَعْقِلُونَ","ayatMealText":{"tr":"Çünkü yeryüzünde dolaşan canlıların Allah katında en kötüsü anlamayan ve düşünmeyen sağırlarla dilsizlerdir.","nl":"Voorwaar, de slechtste schepselen bij Allah zijn de doven en de stommen (van hart): degenen die niet begrijpen.","en":"Indeed, the worst of all beings in the sight of Allah are the ˹wilfully˺ deaf and dumb, who do not understand"},"surah":null},{"id":1183,"surahId":8,"ayatId":23,"ayatNo":"٢٣","pageNo":179,"ayatText":"وَلَوْ عَلِمَ اللّٰهُ فٖيهِمْ خَيْراً لَاَسْمَعَهُمْؕ وَلَوْ اَسْمَعَهُمْ لَتَوَلَّوْا وَهُمْ مُعْرِضُونَ","ayatMealText":{"tr":"Allah onlarda hayır görseydi onlara işittirirdi, işittirseydi yine de aldırmaz arka dönerlerdi.","nl":"En Allah weet dat er niets goeds in hen was, dus liet Hij hen niet luisteren. En als Hij hen had doen luisteren, dan zouden zij zich afwenden, terwijl zij (de Waarheid) afwijzen.","en":"Had Allah known any goodness in them, He would have certainly made them hear. ˹But˺ even if He had made them hear, they would have surely turned away heedlessly"},"surah":null},{"id":1184,"surahId":8,"ayatId":24,"ayatNo":"٢٤","pageNo":179,"ayatText":"يَٓا اَيُّهَا الَّذٖينَ اٰمَنُوا اسْتَجٖيبُوا لِلّٰهِ وَلِلرَّسُولِ اِذَا دَعَاكُمْ لِمَا يُحْيٖيكُمْۚ وَاعْلَمُٓوا اَنَّ اللّٰهَ يَحُولُ بَيْنَ الْمَرْءِ وَقَلْبِهٖ وَاَنَّـهُٓ اِلَيْهِ تُحْشَرُونَ","ayatMealText":{"tr":"Ey iman edenler! Peygamber sizi, size hayat verecek şeylere davet ettiği zaman, Allah'a ve Resul'e icabet edin. Ve bilin ki Allah, kişi ile kalbi arasına girer. Ve siz kesinkes O'nun huzurunda toplanacaksınız.","nl":"O julliel die geloven, geeft gehoor aan Allah en aan de Boodschapper wanneer hij jullie oproept tot wat jullie leven geeft en weet dat Allah een afscheiding maakt tussen een mens en zijn hart. En voorwaar, tot Hem zullen jullie worden verzameld.\"","en":"O believers! Respond to Allah and His Messenger when he calls you to that which gives you life. And know that Allah stands between a person and their heart, and that to Him you will all be gathered"},"surah":null},{"id":1185,"surahId":8,"ayatId":25,"ayatNo":"٢٥","pageNo":179,"ayatText":"وَاتَّقُوا فِتْنَةً لَا تُصٖيبَنَّ الَّذٖينَ ظَلَمُوا مِنْكُمْ خَٓاصَّةًۚ وَاعْلَمُٓوا اَنَّ اللّٰهَ شَدٖيدُ الْعِقَابِ","ayatMealText":{"tr":"Ve öyle bir fitneden sakının ki, içinizden yalnızca zulüm yapanlara dokunmakla kalmaz. Ve bilin ki, Allah'ın cezası şiddetlidir.","nl":"En vreest een beproeving die niet uitsluitend degenen die onrecht plegen onder jullie zal treffen. En weet dat Allah hard is in de bestraffing.","en":"Beware of a trial that will not only affect the wrongdoers among you. And know that Allah is severe in punishment"},"surah":null}]}