{"juzNo":1,"pageNo":18,"arCuzNo":"۱","arPageNo":"۱۸","quranAyats":[{"id":120,"surahId":2,"ayatId":113,"ayatNo":"١١٣","pageNo":18,"ayatText":"وَقَالَتِ الْيَهُودُ لَيْسَتِ النَّصَارٰى عَلٰى شَيْءٍࣕ وَقَالَتِ النَّصَارٰى لَيْسَتِ الْيَهُودُ عَلٰى شَيْءٍۙ وَهُمْ يَتْلُونَ الْكِتَابَؕ كَذٰلِكَ قَالَ الَّذٖينَ لَا يَعْلَمُونَ مِثْلَ قَوْلِهِمْۚ فَاللّٰهُ يَحْكُمُ بَيْنَهُمْ يَوْمَ الْقِيٰمَةِ فٖيمَا كَانُوا فٖيهِ يَخْتَلِفُونَ","ayatMealText":{"tr":"Yahudiler dediler ki, \"Hıristiyanlar birşey üzerinde değiller\", Hristiyanlar da \"Yahudiler bir şey üzerinde değiller\" dediler. Oysa hepsi de kitabı okuyorlar. Hiçbir bilgisi olmayanlar da öyle onların dedikleri gibi dediler. İşte bundan dolayı Allah, ihtilafa düştükleri bu gibi şeylerde, kıyamet günü aralarında hüküm verecektir.","nl":"En de Joden zeiden: \"De christenen hebben geen grondslag\" (voor hun beweringen). En de Christenen zeiden: \"De Joden hebben geen grondslag. \"Terwijl zij de Schrift voorlezen. Degenen die niet weten (de veelgodenaanbidders), spreken het zelfde woord als zij. En Allah zal tussen hen oordelen op de Dag der Opstanding omtrent dat waarover zij van mening verschillen.","en":"The Jews say, “The Christians have nothing to stand on” and the Christians say, “The Jews have nothing to stand on,” although both recite the Scriptures. And those ˹pagans˺ who have no knowledge say the same ˹about people of faith˺. Surely Allah will judge between them on the Day of Judgment regarding their dispute"},"surah":{"surahId":2,"name":"Bakara","nameAr":"الْبَقَرَةِ","revelationOrder":87,"verseCount":286,"juzNo":1,"firstPage":2}},{"id":121,"surahId":2,"ayatId":114,"ayatNo":"١١٤","pageNo":18,"ayatText":"وَمَنْ اَظْلَمُ مِمَّنْ مَنَعَ مَسَاجِدَ اللّٰهِ اَنْ يُذْكَرَ فٖيهَا اسْمُهُ وَسَعٰى فٖي خَرَابِهَاؕ اُو۬لٰٓئِكَ مَا كَانَ لَهُمْ اَنْ يَدْخُلُوهَٓا اِلَّا خَٓائِفٖينَؕ لَهُمْ فِي الدُّنْيَا خِزْيٌ وَلَهُمْ فِي الْاٰخِرَةِ عَذَابٌ عَظٖيمٌ","ayatMealText":{"tr":"Allah'ın mescitlerini, içlerinde Allah'ın isminin anılmasından meneden ve onların harap olmalarına çalışan kimselerden daha zâlim kim olabilir! İşte bunlar, oralara korka korka girmekten başka birşey yapmazlar. Bunlara dünyada perişanlık, ahirette de büyük bir azap vardır.","nl":"En wie is er zondiger dan degene die verhindert dat in de Moskeeen van Allah Zijn Naam genoemd wordt en die zich beijvert om deze te verwoesten? Zij behoren deze niet binnen te gaan, behalve als vrezenden. Voor hen is er op de wereld een vernedering en in het Hiernamaals is er een geweldige bestraffing.","en":"Who does more wrong than those who prevent Allah’s Name from being mentioned in His places of worship and strive to destroy them? Such people have no right to enter these places except with fear. For them is disgrace in this world, and they will suffer a tremendous punishment in the Hereafter"},"surah":null},{"id":122,"surahId":2,"ayatId":115,"ayatNo":"١١٥","pageNo":18,"ayatText":"وَلِلّٰهِ الْمَشْرِقُ وَالْمَغْرِبُ فَاَيْنَمَا تُوَلُّوا فَثَمَّ وَجْهُ اللّٰهِؕ اِنَّ اللّٰهَ وَاسِعٌ عَلٖيمٌ","ayatMealText":{"tr":"Bununla beraber, doğu da Allah'ın, batı da Allah'ındır. Artık nereye dönerseniz dönün, orası Allah'a çıkar. Şüphe yok ki, Allah(ın rahmeti) geniştir, O, her şeyi bilendir.","nl":"En aan Allah behoren het Oosten en het Westen. Waarheen jullie je ook wenden, daar is het Aangezicht van Allah. Voorwar, Allah is Alomvattend en Alwetend.","en":"To Allah belong the east and the west, so wherever you turn you are facing ˹towards˺ Allah. Surely Allah is All-Encompassing, All-Knowing"},"surah":null},{"id":123,"surahId":2,"ayatId":116,"ayatNo":"١١٦","pageNo":18,"ayatText":"وَقَالُوا اتَّخَذَ اللّٰهُ وَلَداًۙ سُبْحَانَهُؕ بَلْ لَهُ مَا فِي السَّمٰوَاتِ وَالْاَرْضِؕ كُلٌّ لَهُ قَانِتُونَ","ayatMealText":{"tr":"O zalimler, \"Allah kendisine çocuk edindi.\" dediler. Hâşâ, O sübhândır. Doğrusu, göklerde ve yerde ne varsa O'nundur. Hepsi O'na boyun eğmiştir.","nl":"En zij (de Christenen) zeiden: \"Allah heeft Zich een zoon genomen.\" Heilig is Hij! Nee! Aan Hem behoort wat er in de hemelen en (op) de aarde is. Allen gehoorzamen Hem ootmoedig.","en":"They say, “Allah has offspring.” Glory be to Him! In fact, to Him belongs whatever is in the heavens and the earth—all are subject to His Will"},"surah":null},{"id":124,"surahId":2,"ayatId":117,"ayatNo":"١١٧","pageNo":18,"ayatText":"بَدٖيعُ السَّمٰوَاتِ وَالْاَرْضِؕ وَاِذَا قَضٰٓى اَمْراً فَاِنَّمَا يَقُولُ لَهُ كُنْ فَيَكُونُ","ayatMealText":{"tr":"O, göklerin ve yerin yoktan var edicisidir ve O, bir işin olmasını murad edince, ona yalnızca \"ol!\" der, o da hemen oluverir.","nl":"(Hij is) de Voortbrenger van de hemelen en de aarde. En wanner Hij een besluit over een zaak heeft genomen, dan zegt Hij er slechts tegen: \"Wees,\" en het is.","en":"˹He is˺ the Originator of the heavens and the earth! When He decrees a matter, He simply tells it, “Be!” And it is"},"surah":null},{"id":125,"surahId":2,"ayatId":118,"ayatNo":"١١٨","pageNo":18,"ayatText":"وَقَالَ الَّذٖينَ لَا يَعْلَمُونَ لَوْلَا يُكَلِّمُنَا اللّٰهُ اَوْ تَأْتٖينَٓا اٰيَةٌؕ كَذٰلِكَ قَالَ الَّذٖينَ مِنْ قَبْلِهِمْ مِثْلَ قَوْلِهِمْؕ تَشَابَهَتْ قُلُوبُهُمْؕ قَدْ بَيَّنَّا الْاٰيَاتِ لِقَوْمٍ يُوقِنُونَ","ayatMealText":{"tr":"Bilgiden nasibi olmayanlar da \"Allah bizimle konuşsa ya, yahut bize de bir mucize gelse ya!\" dediler. Bunlardan öncekiler de tıpkı böyle, bunların dedikleri gibi demişlerdi. Onların kalbleri birbirlerine benzedi. Gerçekten de yakîne ermek (hakikati bilmek) isteyen bir kavim için biz mucizeleri çok açık seçik gösterdik.","nl":"En degenen die niet weten, zeiden: Waarom spreekt Allah niet tot ons en waarom komt er geen Teken tot ons?\" Zo spraken ook degenen die voor hen waren. Hun harten lijken op elkaar. Waarlijk, Wij hebben de Tekenen duidelijk gemaakt aan een overtuigd volk.","en":"Those who have no knowledge say, “If only Allah would speak to us or a sign would come to us!” The same was said by those who came before. Their hearts are all alike. Indeed, We have made the signs clear for people of sure faith"},"surah":null},{"id":126,"surahId":2,"ayatId":119,"ayatNo":"١١٩","pageNo":18,"ayatText":"اِنَّٓا اَرْسَلْنَاكَ بِالْحَقِّ بَشٖيراً وَنَذٖيراًۙ وَلَا تُسْـَٔلُ عَنْ اَصْحَابِ الْجَحٖيمِ","ayatMealText":{"tr":"Şüphe yok ki, Biz seni hak ile rahmetimizin müjdecisi ve azabımızın habercisi olarak gönderdik. Sen, o cehennemliklerden sorumlu değilsin.","nl":"Voorwaar, Wij hebben jou (Moehammad) met de Waarheid gezonden, als een brenger van een verheugende tijding en als een waarschuwer, en jij zal niet worden ondervraagd over de bewoners van de Djahîm (de Hel).","en":"We have surely sent you with the truth ˹O Prophet˺ as a deliverer of good news and a warner. And you will not be accountable for the residents of the Hellfire"},"surah":null}]}