{"juzNo":10,"pageNo":183,"arCuzNo":"۱۰","arPageNo":"۱۸۳","quranAyats":[{"id":1206,"surahId":8,"ayatId":46,"ayatNo":"٤٦","pageNo":183,"ayatText":"وَاَطٖيعُوا اللّٰهَ وَرَسُولَهُ وَلَا تَنَازَعُوا فَتَفْشَلُوا وَتَذْهَبَ رٖيحُكُمْ وَاصْبِرُواؕ اِنَّ اللّٰهَ مَعَ الصَّابِرٖينَۚ","ayatMealText":{"tr":"Ayrıca Allah'a ve Resulü'ne itaat edin. Ve birbirinizle didişmeyin. Sonra içinize korku düşer ve kuvvetiniz elden gider. Sabırlı olun, çünkü Allah sabredenlerle beraberdir.","nl":"En gehoorzaamt Allah en Zijn Boodschapper en twist niet onderling, waardoor jullie ontmoedigd raken en jullie kracht verdwijnt. En weest geduldig: voorwaar, Allah is met de geduldigen.","en":"Obey Allah and His Messenger and do not dispute with one another, or you would be discouraged and weakened. Persevere! Surely Allah is with those who persevere"},"surah":{"surahId":8,"name":"Enfâl","nameAr":"الْاَنْفَالِ","revelationOrder":88,"verseCount":75,"juzNo":9,"firstPage":177}},{"id":1207,"surahId":8,"ayatId":47,"ayatNo":"٤٧","pageNo":183,"ayatText":"وَلَا تَكُونُوا كَالَّذٖينَ خَرَجُوا مِنْ دِيَارِهِمْ بَطَراً وَرِئَٓاءَ النَّاسِ وَيَصُدُّونَ عَنْ سَبٖيلِ اللّٰهِؕ وَاللّٰهُ بِمَا يَعْمَلُونَ مُحٖيطٌ","ayatMealText":{"tr":"Çalım atarak ve halka gösteriş yaparak yurtlarından çıkanlar ve Allah yoluna engel koyanlar gibi olmayın. Allah onların bütün yaptıklarını çepeçevre kuşatmıştır.","nl":"En weest niet zoals degenen die hun huizen verlieten, trots en vol ijdel vertoon voor de mensen, en die van het Pad van Allah afflielden. En Allah omvat (met Zijn kennis) wat zij doen.","en":"Do not be like those ˹pagans˺ who left their homes arrogantly, only to be seen by people and to hinder others from Allah’s Path. And Allah is Fully Aware of what they do"},"surah":null},{"id":1208,"surahId":8,"ayatId":48,"ayatNo":"٤٨","pageNo":183,"ayatText":"وَاِذْ زَيَّنَ لَهُمُ الشَّيْطَانُ اَعْمَالَهُمْ وَقَالَ لَا غَالِبَ لَكُمُ الْيَوْمَ مِنَ النَّاسِ وَاِنّٖي جَارٌ لَكُمْۚ فَلَمَّا تَرَٓاءَتِ الْفِئَتَانِ نَكَصَ عَلٰى عَقِبَيْهِ وَقَالَ اِنّٖي بَرٖٓيءٌ مِنْكُمْ اِنّٖٓي اَرٰى مَا لَا تَرَوْنَ اِنّٖٓي اَخَافُ اللّٰهَؕ وَاللّٰهُ شَدٖيدُ الْعِقَابِࣖ","ayatMealText":{"tr":"Şeytan, onlara amellerini güzel gösterdiği zaman, \"Bu gün insanlardan size galip gelecek yoktur, ben de size yardımcıyım.\" demişti. Fakat iki tarafın karşı karşıya geldiği görününce arkasını dönüp kaçtı ve şöyle dedi: \"Ben sizden kesinlikle uzağım. Ben sizin göremeyeceğiniz şeyler görüyorum ve ben Allah'dan korkarım. Ayrıca Allah'ın azabı çok çetindir.\"","nl":"En (gedenkt) toen de Satan hun daden voor hen schoonschijnend maakte, en zei: \"Er is op deze dag geen mens die jullie kan verslaan: en voorwaar, Ik ben jullie naaste.\" Maar toen de twee legers elkaar zagen, draaide hij zich om op zijn hielen en zij: \"Voorwaar, ik heb niets met jullie van doen. Voorwaar, ik zie wat jullie niet zien, voorwaar, ik vrees Allah.\" En Allah is hard in de bestraffing.","en":"And ˹remember˺ when Satan made their ˹evil˺ deeds appealing to them, and said, “No one can overcome you today. I am surely by your side.” But when the two forces faced off, he cowered and said, “I have absolutely nothing to do with you. I certainly see what you do not see. I truly fear Allah, for Allah is severe in punishment.”"},"surah":null},{"id":1209,"surahId":8,"ayatId":49,"ayatNo":"٤٩","pageNo":183,"ayatText":"اِذْ يَقُولُ الْمُنَافِقُونَ وَالَّذٖينَ فٖي قُلُوبِهِمْ مَرَضٌ غَرَّ هٰٓؤُ۬لَٓاءِ دٖينُهُمْؕ وَمَنْ يَتَوَكَّلْ عَلَى اللّٰهِ فَاِنَّ اللّٰهَ عَزٖيزٌ حَكٖيمٌ","ayatMealText":{"tr":"O sırada münafıklar ve kalblerinde hastalık bulunanlar, (müslümanlar hakkında) \"şu adamları dinleri aldattı\" diyorlardı. Oysa her kim Allah'a tevekkül ederse bilsin ki, Allah galiptir, güçlüdür ve hikmet sahibidir.","nl":"Toen de huichelaars en degenen in wiens harten een ziekte is, (tegen de gelovigen) zeiden: \"Hun godsdienst heeft ben misleid.\" Maar (voor) wie Allah vertrouwt (is Allah hun Helper). Voorwaar, Allah is Almachtig, Aiwijs.","en":"˹Remember˺ when the hypocrites and those with sickness in their hearts said, “These ˹believers˺ are deluded by their faith.” But whoever puts their trust in Allah, surely Allah is Almighty, All-Wise"},"surah":null},{"id":1210,"surahId":8,"ayatId":50,"ayatNo":"٥٠","pageNo":183,"ayatText":"وَلَوْ تَرٰٓى اِذْ يَتَوَفَّى الَّذٖينَ كَفَرُواۙ الْمَلٰٓئِكَةُ يَضْرِبُونَ وُجُوهَهُمْ وَاَدْبَارَهُمْۚ وَذُوقُوا عَذَابَ الْحَرٖيقِ","ayatMealText":{"tr":"Melekler, o kâfirlerin yüzlerine ve sırtlarına vura vura ve \"Tadın bakalım cehennem azabını!\" diye diye canlarını alırken hallerini bir görmeliydin.","nl":"En als jij (het) zou kunnen zien, wanneer de Engelen (de zielen van) degenen die ongelovig zijn wegnemen, (en hoe) zij hun gezichten en hun ruggen slaan (en zeggen:) \"Proeft de bestraffing van het branden!\" (Dan zie je zeker een geweldige zaak.)","en":"If only you could see when the angels take the souls of the disbelievers, beating their faces and backs, ˹saying,˺ “Taste the torment of burning"},"surah":null},{"id":1211,"surahId":8,"ayatId":51,"ayatNo":"٥١","pageNo":183,"ayatText":"ذٰلِكَ بِمَا قَدَّمَتْ اَيْدٖيكُمْ وَاَنَّ اللّٰهَ لَيْسَ بِظَلَّامٍ لِلْعَبٖيدِۙ","ayatMealText":{"tr":"İşte bu, sizin kendi ellerinizle meydana getirdiğiniz bir sonuçtur. Hiç şüphesiz Allah, kullarına hiçbir şekilde zalim biri değildir.","nl":"Dat is, vanwege wat hun handen hebben voortgebracht, en waarlijk, Allah is geen onrechtvaardige voor de dienaar.","en":"This is ˹the reward˺ for what your hands have done. And Allah is never unjust to ˹His˺ creation.”"},"surah":null},{"id":1212,"surahId":8,"ayatId":52,"ayatNo":"٥٢","pageNo":183,"ayatText":"كَدَأْبِ اٰلِ فِرْعَوْنَۙ وَالَّذٖينَ مِنْ قَبْلِهِمْؕ كَفَرُوا بِاٰيَاتِ اللّٰهِ فَاَخَذَهُمُ اللّٰهُ بِذُنُوبِهِمْؕ اِنَّ اللّٰهَ قَوِيٌّ شَدٖيدُ الْعِقَابِ","ayatMealText":{"tr":"Tıpkı Firavun'un izinden gidenlerle onlardan öncekilerin gidişi gibi onlar da Allah'ın âyetlerini tanımadılar, Allah da kendilerini günahları yüzünden tutuklayıverdi. Çünkü Allah çok kuvvetli ve azabı çok çetin olandır.","nl":"Zoals Fir'aun en zijn volgelingen cm degenen vóór hen gewoon waren: zij waren ongelovig aan de Tekenen van Allah, waarop Allah hen greep wegens hun zonden. Voorwaar, Allah is sterk, hard in de bestraffing.","en":"Their fate is that of the people of Pharaoh and those before them—they all disbelieved in Allah’s signs, so Allah seized them for their sins. Indeed, Allah is All-Powerful, severe in punishment"},"surah":null}]}