{"juzNo":10,"pageNo":187,"arCuzNo":"۱۰","arPageNo":"۱۸۷","quranAyats":[{"id":1236,"surahId":9,"ayatId":1,"ayatNo":"١","pageNo":187,"ayatText":"بَرَٓاءَةٌ مِنَ اللّٰهِ وَرَسُولِهٖٓ اِلَى الَّذٖينَ عَاهَدْتُمْ مِنَ الْمُشْرِكٖينَؕ","ayatMealText":{"tr":"Allah'dan ve Resulü'nden bir ültimatomdur bu, kendileriyle antlaşma yaptığınız müşriklere:","nl":"(Dit is een verklaring over) een verbreking van de banden (Barâ'ah), van Allah en zijn Boodschapper, gericht tot de veelgodenaanbidders met wie jullie (gelovigen) een verbond hebben gesloten.","en":"˹This is˺ a discharge from all obligations, by Allah and His Messenger, to the polytheists you ˹believers˺ have entered into treaties with"},"surah":{"surahId":9,"name":"Tevbe","nameAr":"التَّوْبَةِ","revelationOrder":113,"verseCount":129,"juzNo":10,"firstPage":187}},{"id":1237,"surahId":9,"ayatId":2,"ayatNo":"٢","pageNo":187,"ayatText":"فَسٖيحُوا فِي الْاَرْضِ اَرْبَعَةَ اَشْهُرٍ وَاعْلَمُٓوا اَنَّكُمْ غَيْرُ مُعْجِزِي اللّٰهِۙ وَاَنَّ اللّٰهَ مُخْزِي الْكَافِرٖينَ","ayatMealText":{"tr":"Bundan böyle yeryüzünde dört ay daha istediğiniz gibi gezip dolaşın. Şunu da bilin ki, Allah'ı aciz bırakacak değilsiniz. Allah kâfirleri mutlaka perişan edecektir.","nl":"Trekt dan vier maanden in het land rond, en weet dat jullie het plan van Allah nimmer kunnen ontkrachten. En voorwmr, Allah vernedert de ongelovigen.","en":"“You ˹polytheists˺ may travel freely through the land for four months, but know that you will have no escape from Allah, and that Allah will disgrace the disbelievers.”"},"surah":null},{"id":1238,"surahId":9,"ayatId":3,"ayatNo":"٣","pageNo":187,"ayatText":"وَاَذَانٌ مِنَ اللّٰهِ وَرَسُولِهٖٓ اِلَى النَّاسِ يَوْمَ الْحَجِّ الْاَكْبَرِ اَنَّ اللّٰهَ بَرٖٓيءٌ مِنَ الْمُشْرِكٖينَۙ وَرَسُولُهُؕ فَاِنْ تُبْتُمْ فَهُوَ خَيْرٌ لَكُمْۚ وَاِنْ تَوَلَّيْتُمْ فَاعْلَمُٓوا اَنَّكُمْ غَيْرُ مُعْجِزِي اللّٰهِؕ وَبَشِّرِ الَّذٖينَ كَفَرُوا بِعَذَابٍ اَلٖيمٍۙ","ayatMealText":{"tr":"Ayrıca büyük hac günü Allah ve Rasulü tarafından insanlara bir ilandır ki, Allah da Resulü de müşriklerle yapılan antlaşmalara artık bağlı değildir. Eğer hemen tevbe ederseniz, bu sizin için hayırlıdır. Yok yine tevbeden yüz çevirirseniz biliniz ki, Allah'ı yıldıracak değilsiniz. Kâfirleri acı bir azap ile müjdele.","nl":"Ein (dit is) een bekendmaking van Allah en zijn Boodschapper aan de mensheid op de dag van de grote Bedevaart (al Haddj al Akbar) (inhoudende) dat Allah en Zijn Boodschapper niets te maken hebben met de veelgodenaanbidders. En als jullie (veelgodenaanbidders) berouw tonen, dan is dat beter voor jullie, maar als jullie afwenden, weet dan dat jullie (het plan van) Allah nimmer kunnen ontkrachten. En waarschuwt degenen die ongelovig zijn voor een pijnlijke bestraffing.","en":"A declaration from Allah and His Messenger ˹is made˺ to all people on the day of the greater pilgrimage that Allah and His Messenger are free of the polytheists. So if you ˹pagans˺ repent, it will be better for you. But if you turn away, then know that you will have no escape from Allah. And give good news ˹O Prophet˺ to the disbelievers of a painful punishment"},"surah":null},{"id":1239,"surahId":9,"ayatId":4,"ayatNo":"٤","pageNo":187,"ayatText":"اِلَّا الَّذٖينَ عَاهَدْتُمْ مِنَ الْمُشْرِكٖينَ ثُمَّ لَمْ يَنْقُصُوكُمْ شَيْـٔاً وَلَمْ يُظَاهِرُوا عَلَيْكُمْ اَحَداً فَاَتِمُّٓوا اِلَيْهِمْ عَهْدَهُمْ اِلٰى مُدَّتِهِمْؕ اِنَّ اللّٰهَ يُحِبُّ الْمُتَّقٖينَ","ayatMealText":{"tr":"Ancak kendileriyle antlaşma yapmış olduğunuz müşriklerden size olan ahitlerinde hiçbir eksiklik yapmamış ve sizin aleyhinize hiçbir kimseye yardımda bulunmamış olanlar bunun dışındadır. Siz de onlarla olan antlaşmanızın hükümlerine antlaşma süresinin sonuna kadar uyunuz. Muhakkak ki, Allah müttakileri sever.","nl":"Behalve met de veelgodenaanbidders met wie jullie een verbond zijn aangepan, (en) die jullie daarna niets tekort hebben gedaan en die niemand tegen jullie hebben geholpen. Komt dan het verbond met hen na, tot het eind van de overeengekomen termijn. Voorwaar, Allah houdt van de Moettaqôen.","en":"As for the polytheists who have honoured every term of their treaty with you and have not supported an enemy against you, honour your treaty with them until the end of its term. Surely Allah loves those who are mindful ˹of Him˺"},"surah":null},{"id":1240,"surahId":9,"ayatId":5,"ayatNo":"٥","pageNo":187,"ayatText":"فَاِذَا انْسَلَخَ الْاَشْهُرُ الْحُرُمُ فَاقْتُلُوا الْمُشْرِكٖينَ حَيْثُ وَجَدْتُمُوهُمْ وَخُذُوهُمْ وَاحْصُرُوهُمْ وَاقْعُدُوا لَهُمْ كُلَّ مَرْصَدٍۚ فَاِنْ تَابُوا وَاَقَامُوا الصَّلٰوةَ وَاٰتَوُا الزَّكٰوةَ فَخَلُّوا سَبٖيلَهُمْؕ اِنَّ اللّٰهَ غَفُورٌ رَحٖيمٌ","ayatMealText":{"tr":"Şu haram aylar bir çıktı mı artık o müşrikleri nerede bulursanız öldürün, yakalayın, hapsedin ve bütün geçit başlarını tutun. Eğer tevbe ederler ve namaz kılıp zekatı verirlerse onları serbest bırakın. Muhakkak ki, Allah çok bağışlayandır, çok merhamet edendir.","nl":"En wanneer de gewijde maanden voorbij zijn, doodt dan de veelgodenaanbidders waar jullie hen ook aantreffen en grijpt hen, en omsingelt hen en loert op ben vanuit elke hinderlaag. Als zij dan berouw tonen, en de shalât onderhouden de zakât geven, laat hen dan vrij. Voorwaar, Allah is Vergevensgezind, Meest Barmhartig.","en":"But once the Sacred Months have passed, kill the polytheists ˹who violated their treaties˺ wherever you find them, capture them, besiege them, and lie in wait for them on every way. But if they repent, perform prayers, and pay alms-tax, then set them free. Indeed, Allah is All-Forgiving, Most Merciful"},"surah":null},{"id":1241,"surahId":9,"ayatId":6,"ayatNo":"٦","pageNo":187,"ayatText":"وَاِنْ اَحَدٌ مِنَ الْمُشْرِكٖينَ اسْتَجَارَكَ فَاَجِرْهُ حَتّٰى يَسْمَعَ كَلَامَ اللّٰهِ ثُمَّ اَبْلِغْهُ مَأْمَنَهُؕ ذٰلِكَ بِاَنَّهُمْ قَوْمٌ لَا يَعْلَمُونَࣖ","ayatMealText":{"tr":"Eğer müşriklerden biri aman dilerse, ona aman ver. Ta ki, Allah'ın kelâmını dinlesin. Sonra onu güvenlik içinde olduğu yere kadar gönder. Çünkü bunlar gerçekten de bilgisiz bir kavimdirler.","nl":"En één wanneer van de veelgodenaanbidders bescherming bij jullie zoektt geeft hem dan bescherming, zodat hij het Woord van Allah hoort. En brengt hem daarna nou een plaats die veilig voor hem is. Dat is omdat zij een volk zijn dat niet weet.","en":"And if anyone from the polytheists asks for your protection ˹O Prophet˺, grant it to them so they may hear the Word of Allah, then escort them to a place of safety, for they are a people who have no knowledge"},"surah":null}]}