{"juzNo":10,"pageNo":193,"arCuzNo":"۱۰","arPageNo":"۱۹۳","quranAyats":[{"id":1272,"surahId":9,"ayatId":37,"ayatNo":"٣٧","pageNo":193,"ayatText":"اِنَّمَا النَّسٖٓيءُ زِيَادَةٌ فِي الْكُفْرِ يُضَلُّ بِهِ الَّذٖينَ كَفَرُوا يُحِلُّونَهُ عَاماً وَيُحَرِّمُونَهُ عَاماً لِيُوَاطِؤُ۫ا عِدَّةَ مَا حَرَّمَ اللّٰهُ فَيُحِلُّوا مَا حَرَّمَ اللّٰهُؕ زُيِّنَ لَهُمْ سُٓوءُ اَعْمَالِهِمْؕ وَاللّٰهُ لَا يَهْدِي الْقَوْمَ الْكَافِرٖينَࣖ","ayatMealText":{"tr":"O \"Nesi'\" (denilen bir haram ayı geciktirmek âdeti), olsa olsa küfürde fazlalıktır ki, kâfirler onunla şaşırtılır, onu bir yıl helâl, bir yıl haram sayarlar ki, Allah'ın haram kıldığının sayısına uydursunlar da Allah'ın haram kıldığını helâl kılsınlar. İşte böylece kendilerine kötü işleri güzel gösterildi. Allah da kâfir olan bir kavmi doğru yola iletmez.","nl":"Voorwaar, het uitstellen (van de gewijde maanden) is slechts oen toename van het ongeloof, degenen die ongelovig zijn, worden erdoor tot dwalen gebracht. Het éne jaar verklaren zij het toegestaan en het andere jaar verklaren zij het verboden, om het aantal kloppend te maken met wat Allah voor verboden heeft verklaard. Hun slechte daden werden voor hen schoonschijnend gemaakt. En Allah leidt het ongelovige volk niet.","en":"Reallocating the sanctity of ˹these˺ months is an increase in disbelief, by which the disbelievers are led ˹far˺ astray. They adjust the sanctity one year and uphold it in another, only to maintain the number of months sanctified by Allah, violating the very months Allah has made sacred. Their evil deeds have been made appealing to them. And Allah does not guide the disbelieving people"},"surah":{"surahId":9,"name":"Tevbe","nameAr":"التَّوْبَةِ","revelationOrder":113,"verseCount":129,"juzNo":10,"firstPage":187}},{"id":1273,"surahId":9,"ayatId":38,"ayatNo":"٣٨","pageNo":193,"ayatText":"يَٓا اَيُّهَا الَّذٖينَ اٰمَنُوا مَا لَكُمْ اِذَا قٖيلَ لَكُمُ انْفِرُوا فٖي سَبٖيلِ اللّٰهِ اثَّاقَلْتُمْ اِلَى الْاَرْضِؕ اَرَضٖيتُمْ بِالْحَيٰوةِ الدُّنْيَا مِنَ الْاٰخِرَةِۚ فَمَا مَتَاعُ الْحَيٰوةِ الدُّنْيَا فِي الْاٰخِرَةِ اِلَّا قَلٖيلٌ","ayatMealText":{"tr":"Ey iman edenler! Size ne oldu ki, \"Allah yolunda cihada çıkın.\" denilince olduğunuz yere yığılıp kaldınız. Yoksa ahiretten vazgeçip dünya hayatına razı mı oldunuz? Fakat dünya hayatının zevki ahiretin yanında ancak pek az birşeydir.","nl":"O jullie die geloven, wat is er met jullie dat wanneer er tot jullie wordt gezegd: \"Rukt uit op de Weg van Allah, \"jullie bezwaard op de grond zakken? Hebben jullie dan meer behagen aan het wereldse leven dan aan het Hiernamaals? En de genieting van het wereldse leven is slechts kort in vergelijking tot het Hiernamaals.","en":"O believers! What is the matter with you that when you are asked to march forth in the cause of Allah, you cling firmly to ˹your˺ land? Do you prefer the life of this world over the Hereafter? The enjoyment of this worldly life is insignificant compared to that of the Hereafter"},"surah":null},{"id":1274,"surahId":9,"ayatId":39,"ayatNo":"٣٩","pageNo":193,"ayatText":"اِلَّا تَنْفِرُوا يُعَذِّبْكُمْ عَذَاباً اَلٖيماً وَيَسْتَبْدِلْ قَوْماً غَيْرَكُمْ وَلَا تَضُرُّوهُ شَيْـٔاًؕ وَاللّٰهُ عَلٰى كُلِّ شَيْءٍ قَدٖيرٌ","ayatMealText":{"tr":"Eğer topluca savaşa katılmazsanız, O sizi acı bir azaba uğratır ve yerinize başka bir kavmi getirir ve siz O'na zerrece bir zarar veremezsiniz. Allah'ın herşeye gücü yeter.","nl":"Als jullie niet uitrukken, dan zal Hij jullie met een pijnlijke bestraffing bestraffen en een ander volk voor jullie in de plaats nemen en jullie kunnen Hem geen enkele schade toebrengen. En Allah is Almachtig over alle zaken.","en":"If you do not march forth, He will afflict you with a painful torment and replace you with other people. You are not harming Him in the least. And Allah is Most Capable of everything"},"surah":null},{"id":1275,"surahId":9,"ayatId":40,"ayatNo":"٤٠","pageNo":193,"ayatText":"اِلَّا تَنْصُرُوهُ فَقَدْ نَصَرَهُ اللّٰهُ اِذْ اَخْرَجَهُ الَّذٖينَ كَفَرُوا ثَانِيَ اثْنَيْنِ اِذْ هُمَا فِي الْغَارِ اِذْ يَقُولُ لِصَاحِبِهٖ لَا تَحْزَنْ اِنَّ اللّٰهَ مَعَنَاۚ فَاَنْزَلَ اللّٰهُ سَكٖينَتَهُ عَلَيْهِ وَاَيَّدَهُ بِجُنُودٍ لَمْ تَرَوْهَا وَجَعَلَ كَلِمَةَ الَّذٖينَ كَفَرُوا السُّفْلٰىؕ وَكَلِمَةُ اللّٰهِ هِيَ الْعُلْيَاؕ وَاللّٰهُ عَزٖيزٌ حَكٖيمٌ","ayatMealText":{"tr":"Eğer siz ona (Peygamber'e) yardım etmezseniz, Allah ona yardım eder. Hani o kâfirler, onu Mekke'den çıkardıkları vakit sadece iki kişiden biri iken, ikisi de mağarada bulundukları sırada arkadaşına \"Üzülme, çünkü Allah bizimledir.\" diyordu. Allah onun kalbine sükûnet ve kuvvet indirmişti ve onu görmediğiniz bir orduyla desteklemişti. Kâfirlerin sözünü alçaltmıştı. Yüce olan Allah'ın kelimesidir. Ve Allah güçlüdür, hikmet sahibidir.","nl":"Als jullie hem (de Profeet) niet helpen: waarlijk, Allah heeft hem reeds eerder geholpen, toen degenen die ongelovig waren hen (uit Mekkah) hadden verdreven, (en) hij de tweede van twee was toen zij zich in de grot bevonden, (en) toen hij tot zijn metgezet (Aboe Bakr) zei: \"Treur niet, voorwaar, Allah is met ons.\" Waarna Allah Zijn rust op hen deed neerdalen en Hij hen bijstand gaf met een leger dat jullie niet zagen. En Hij verlaagde het woord van degenen die ongelovig waren tot het laagste en het Woord van Allah, dat is het hoogste. En Allah is Almachtig, Alwijs.","en":"˹It does not matter˺ if you ˹believers˺ do not support him, for Allah did in fact support him when the disbelievers drove him out ˹of Mecca˺ and he was only one of two. While they both were in the cave, he reassured his companion, “Do not worry; Allah is certainly with us.” So Allah sent down His serenity upon the Prophet, supported him with forces you ˹believers˺ did not see, and made the word of the disbelievers lowest, while the Word of Allah is supreme. And Allah is Almighty, All-Wise"},"surah":null}]}