{"juzNo":1,"pageNo":20,"arCuzNo":"۱","arPageNo":"۲۰","quranAyats":[{"id":134,"surahId":2,"ayatId":127,"ayatNo":"١٢٧","pageNo":20,"ayatText":"وَاِذْ يَرْفَعُ اِبْرٰهٖيمُ الْقَوَاعِدَ مِنَ الْبَيْتِ وَاِسْمٰعٖيلُؕ رَبَّنَا تَقَبَّلْ مِنَّاؕ اِنَّكَ اَنْتَ السَّمٖيعُ الْعَلٖيمُ","ayatMealText":{"tr":"Ve ne vakit ki İbrahim, Beyt'in temellerini yükseltmeye başladı, İsmail ile birlikte şöyle dua ettiler: Ey Rabbimiz, bizden kabul buyur, hiç şüphesiz işiten sensin, bilen sensin.","nl":"En (gedenkt) toen Ibrâhîm de grondvesten van het Huis legde, samen met Isma'îl (biddend): \"Onze Heer, aanvaard het van ons: voorwar, U bent de Alhorende, de Alwetende.","en":"And ˹remember˺ when Abraham raised the foundation of the House with Ishmael, ˹both praying,˺ “Our Lord! Accept ˹this˺ from us. You are indeed the All-Hearing, All-Knowing"},"surah":{"surahId":2,"name":"Bakara","nameAr":"الْبَقَرَةِ","revelationOrder":87,"verseCount":286,"juzNo":1,"firstPage":2}},{"id":135,"surahId":2,"ayatId":128,"ayatNo":"١٢٨","pageNo":20,"ayatText":"رَبَّنَا وَاجْعَلْنَا مُسْلِمَيْنِ لَكَ وَمِنْ ذُرِّيَّتِنَٓا اُمَّةً مُسْلِمَةً لَكَࣕ وَاَرِنَا مَنَاسِكَنَا وَتُبْ عَلَيْنَاۚ اِنَّكَ اَنْتَ التَّوَّابُ الرَّحٖيمُ","ayatMealText":{"tr":"Ey bizim Rabbimiz, hem bizim ikimizi yalnız senin için boyun eğen müslümanlar kıl, hem de soyumuzdan yalnız senin için boyun eğen müslüman bir ümmet meydana getir ve bize ibadetimizin yollarını göster, tevbemize rahmetle bakıver. Hiç şüphesiz Tevvâb sensin, Rahîm sensin.","nl":"Onze Heer, maak ons beiden tot mensen die zich overgeven aan U en (maak) onze nakomelingen tot een volk dat zich overgeeft aan U en onderwijs ons de gebruiken (van o.a. de Haddj) en aanvaard ons berouw, voorwaar, U bent de Meest Berouwaanvaardende, de Meest Barmhartige.","en":"Our Lord! Make us both ˹fully˺ submit to You and from our descendants a nation that will submit to you. Show us our rituals, and turn to us in grace. You are truly the Accepter of Repentance, Most Merciful"},"surah":null},{"id":136,"surahId":2,"ayatId":129,"ayatNo":"١٢٩","pageNo":20,"ayatText":"رَبَّنَا وَابْعَثْ فٖيهِمْ رَسُولاً مِنْهُمْ يَتْلُوا عَلَيْهِمْ اٰيَاتِكَ وَيُعَلِّمُهُمُ الْكِتَابَ وَالْحِكْمَةَ وَيُزَكّٖيهِمْؕ اِنَّكَ اَنْتَ الْعَزٖيزُ الْحَكٖيمُࣖ","ayatMealText":{"tr":"Ey bizim Rabbimiz, bir de onlara içlerinden öyle bir peygamber gönder ki, onlara senin âyetlerini tilavet eylesin, kendilerine kitabı ve hikmeti öğretsin, içlerini ve dışlarını tertemiz yapıp onları pâk eylesin. Hiç şüphesiz Azîz sensin, hikmet sahibi Sensin.","nl":"Onze Heer! En zend tot hen een Boodschapper van hun eigen volk, die hen Uw Verzen voordraagt en die hen het Boek (de Koran) en de Wijsheid onderwijst en die hen reinigt. Voorwar, U bent de Almachtige, de Alwijze.\"","en":"Our Lord! Raise from among them a messenger who will recite to them Your revelations, teach them the Book and wisdom, and purify them. Indeed, You ˹alone˺ are the Almighty, All-Wise.”"},"surah":null},{"id":137,"surahId":2,"ayatId":130,"ayatNo":"١٣٠","pageNo":20,"ayatText":"وَمَنْ يَرْغَبُ عَنْ مِلَّةِ اِبْرٰهٖيمَ اِلَّا مَنْ سَفِهَ نَفْسَهُؕ وَلَقَدِ اصْطَفَيْنَاهُ فِي الدُّنْيَاۚ وَاِنَّهُ فِي الْاٰخِرَةِ لَمِنَ الصَّالِحٖينَ","ayatMealText":{"tr":"İbrahim'in milletinden, kendine kıyan beyinsizden başka kim yüz çevirir? Biz onu dünyada seçkin birisi yaptık, hiç şüphesiz o, ahirette de iyilerden biridir.","nl":"En wie keert zich af van de godsdienst van Ibrâhîm, anders dan wie zichzelf voor de gek houdt? En voorzeker hebben Wij hem uitverkoren in de wereld, en voorwaar, hij behoort in het Hiernamaals tot de oprechten.","en":"And who would reject the faith of Abraham except a fool! We certainly chose him in this life, and in the Hereafter he will surely be among the righteous"},"surah":null},{"id":138,"surahId":2,"ayatId":131,"ayatNo":"١٣١","pageNo":20,"ayatText":"اِذْ قَالَ لَهُ رَبُّهُٓ اَسْلِمْۙ قَالَ اَسْلَمْتُ لِرَبِّ الْعَالَمٖينَ","ayatMealText":{"tr":"Rabbi ona, \"İslâm ol!\" emrini verince, o \"Ben âlemlerin Rabbine teslim oldum.\" dedi.","nl":"En (gedenkt) toen zijn Heer tot hem zei: \"Onderwerp jezelf (aan Mij).\" Hij zei: \"Ik onderwerp mij aan de Heer der Werelden.\"","en":"When his Lord ordered him, “Submit ˹to My Will˺,” he responded, “I submit to the Lord of all worlds.”"},"surah":null},{"id":139,"surahId":2,"ayatId":132,"ayatNo":"١٣٢","pageNo":20,"ayatText":"وَوَصّٰى بِهَٓا اِبْرٰهٖيمُ بَنٖيهِ وَيَعْقُوبُؕ يَا بَنِيَّ اِنَّ اللّٰهَ اصْطَفٰى لَكُمُ الدّٖينَ فَلَا تَمُوتُنَّ اِلَّا وَاَنْتُمْ مُسْلِمُونَؕ","ayatMealText":{"tr":"Bu dini İbrahim, kendi oğullarına vasiyyet etti, Yakub da öyle yaptı: \"Ey oğullarım! Muhakkak ki, bu dini size Allah seçti, başka dinlerden uzak durun, yalnızca müslüman olarak can verin!\" dedi.","nl":"En Ibrâhîm droeg aan zijn kinderen en aan Ya'qoeb op: \"O mijn kinderen, voorwaar, Allah heeft de godsdienst voor jullie gekozen, sterft daarom niet, behalve als jullie overgegevenen zijn.\"","en":"This was the advice of Abraham—as well as Jacob—to his children, ˹saying˺, “Indeed, Allah has chosen for you this faith; so do not die except in ˹a state of full˺ submission.”"},"surah":null},{"id":140,"surahId":2,"ayatId":133,"ayatNo":"١٣٣","pageNo":20,"ayatText":"اَمْ كُنْتُمْ شُهَدَٓاءَ اِذْ حَضَرَ يَعْقُوبَ الْمَوْتُۙ اِذْ قَالَ لِبَنٖيهِ مَا تَعْبُدُونَ مِنْ بَعْدٖيؕ قَالُوا نَعْبُدُ اِلٰهَكَ وَاِلٰهَ اٰبَٓائِكَ اِبْرٰهٖيمَ وَاِسْمٰعٖيلَ وَاِسْحٰقَ اِلٰهاً وَاحِداًۚ وَنَحْنُ لَهُ مُسْلِمُونَ","ayatMealText":{"tr":"Yoksa siz de olaya şahit mi oldunuz; Yakub'a ölüm hali gelip çattığı zaman, oğullarına; \"Benden sonra neye ibadet edeceksiniz?\" dediği zaman, oğulları; \"Senin Allah'ına ve ataların İbrahim, İsmail ve İshak'ın Allah'ına, tek olan o Allah'a ibadet edeceğiz. Biz ancak O'na boyun eğen müslümanlarız.\" dediler.","nl":"Of waren jullie getuigen toen Ya'qoeb de dood nabij was (en) hij tot zijn kinderen zei: \"Wat zullen jullie aanbidden na mij?\" Zij zeiden: \"Wij zullen uw God aanbidden, de God van uw vaderen, Ibrâhîm, en Isma'îl en Ishaq, als de Ene God, en wij heebn ons aan Hem overgegeven.\"","en":"Or did you witness when death came to Jacob? He asked his children, “Who will you worship after my passing?” They replied, “We will ˹continue to˺ worship your God, the God of your forefathers—Abraham, Ishmael, and Isaac—the One God. And to Him we ˹all˺ submit.”"},"surah":null},{"id":141,"surahId":2,"ayatId":134,"ayatNo":"١٣٤","pageNo":20,"ayatText":"تِلْكَ اُمَّةٌ قَدْ خَلَتْۚ لَهَا مَا كَسَبَتْ وَلَكُمْ مَا كَسَبْتُمْۚ وَلَا تُسْـَٔلُونَ عَمَّا كَانُوا يَعْمَلُونَ","ayatMealText":{"tr":"Onlar bir ümmetti, geldi geçti. Onlara kendi kazandıkları, size de kendi kazandığınız. Siz onların yaptıklarından sorguya çekilecek değilsiniz.","nl":"Dat was een gemeenschap die waarlijk heen is gegaan. Voor haar is wat zij heeft verworven en voor jullie is wat jullie hebben verworven en jullie zullen niet worden ondervraagd over wat zij plachten te bedrijven.","en":"That was a community that had already gone before. For them is what they earned and for you is what you have earned. And you will not be accountable for what they have done"},"surah":null}]}