{"juzNo":11,"pageNo":203,"arCuzNo":"۱۱","arPageNo":"۲۰۳","quranAyats":[{"id":1335,"surahId":9,"ayatId":100,"ayatNo":"١٠٠","pageNo":203,"ayatText":"وَالسَّابِقُونَ الْاَوَّلُونَ مِنَ الْمُهَاجِرٖينَ وَالْاَنْصَارِ وَالَّذٖينَ اتَّبَعُوهُمْ بِاِحْسَانٍۙ رَضِيَ اللّٰهُ عَنْهُمْ وَرَضُوا عَنْهُ وَاَعَدَّ لَهُمْ جَنَّاتٍ تَجْرٖي تَحْتَهَا الْاَنْهَارُ خَالِدٖينَ فٖيهَٓا اَبَداًؕ ذٰلِكَ الْفَوْزُ الْعَظٖيمُ","ayatMealText":{"tr":"Muhacir ve Ensar'dan İslâm'a ilk önce girenlerin başta gelenleri ve iyi amellerle onların ardınca gidenler var ya, işte Allah onlardan razı oldu, onlar da Allah'dan razı oldular ve onlara, altlarında ırmaklar akan cennetler hazırladı ki, içlerinde ebedi kalacaklar. İşte büyük ve muhteşem kurtuluş budur.","nl":"De allereerste (Moslims) van de Ukgewekenen (Moehâdjirîn) en de Anshâr en degenen die hen volgden in goede daden. Allah heeft welbehagen aan hen en zij hebben welbehagen aan Hem. Hij heeft voor tien Tuinen (in het Pamdijs) bereid waar onder door de rivieren stromen, zij zijn daarin eeuwig levenden. Dat is de geweldige overwinning.","en":"As for the foremost—the first of the Emigrants and the Helpers—and those who follow them in goodness, Allah is pleased with them and they are pleased with Him. And He has prepared for them Gardens under which rivers flow, to stay there for ever and ever. That is the ultimate triumph"},"surah":{"surahId":9,"name":"Tevbe","nameAr":"التَّوْبَةِ","revelationOrder":113,"verseCount":129,"juzNo":10,"firstPage":187}},{"id":1336,"surahId":9,"ayatId":101,"ayatNo":"١٠١","pageNo":203,"ayatText":"وَمِمَّنْ حَوْلَكُمْ مِنَ الْاَعْرَابِ مُنَافِقُونَؕ وَمِنْ اَهْلِ الْمَدٖينَةِ مَرَدُوا عَلَى النِّفَاقِ لَا تَعْلَمُهُمْؕ نَحْنُ نَعْلَمُهُمْؕ سَنُعَذِّبُهُمْ مَرَّتَيْنِ ثُمَّ يُرَدُّونَ اِلٰى عَذَابٍ عَظٖيمٍۚ","ayatMealText":{"tr":"Hem çevrenizdeki bedevilerden münafıklar var, hem de Medine halkından münafıklıkta ısrar edenler var. Sen onları bilmezsin. Onları biz biliriz. Biz onları iki kere azaba uğratacağız. Daha sonra da büyük bir azaba itilecekler.","nl":"En onder de bedoeïenen in jouw omgeving bevinden zich huichelaars, en (ook) onder de bewoners van Medinah, zij volharden in hun huichelarij. Jij kent hen niet, maar Wij kennen hen wel. Wij zullen hen twee maal straffen, dan zullen zij worden teruggevoerd naar een geweldige bestraffing.","en":"Some of the nomads around you ˹believers˺ are hypocrites, as are some of the people of Medina. They have mastered hypocrisy. They are not known to you ˹O Prophet˺; they are known to Us. We will punish them twice ˹in this world˺, then they will be brought back ˹to their Lord˺ for a tremendous punishment"},"surah":null},{"id":1337,"surahId":9,"ayatId":102,"ayatNo":"١٠٢","pageNo":203,"ayatText":"وَاٰخَرُونَ اعْتَرَفُوا بِذُنُوبِهِمْ خَلَطُوا عَمَلاً صَالِحاً وَاٰخَرَ سَيِّئاًؕ عَسَى اللّٰهُ اَنْ يَتُوبَ عَلَيْهِمْؕ اِنَّ اللّٰهَ غَفُورٌ رَحٖيمٌ","ayatMealText":{"tr":"Onlardan bir kısmı günahlarını itiraf ettiler. Ve iyi bir amelle kötü bir ameli karıştırdılar. Ola ki, Allah tevbelerini kabul eder. Çünkü Allah gafurdur, rahîmdir.","nl":"En anderen die hun zonden hebben bekend, zij mengen een goede daad met een andere slechte (daad). Hopelijk zal Allah hun berouw aanvaarden. Voorwaar, Allah is Vergevensgezind, Meest Barmhartig.","en":"Some others have confessed their wrongdoing: they have mixed goodness with evil. It is right to hope that Allah will turn to them in mercy. Surely Allah is All-Forgiving, Most Merciful"},"surah":null},{"id":1338,"surahId":9,"ayatId":103,"ayatNo":"١٠٣","pageNo":203,"ayatText":"خُذْ مِنْ اَمْوَالِهِمْ صَدَقَةً تُطَهِّرُهُمْ وَتُزَكّٖيهِمْ بِهَا وَصَلِّ عَلَيْهِمْؕ اِنَّ صَلٰوتَكَ سَكَنٌ لَهُمْؕ وَاللّٰهُ سَمٖيعٌ عَلٖيمٌ","ayatMealText":{"tr":"Onların mallarından sadaka al ki, onunla kendilerini temizlersin, tertemiz edersin. Bir de haklarında hayır dua et. Çünkü senin duan kalblerini yatıştırır. Allah işitendir, bilendir.","nl":"Neem van de bezittingen de zakkât, jij reinigt en zuivert hen daarmee (O Moehammad), en verricht een smeekbede, want jouw smeekbede is een geruststelling voor hen. En Allah is Alhorend, Alwetend.","en":"Take from their wealth ˹O Prophet˺ charity to purify and bless them, and pray for them—surely your prayer is a source of comfort for them. And Allah is All-Hearing, All-Knowing"},"surah":null},{"id":1339,"surahId":9,"ayatId":104,"ayatNo":"١٠٤","pageNo":203,"ayatText":"اَلَمْ يَعْلَمُٓوا اَنَّ اللّٰهَ هُوَ يَقْبَلُ التَّوْبَةَ عَنْ عِبَادِهٖ وَيَأْخُذُ الصَّدَقَاتِ وَاَنَّ اللّٰهَ هُوَ التَّوَّابُ الرَّحٖيمُ","ayatMealText":{"tr":"Onlar bilmiyorlar mı ki, Allah kullarının tevbesini kabul eder ve sadakaları da alır. Allah tevbeleri kabul edendir, çok merhametlidir.","nl":"Weten zij dan niet dat het Allah is Die het bereouw aanvaardt van Zijn dienaren en Die de zakât aanvaardt en dat Allah de Vergevensgezinde, de Meest Barmhartige is?","en":"Do they not know that Allah alone accepts the repentance of His servants and receives ˹their˺ charity, and that Allah alone is the Accepter of Repentance, Most Merciful"},"surah":null},{"id":1340,"surahId":9,"ayatId":105,"ayatNo":"١٠٥","pageNo":203,"ayatText":"وَقُلِ اعْمَلُوا فَسَيَرَى اللّٰهُ عَمَلَكُمْ وَرَسُولُهُ وَالْمُؤْمِنُونَؕ وَسَتُرَدُّونَ اِلٰى عَالِمِ الْغَيْبِ وَالشَّهَادَةِ فَيُنَبِّئُكُمْ بِمَا كُنْتُمْ تَعْمَلُونَۚ","ayatMealText":{"tr":"Ve de ki; \"Çalışın! Yaptıklarınızı hem Allah görecek, hem Resulü, hem de müminler görecektir. Sonra da gizliyi ve açığı bilen Allah'ın huzuruna iletileceksiniz. İşte o zaman, neler yaptığınızı size O bildirecektir.","nl":"En zeg (O Moehammad): \"Allah zal jullie werken zien en ook Zijn Boodschapper en de gelovigen. En jullie zullen worden teruggevoerd tot de Kenner van het onwaarneembare en het waarneembare, dan zal hij jullie inlichten omtrent hetgeen jullie plachten te doen.","en":"Tell ˹them, O Prophet˺, “Do as you will. Your deeds will be observed by Allah, His Messenger, and the believers. And you will be returned to the Knower of the seen and unseen, then He will inform you of what you used to do.”"},"surah":null},{"id":1341,"surahId":9,"ayatId":106,"ayatNo":"١٠٦","pageNo":203,"ayatText":"وَاٰخَرُونَ مُرْجَوْنَ لِاَمْرِ اللّٰهِ اِمَّا يُعَذِّبُهُمْ وَاِمَّا يَتُوبُ عَلَيْهِمْؕ وَاللّٰهُ عَلٖيمٌ حَكٖيمٌ","ayatMealText":{"tr":"Savaşa katılmayanlardan diğer bir kısmının affı da Allah'ın emrini beklemek için geri bırakılmıştır. Ya kendilerini cezalandırır ya da tevbelerini kabul eder. Allah alîmdir, hakîmdir.","nl":"En anderen worden in afwachting gesteld van het oordeel van Allah: of Hij hen straft of hun berouw aanvaardt. En Allah is Alwetend, Alwijs.","en":"And some others are left for Allah’s decision, either to punish them or turn to them in mercy. And Allah is All-Knowing, All-Wise"},"surah":null}]}