{"juzNo":11,"pageNo":207,"arCuzNo":"۱۱","arPageNo":"۲۰۷","quranAyats":[{"id":1358,"surahId":9,"ayatId":123,"ayatNo":"١٢٣","pageNo":207,"ayatText":"يَٓا اَيُّهَا الَّذٖينَ اٰمَنُوا قَاتِلُوا الَّذٖينَ يَلُونَكُمْ مِنَ الْكُفَّارِ وَلْيَجِدُوا فٖيكُمْ غِلْظَةًؕ وَاعْلَمُٓوا اَنَّ اللّٰهَ مَعَ الْمُتَّقٖينَ","ayatMealText":{"tr":"Ey iman edenler, önce yakın çevrenizdeki kâfirlerle savaşın ki, sizde bir güç ve kuvvet olduğunu görsünler. Ve iyi bilin ki, Allah müttakilerle beraberdir.","nl":"O jullie die geloven, bevecht de ongelovigen in jullie naaste omgeving en laten zij hardheid bij jullie aantreffen. En weet dat Allah met de Moettaqôen is.","en":"O believers! Fight the disbelievers around you and let them find firmness in you. And know that Allah is with those mindful ˹of Him˺"},"surah":{"surahId":9,"name":"Tevbe","nameAr":"التَّوْبَةِ","revelationOrder":113,"verseCount":129,"juzNo":10,"firstPage":187}},{"id":1359,"surahId":9,"ayatId":124,"ayatNo":"١٢٤","pageNo":207,"ayatText":"وَاِذَا مَٓا اُنْزِلَتْ سُورَةٌ فَمِنْهُمْ مَنْ يَقُولُ اَيُّـكُمْ زَادَتْهُ هٰذِهٖٓ اٖيمَاناًۚ فَاَمَّا الَّذٖينَ اٰمَنُوا فَزَادَتْهُمْ اٖيمَاناً وَهُمْ يَسْتَبْشِرُونَ","ayatMealText":{"tr":"Bir sûre indirildiği zaman, içlerinden biri çıkar, \"Bu sûre hanginizin imanını arttırdı?\" der. Fakat müminlere gelince, aslında her inen sûre onların imanını arttırmıştır ve onlar sürekli olarak müjdelenip duruyorlar.","nl":"En wanneer er een hoofdstuk is neergezonden dan zijn er onder hen (de huichelaars) die zeggen: \"Bij wie van jullie is door dit (hoofdstuk) het geloof toegenomen?\" Wat degenen die geloven dan betreft: hun geloof is toegenomen en zij verheugen zich.","en":"Whenever a sûrah is revealed, some of them ask ˹mockingly˺, “Which of you has this increased in faith?” As for the believers, it has increased them in faith and they rejoice"},"surah":null},{"id":1360,"surahId":9,"ayatId":125,"ayatNo":"١٢٥","pageNo":207,"ayatText":"وَاَمَّا الَّذٖينَ فٖي قُلُوبِهِمْ مَرَضٌ فَزَادَتْهُمْ رِجْساً اِلٰى رِجْسِهِمْ وَمَاتُوا وَهُمْ كَافِرُونَ","ayatMealText":{"tr":"Kalblerinde bir hastalık olanlara gelince, onların da murdarlıklarına (küfürlerine) murdarlık (küfür) katmıştır ve kâfir olarak ölüp gitmişlerdir.","nl":"En wat degenen in wiens hart een ziekte is betreft: bij hen stapelt dit (nieuw) ongeloof op hun ongeloof en zij sterven terwijl zij ongelovigen zijn.","en":"But as for those with sickness in their hearts, it has increased them only in wickedness upon their wickedness, and they die as disbelievers"},"surah":null},{"id":1361,"surahId":9,"ayatId":126,"ayatNo":"١٢٦","pageNo":207,"ayatText":"اَوَلَا يَرَوْنَ اَنَّهُمْ يُفْتَنُونَ فٖي كُلِّ عَامٍ مَرَّةً اَوْ مَرَّتَيْنِ ثُمَّ لَا يَتُوبُونَ وَلَا هُمْ يَذَّكَّرُونَ","ayatMealText":{"tr":"Onlar (münafıklar) her yıl bir veya iki kere kendilerinin çeşitli belalara uğratıldıklarını görmüyorlar mı? Böyle iken yine de tevbe etmiyor ve ibret almıyorlar.","nl":"En zien zij dan niet dat zij in elk jaar één of twee keer beproefd worden? Daarop tonen zij geen berouw en zij trekken er geen lering uit.","en":"Do they not see that they are tried once or twice every year? Yet they neither repent nor do they learn a lesson"},"surah":null},{"id":1362,"surahId":9,"ayatId":127,"ayatNo":"١٢٧","pageNo":207,"ayatText":"وَاِذَا مَٓا اُنْزِلَتْ سُورَةٌ نَظَرَ بَعْضُهُمْ اِلٰى بَعْضٍؕ هَلْ يَرٰيكُمْ مِنْ اَحَدٍ ثُمَّ انْصَرَفُواؕ صَرَفَ اللّٰهُ قُلُوبَهُمْ بِاَنَّهُمْ قَوْمٌ لَا يَفْقَهُونَ","ayatMealText":{"tr":"Aleyhlerinde bir sûre indirilince, \"Sizi birisi görüyor mu?\" diye birbirlerine göz ederler, sonra da sıvışır giderler. Allah onların kalblerini (imandan) çevirmiştir. Bu yüzden onlar anlayışsız bir kavimdirler.","nl":"En wanneer een hoofdstuk wordt neergezonden, dan kijken zij elkaar aan (zeggende:) \"Is er iemand (van de gelovigen) die jullie ziet?\" Daarna wenden zij zich af. Allah heeft hun harten afgcwend omdat zij een volk zijn dat niet begrijpt.","en":"Whenever a sûrah is revealed, they look at one another, ˹saying,˺ “Is anyone watching you?” Then they slip away. ˹It is˺ Allah ˹Who˺ has turned their hearts away because they are a people who do not comprehend"},"surah":null},{"id":1363,"surahId":9,"ayatId":128,"ayatNo":"١٢٨","pageNo":207,"ayatText":"لَقَدْ جَٓاءَكُمْ رَسُولٌ مِنْ اَنْفُسِكُمْ عَزٖيزٌؗ عَلَيْهِ مَا عَنِتُّمْ حَرٖيصٌ عَلَيْكُمْ بِالْمُؤْمِنٖينَ رَؤُ۫فٌ رَحٖيمٌ","ayatMealText":{"tr":"Andolsun size içinizden öyle bir peygamber geldi ki, gayet izzetli ve şereflidir. Sıkıntıya düşmeniz ona çok ağır gelir üstünüze titrer, müminlere gayet merhametli ve şefkatlidir.","nl":"Voorzeker, er is een Boodschapper tot jullie gekomen uit jullie eigen midden. Zwaar voor hem is jullie lijden, vurig wenst hij het goede voor jullie, voor de gelovigen is bij liefdevol en barmhartig.","en":"There certainly has come to you a messenger from among yourselves. He is concerned by your suffering, anxious for your well-being, and gracious and merciful to the believers"},"surah":null},{"id":1364,"surahId":9,"ayatId":129,"ayatNo":"١٢٩","pageNo":207,"ayatText":"فَاِنْ تَوَلَّوْا فَقُلْ حَسْبِيَ اللّٰهُؗ لَٓا اِلٰهَ اِلَّا هُوَؕ عَلَيْهِ تَوَكَّلْتُ وَهُوَ رَبُّ الْعَرْشِ الْعَظٖيمِ","ayatMealText":{"tr":"Eğer aldırmazlarsa onlara de ki: Bana Allah yeter. O'ndan başka ilâh yoktur. Ben O'na dayanmaktayım ve O, o büyük Arş'ın Rabbidir.","nl":"Als zij zich dan afwenden, zeg dan: \"Allah is mij voldoende, geen god is er dan Hij!, op Hem vertrouw ik, en Hij is de Heer van de Geweldige Troon.\"","en":"But if they turn away, then say, ˹O Prophet,˺ “Allah is sufficient for me. There is no god ˹worthy of worship˺ except Him. In Him I put my trust. And He is the Lord of the Mighty Throne.”"},"surah":null}]}