{"juzNo":11,"pageNo":215,"arCuzNo":"۱۱","arPageNo":"۲۱٥","quranAyats":[{"id":1418,"surahId":10,"ayatId":54,"ayatNo":"٥٤","pageNo":215,"ayatText":"وَلَوْ اَنَّ لِكُلِّ نَفْسٍ ظَلَمَتْ مَا فِي الْاَرْضِ لَافْتَدَتْ بِهٖؕ وَاَسَرُّوا النَّدَامَةَ لَمَّا رَاَوُا الْعَذَابَۚ وَقُضِيَ بَيْنَهُمْ بِالْقِسْطِ وَهُمْ لَا يُظْلَمُونَ","ayatMealText":{"tr":"Zulüm yapmış olan herkes, azabı görünce yeryüzündeki her şeyin sahibi olsa da, (o azaptan kurtulmak için) hepsini feda ederdi. Ve içten içe pişmanlık duyardı. Fakat aralarında adaletle hüküm verilir ve hiçbirine zulüm yapılmaz.","nl":"En wanneer iedere onrecht plegende mens zou beschikken over alles wat er op de aarde is, dan zou bij zich ennee willen vrijkopen. En zij verbergen hun spijt wanneer zij de bestraffing zien. En er zal tussen hen rechtvaardig worden geoordeeld, en hun zal geen onrecht worden aangedaan.","en":"If every wrongdoer were to possess everything in the world, they would surely ransom themselves with it. They will hide ˹their˺ remorse when they see the torment. And they will be judged in all fairness, and none will be wronged"},"surah":{"surahId":10,"name":"Yûnus","nameAr":"يُونُسَ","revelationOrder":51,"verseCount":109,"juzNo":11,"firstPage":208}},{"id":1419,"surahId":10,"ayatId":55,"ayatNo":"٥٥","pageNo":215,"ayatText":"اَلَٓا اِنَّ لِلّٰهِ مَا فِي السَّمٰوَاتِ وَالْاَرْضِؕ اَلَٓا اِنَّ وَعْدَ اللّٰهِ حَقٌّ وَلٰكِنَّ اَكْثَرَهُمْ لَا يَعْلَمُونَ","ayatMealText":{"tr":"Haberiniz olsun ki, göklerde ve yerde ne varsa Allah'ındır. Açın gözünüzü, Allah'ın vaadi muhakkak ki, haktır, gerçektir. Lâkin onların çoğu bunu bilmezler.","nl":"Weet voorwaar, aan Allah behoort wat in de hemelen en op de aarde is. Weet: voorwaar, de belofte van Allah is waar, maar de meesten van hen weten het niet.","en":"Surely to Allah belongs whatever is in the heavens and the earth. Surely Allah’s promise is ˹always˺ true, but most of them do not know"},"surah":null},{"id":1420,"surahId":10,"ayatId":56,"ayatNo":"٥٦","pageNo":215,"ayatText":"هُوَ يُحْـيٖ وَيُمٖيتُ وَاِلَيْهِ تُرْجَعُونَ","ayatMealText":{"tr":"O, hem can veren, hem can alandır. Ve hepiniz O'na döndürülüp götürüleceksiniz.","nl":"Hij doet leven en Hij doet sterven en tot Hem worden jullie teruggekeerd.","en":"He ˹is the One Who˺ gives life and causes death, and to Him you will ˹all˺ be returned"},"surah":null},{"id":1421,"surahId":10,"ayatId":57,"ayatNo":"٥٧","pageNo":215,"ayatText":"يَٓا اَيُّهَا النَّاسُ قَدْ جَٓاءَتْكُمْ مَوْعِظَةٌ مِنْ رَبِّكُمْ وَشِفَٓاءٌ لِمَا فِي الصُّدُورِ وَهُدًى وَرَحْمَةٌ لِلْمُؤْمِنٖينَ","ayatMealText":{"tr":"Ey insanlar! Size Rabbinizden bir öğüt, gönüller derdine bir şifa, müminlere bir hidayet ve rahmet geldi.","nl":"O mensen, voorzeker, er is cm vermaning van jullie Heer tot jullie gekomen en een genezing voor wat in jullie harten is, en Leiding en Barmhartigheid voor de gelovigen.","en":"O humanity! Indeed, there has come to you a warning from your Lord, a cure for what is in the hearts, a guide, and a mercy for the believers"},"surah":null},{"id":1422,"surahId":10,"ayatId":58,"ayatNo":"٥٨","pageNo":215,"ayatText":"قُلْ بِفَضْلِ اللّٰهِ وَبِرَحْمَتِهٖ فَبِذٰلِكَ فَلْيَفْرَحُواؕ هُوَ خَيْرٌ مِمَّا يَجْمَعُونَ","ayatMealText":{"tr":"De ki, \"Allah'ın ihsanıyla ve rahmetiyle, yalnızca bunlarla sevinç duysunlar. Bu, onların biriktirip durduklarından daha hayırlıdır.\"","nl":"Zeg (O Moehammad): \"Met de gunst van Allah en Zijn Barmhartigheid, laten zij zich dan daarmee verheugen. Hij (de gunst) is beter dan wat zij verzamelen.\"","en":"Say, ˹O Prophet,˺ “In Allah’s grace and mercy let them rejoice. That is far better than whatever ˹wealth˺ they amass.”"},"surah":null},{"id":1423,"surahId":10,"ayatId":59,"ayatNo":"٥٩","pageNo":215,"ayatText":"قُلْ اَرَاَيْتُمْ مَٓا اَنْزَلَ اللّٰهُ لَكُمْ مِنْ رِزْقٍ فَجَعَلْتُمْ مِنْهُ حَرَاماً وَحَلَالاًؕ قُلْ آٰللّٰهُ اَذِنَ لَكُمْ اَمْ عَلَى اللّٰهِ تَفْتَرُونَ","ayatMealText":{"tr":"De ki, \"Baksanıza, Allah sizin için nice rızıklar indirdi, siz onlardan bir kısmını haram, bir kısmını helâl yaptınız\". De ki, \"Size Allah mı izin verdi, yoksa siz Allah'a iftira mı ediyorsunuz?\"","nl":"Zeg: \"Hebben jullie gezien wat Allah voor jullie heeft neergezonden aan voorzieningen, waarna jullie daarvan verboden en toegestane dingen maakten?\" Zeg: \"Heeft Allah jullie (darvoor) toestemming gegeven? Of verzinnen jullie leugens over Allah?\"","en":"Ask ˹the pagans, O Prophet˺, “Have you seen that which Allah has sent down for you as a provision, of which you have made some lawful and some unlawful?” Say, “Has Allah given you authorization, or are you fabricating lies against Allah?”"},"surah":null},{"id":1424,"surahId":10,"ayatId":60,"ayatNo":"٦٠","pageNo":215,"ayatText":"وَمَا ظَنُّ الَّذٖينَ يَفْتَرُونَ عَلَى اللّٰهِ الْكَذِبَ يَوْمَ الْقِيٰمَةِؕ اِنَّ اللّٰهَ لَذُو فَضْلٍ عَلَى النَّاسِ وَلٰكِنَّ اَكْثَرَهُمْ لَا يَشْكُرُونَࣖ","ayatMealText":{"tr":"Allah'a yalanı iftira edenler kıyamet gününü ne sanıyorlar? Allah, insanlara çok ihsanda bulunmuştur, lâkin insanların çoğu şükretmezler.","nl":"En wat zullen degenen die over Allah leugens verzinnen, denken op de Dag der Opstanding? Voorwaar, Allah is de Bezitter van de gunst vom de mensen, maar de meesten van hen zijn niet dankbaar.","en":"What do those who fabricate lies against Allah expect on Judgment Day? Surely Allah is ever Bountiful to humanity, but most of them are ungrateful"},"surah":null},{"id":1425,"surahId":10,"ayatId":61,"ayatNo":"٦١","pageNo":215,"ayatText":"وَمَا تَكُونُ فٖي شَأْنٍ وَمَا تَتْلُوا مِنْهُ مِنْ قُرْاٰنٍ وَلَا تَعْمَلُونَ مِنْ عَمَلٍ اِلَّا كُنَّا عَلَيْكُمْ شُهُوداً اِذْ تُفٖيضُونَ فٖيهِؕ وَمَا يَعْزُبُ عَنْ رَبِّكَ مِنْ مِثْقَالِ ذَرَّةٍ فِي الْاَرْضِ وَلَا فِي السَّمَٓاءِ وَلَٓا اَصْغَرَ مِنْ ذٰلِكَ وَلَٓا اَكْبَرَ اِلَّا فٖي كِتَابٍ مُبٖينٍ","ayatMealText":{"tr":"Hangi işi yaparsan yap, Kur'ân'dan ne okursan oku, ne işte çalışırsan çalış, unutmayın ki, siz ona dalıp gitmişken, biz sizin üzerinizde şahidiz. Ne yerde, ne de gökte zerre kadar hiç bir şey Rabbinin gözünden kaçmaz. Ne zerreden daha küçük, ne de ondan daha büyük! Ancak bunların hepsi apaçık bir kitaptadır.","nl":"En jij houdt je niet met een zaak bezig, en niets draag jij daarover van de Koran voor, en jullie verrichten jullie geen werk, of Wij zijn over jullie Getuigen wanneer jullie daarin verdiept zijn. En jouw Heer ontgaat geen stofdeeltje op de aarde en (in) de hemel; en er is niets kleiners dan dat en niets groters, of het staat in een duidelijk Boek.","en":"There is no activity you may be engaged in ˹O Prophet˺ or portion of the Quran you may be reciting, nor any deed you ˹all˺ may be doing except that We are a Witness over you while doing it. Not ˹even˺ an atom’s weight is hidden from your Lord on earth or in heaven; nor anything smaller or larger than that, but is ˹written˺ in a perfect Record"},"surah":null}]}