{"juzNo":12,"pageNo":226,"arCuzNo":"۱۲","arPageNo":"۲۲٦","quranAyats":[{"id":1511,"surahId":11,"ayatId":38,"ayatNo":"٣٨","pageNo":226,"ayatText":"وَيَصْنَعُ الْفُلْكَ وَكُلَّمَا مَرَّ عَلَيْهِ مَلَاٌ مِنْ قَوْمِهٖ سَخِرُوا مِنْهُؕ قَالَ اِنْ تَسْخَرُوا مِنَّا فَاِنَّا نَسْخَرُ مِنْكُمْ كَمَا تَسْخَرُونَؕ","ayatMealText":{"tr":"Gemiyi yapıyordu, kavminden bazı ileri gelen gruplar, onun yanından gelip geçtikçe, onunla alay ediyorlardı. Nuh dedi ki: \"Bizimle eğleniyorsunuz, biz de sizinle tıpkı bizimle eğlendiğiniz gibi alay edip eğleneceğiz.\"","nl":"En hij bouwde het schip en telkens wanneer de vooraanstaanden van zijn volk voor bij kwamen, bespotten zij hem. Hij zei: \"Als jullie ons bespotten: voorwaar, dan zullen wij jullie later bespotten, zoals jullie ons (nu) bespotten.\"","en":"So he began to build the Ark, and whenever some of the chiefs of his people passed by, they mocked him. He said, “If you laugh at us, we will ˹soon˺ laugh at you similarly"},"surah":{"surahId":11,"name":"Hûd","nameAr":"هُودٍ","revelationOrder":52,"verseCount":123,"juzNo":11,"firstPage":221}},{"id":1512,"surahId":11,"ayatId":39,"ayatNo":"٣٩","pageNo":226,"ayatText":"فَسَوْفَ تَعْلَمُونَۙ مَنْ يَأْتٖيهِ عَذَابٌ يُخْزٖيهِ وَيَحِلُّ عَلَيْهِ عَذَابٌ مُقٖيمٌ","ayatMealText":{"tr":"O perişan edici azabın kime geleceğini ve o sürekli azabın kimin başına ineceğini ilerde bileceksiniz.","nl":"Jullie zullen het weten komen, tot wie de bestraffing komt die hem vernedert. En een blijvende bestraffing komt op hen neer.","en":"You will soon come to know who will be visited by a humiliating torment ˹in this life˺ and overwhelmed by an everlasting punishment ˹in the next˺.”"},"surah":null},{"id":1513,"surahId":11,"ayatId":40,"ayatNo":"٤٠","pageNo":226,"ayatText":"حَتّٰٓى اِذَا جَٓاءَ اَمْرُنَا وَفَارَ التَّنُّورُۙ قُلْنَا احْمِلْ فٖيهَا مِنْ كُلٍّ زَوْجَيْنِ اثْنَيْنِ وَاَهْلَكَ اِلَّا مَنْ سَبَقَ عَلَيْهِ الْقَوْلُ وَمَنْ اٰمَنَؕ وَمَٓا اٰمَنَ مَعَهُٓ اِلَّا قَلٖيلٌ","ayatMealText":{"tr":"Nihayet emrimiz geldiği ve tennur (tandır veya geminin kazanı) tutuşup parladığı zaman dedik ki; \"Erkeği ve dişisi olan her canlıdan ikişer tane, aleyhlerinde hüküm verilmiş olanların dışında, aileni ve iman etmiş olanları geminin içine yükle\". Zaten beraberinde iman edenler çok az idi.","nl":"Totdat, toen Ons bevel (om hen te vernietigen) kwam, en de oven overkookte. En Wij zeiden: \"Laad het (schip) met twee van elke soort, en jouw familie, behalve hen voor wie het woord (van bestraffing) reeds is voorafgegaan. En degene die gelooft. En niemand geloofde met ten, behalve enkelen.","en":"And when Our command came and the oven burst ˹with water˺, We said ˹to Noah˺, “Take into the Ark a pair from every species along with your family—except those against whom the decree ˹to drown˺ has already been passed—and those who believe.” But none believed with him except for a few"},"surah":null},{"id":1514,"surahId":11,"ayatId":41,"ayatNo":"٤١","pageNo":226,"ayatText":"وَقَالَ ارْكَبُوا فٖيهَا بِسْمِ اللّٰهِ مَجْرٰۭۙيهَا وَمُرْسٰيهَاؕ اِنَّ رَبّٖي لَغَفُورٌ رَحٖيمٌ","ayatMealText":{"tr":"Nuh dedi ki; \"Allah'ın adıyla binin içine. Onun akışı da, duruşu da (O'nun adıyladır). Hiç şüphesiz Rabbim gerçekten çok bağışlayıcı, çok esirgeyicidir.","nl":"En hij (Nôeh) zei: \"Ga aan boord, (en zeg:) \"Bismillahi madjréha wa moersahâ\" (In de Naam van Allah vaart zij haar koers en gaat zij voor anker.) Voorwaar, mijn Heer is zeker Vergevensgezind, Meest Barmbartig'.","en":"And he said, “Board it! In the Name of Allah it will sail and cast anchor. Surely my Lord is All-Forgiving, Most Merciful.”"},"surah":null},{"id":1515,"surahId":11,"ayatId":42,"ayatNo":"٤٢","pageNo":226,"ayatText":"وَهِيَ تَجْرٖي بِهِمْ فٖي مَوْجٍ كَالْجِبَالِ وَنَادٰى نُوحٌۨ ابْنَهُ وَكَانَ فٖي مَعْزِلٍ يَا بُنَيَّ ارْكَبْۭࣗ مَعَنَا وَلَا تَكُنْ مَعَ الْكَافِرٖينَ","ayatMealText":{"tr":"Gemi içindekilerle birlikte, dağlar gibi dalgalar arasında akıp gidiyordu. Nuh ayrı bir yere çekilmiş olan oğluna bağırdı: \"Yavrucuğum, gel, bizimle beraber bin! Kâfirlerle beraber olma!\"","nl":"En zij vaude met hen uit, op golven zo hoog als bergen, en Nôeh riep tot zijn zoon die alleen (op het land) stond: 'O mijn zoon, kom bij ons aan boord en behoor niet tot de ongelovigen.\"","en":"And ˹so˺ the Ark sailed with them through waves like mountains. Noah called out to his son, who stood apart, “O my dear son! Come aboard with us and do not be with the disbelievers.”"},"surah":null},{"id":1516,"surahId":11,"ayatId":43,"ayatNo":"٤٣","pageNo":226,"ayatText":"قَالَ سَاٰوٖٓي اِلٰى جَبَلٍ يَعْصِمُنٖي مِنَ الْمَٓاءِؕ قَالَ لَا عَاصِمَ الْيَوْمَ مِنْ اَمْرِ اللّٰهِ اِلَّا مَنْ رَحِمَۚ وَحَالَ بَيْنَهُمَا الْمَوْجُ فَكَانَ مِنَ الْمُغْرَقٖينَ","ayatMealText":{"tr":"O, dedi ki; \"Ben, beni sudan koruyacak bir dağa çıkacağım\". Nuh da \"Bu gün Allah'ın merhamet ettiğinden başkasını, Allah'ın bu emrinden koruyacak kimse yoktur.\" dedi. Derken dalga aralarına giriverdi. O da boğulanlardan oldu.","nl":"Hij zei: \"Ik zal een schuilplaats zoeken in de bergen die mij tegen het water zal beschernen.\" Hij (Nôeh) zei: \"Op deze dag is er geen bescherming tegen het bevel van AlIah, behalve voor wie Hij begenadigt.\" En de golven scheidden hen en bij behoorde tot de verdronkenen.","en":"He replied, “I will take refuge on a mountain, which will protect me from the water.” Noah cried, “Today no one is protected from Allah’s decree except those to whom He shows mercy!” And the waves came between them, and his son was among the drowned"},"surah":null},{"id":1517,"surahId":11,"ayatId":44,"ayatNo":"٤٤","pageNo":226,"ayatText":"وَقٖيلَ يَٓا اَرْضُ ابْلَعٖي مَٓاءَكِ وَيَا سَمَٓاءُ اَقْلِعٖي وَغٖيضَ الْمَٓاءُ وَقُضِيَ الْاَمْرُ وَاسْتَوَتْ عَلَى الْجُودِيِّ وَقٖيلَ بُعْداً لِلْقَوْمِ الظَّالِمٖينَ","ayatMealText":{"tr":"Allah tarafından denildi ki: \"Ey yeryüzü suyunu yut! Ey gökyüzü sen de suyunu kes! Ve sular çekildi. Emir yerine gelmiş oldu. Gemi de Cudi dağı üzerine oturdu. O zalim kavme böylece dünyadan uzak olun denildi.","nl":"En er werd gezegd: \"O aarde, slikje water in,\" en: \"O hemel, droog op.\" En het water trok zich terug. En het bevel was uitgevoerd. En het schip ging voor anker bij de berg Djôedy. En er werd gezegd: \"Verdoemd is het onrechtplegende volk.\"","en":"And it was said, “O earth! Swallow up your water. And O sky! Withhold ˹your rain˺.” The floodwater receded and the decree was carried out. The Ark rested on Mount Judi, and it was said, “Away with the wrongdoing people!”"},"surah":null},{"id":1518,"surahId":11,"ayatId":45,"ayatNo":"٤٥","pageNo":226,"ayatText":"وَنَادٰى نُوحٌ رَبَّهُ فَقَالَ رَبِّ اِنَّ ابْنٖي مِنْ اَهْلٖي وَاِنَّ وَعْدَكَ الْحَقُّ وَاَنْتَ اَحْكَمُ الْحَاكِمٖينَ","ayatMealText":{"tr":"Nuh Rabbine niyaz edip dedi ki: \"Ey Rabbim! Oğlum benim ehlimdendi senin vaadin de elbette haktır ve gerçektir. Ve sen hakimler hakimisin.\"","nl":"En Nôeh riep tot zijn Heer, hij zei: \"O mijn Heer, voorwaar, mijn zoon behoort tot mijin familie, en voorwaar, Uw belofte is de Waarheid. En U bent de Rechtvaardigste der Rechters.\"","en":"Noah called out to his Lord, saying, “My Lord! Certainly my son is ˹also˺ of my family, Your promise is surely true, and You are the most just of all judges!”"},"surah":null}]}