{"juzNo":12,"pageNo":230,"arCuzNo":"۱۲","arPageNo":"۲۳۰","quranAyats":[{"id":1545,"surahId":11,"ayatId":72,"ayatNo":"٧٢","pageNo":230,"ayatText":"قَالَتْ يَا وَيْلَتٰٓى ءَاَلِدُ وَاَنَا۬ عَجُوزٌ وَهٰذَا بَعْلٖي شَيْخاًؕ اِنَّ هٰذَا لَشَيْءٌ عَجٖيبٌ","ayatMealText":{"tr":"\"Vay başıma gelene!\" dedi, \"Ben bir kocakarıyım, kocam da yaşlı bir adam. Bu gerçekten çok tuhaf bir şey!\"","nl":"Zij zei: \"Wee mij, zal ik een kind baren, terwijl ik een oude vrouw ben, en deze echtgenoot van mij is een oude man. Voorwaar, dat is zeker iets verbazingwekkends.\"","en":"She wondered, “Oh, my! How can I have a child in this old age, and my husband here is an old man? This is truly an astonishing thing!”"},"surah":{"surahId":11,"name":"Hûd","nameAr":"هُودٍ","revelationOrder":52,"verseCount":123,"juzNo":11,"firstPage":221}},{"id":1546,"surahId":11,"ayatId":73,"ayatNo":"٧٣","pageNo":230,"ayatText":"قَالُٓوا اَتَعْجَبٖينَ مِنْ اَمْرِ اللّٰهِ رَحْمَتُ اللّٰهِ وَبَرَكَاتُهُ عَلَيْكُمْ اَهْلَ الْبَيْتِؕ اِنَّهُ حَمٖيدٌ مَجٖيدٌ","ayatMealText":{"tr":"Dediler: \"Sen Allah'ın emrine mi şaşıyorsun? Allah'ın rahmeti ve berekâtı üzerinizdedir. Ey ev halkı! Muhakkak ki O, hamiddir (övülmeye lâyıktır), meciddir (cömertliği boldur).\"","nl":"Zij (de Engelen) zeiden: \"Verbaas jij je over de beschikking van Allah? Het is Allah's Barmhartigheid en het zijn Zijn zegeningen over jullie, O bewoners van het huis. Voorwaar, Hij is Meest Prijzenswaardig, Meest Vrijgevig.\"","en":"They responded, “Are you astonished by Allah’s decree? May Allah’s mercy and blessings be upon you, O people of this house. Indeed, He is Praiseworthy, All-Glorious.”"},"surah":null},{"id":1547,"surahId":11,"ayatId":74,"ayatNo":"٧٤","pageNo":230,"ayatText":"فَلَمَّا ذَهَبَ عَنْ اِبْرٰهٖيمَ الرَّوْعُ وَجَٓاءَتْهُ الْبُشْرٰى يُجَادِلُنَا فٖي قَوْمِ لُوطٍؕ","ayatMealText":{"tr":"İbrahim'den korku iyice geçip gidince, bu müjde de kendisine gelince, bizim (meleklerimiz)le Lut kavmi hakkında tartışmaya girişti:","nl":"En toen de angst bij lbrâhîm was verdwenen, en de goede tijding tot hem was gekomen, redetwistte hij met Ons over het volk van Lôeth.","en":"Then after the fear had left Abraham, and the good news had reached him, he began to plead with Us for the people of Lot"},"surah":null},{"id":1548,"surahId":11,"ayatId":75,"ayatNo":"٧٥","pageNo":230,"ayatText":"اِنَّ اِبْرٰهٖيمَ لَحَلٖيمٌ اَوَّاهٌ مُنٖيبٌ","ayatMealText":{"tr":"Çünkü İbrahim, çok yumuşak huylu ve çok yufka yürekli (yanık kalbli) idi.","nl":"Voorwaar, Ibrâhîm is inderdaad zachtmoedig, teder, berouwvol.","en":"Truly, Abraham was forbearing, tender-hearted, and ever turning ˹to his Lord˺"},"surah":null},{"id":1549,"surahId":11,"ayatId":76,"ayatNo":"٧٦","pageNo":230,"ayatText":"يَٓا اِبْرٰهٖيمُ اَعْرِضْ عَنْ هٰذَاۚ اِنَّهُ قَدْ جَٓاءَ اَمْرُ رَبِّكَۚ وَاِنَّهُمْ اٰتٖيهِمْ عَذَابٌ غَيْرُ مَرْدُودٍ","ayatMealText":{"tr":"Melekler: \"Ey İbrahim! Bu konuda bizimle tartışmaktan vazgeç. Çünkü Rabbinin emri kesin olarak geldi ve onlara geri çevrilmesi mümkün olmayan bir azap gelecektir.","nl":"O Ibráhîm, wend je hier van af! Voorwaar, de beschikking van jouw Heer is reeds gekomen. Voorwaar, een onafwendbare bestraffing zal tot hen komen.","en":"˹The angels said,˺ “O Abraham! Plead no more! Your Lord’s decree has already come, and they will certainly be afflicted with a punishment that cannot be averted!”"},"surah":null},{"id":1550,"surahId":11,"ayatId":77,"ayatNo":"٧٧","pageNo":230,"ayatText":"وَلَمَّا جَٓاءَتْ رُسُلُنَا لُوطاً سٖٓيءَ بِهِمْ وَضَاقَ بِهِمْ ذَرْعاً وَقَالَ هٰذَا يَوْمٌ عَصٖيبٌ","ayatMealText":{"tr":"Ne zaman ki, elçilerimiz Lut'a geldiler, bunların gelişleri yüzünden Lut fenalaştı, eli ayağı birbirine dolaştı ve \"Bu gün çetin bir gündür.\" dedi.","nl":"En toen Onze gezanten (Engelen) tot Lôeth kwamen, voelde hij zich benard en machteloos benauwd, en hij zei: \"Dit is een zware dag.\"","en":"When Our messenger-angels came to Lot, he was distressed and worried by their arrival. He said, “This is a terrible day.”"},"surah":null},{"id":1551,"surahId":11,"ayatId":78,"ayatNo":"٧٨","pageNo":230,"ayatText":"وَجَٓاءَهُ قَوْمُهُ يُهْرَعُونَ اِلَيْهِ وَمِنْ قَبْلُ كَانُوا يَعْمَلُونَ السَّيِّـَٔاتِؕ قَالَ يَا قَوْمِ هٰٓؤُ۬لَٓاءِ بَنَاتٖي هُنَّ اَطْهَرُ لَكُمْ فَاتَّقُوا اللّٰهَ وَلَا تُخْزُونِ فٖي ضَيْفٖيؕ اَلَيْسَ مِنْكُمْ رَجُلٌ رَشٖيدٌ","ayatMealText":{"tr":"Daha önceleri çirkin işler yapmış olan kavmi harıl harıl koşup geldiler. Lut onlara: \"Ey kavmim! İşte size kızlarım, onlar sizin için daha temizdirler. Gelin Allah'tan korkun, beni misafirlerime rezil rüsvay etmeyin. İçinizde hiç aklı başında bir adam yok mu?\" dedi.","nl":"En zijn volk kwam tot hem, zich tot hem haastend. En voorheen plachten zij slechte daden te bedrijven. Hij zei: \"O mijn volk, dit zijn mijn dochters, zij zijn reiner voor juillie. Vreest daarom Allah, en vernedert mij niet tegenover mijn gasten. Is er onder jullie geen man met gezond verstandt?\"","en":"And ˹the men of˺ his people—who were used to shameful deeds—came to him rushing. He pleaded, “O my people! Here are my daughters ˹for marriage˺—they are pure for you. So fear Allah, and do not humiliate me by disrespecting my guests. Is there not ˹even˺ a single right-minded man among you?”"},"surah":null},{"id":1552,"surahId":11,"ayatId":79,"ayatNo":"٧٩","pageNo":230,"ayatText":"قَالُوا لَقَدْ عَلِمْتَ مَا لَنَا فٖي بَنَاتِكَ مِنْ حَقٍّۚ وَاِنَّكَ لَتَعْلَمُ مَا نُرٖيدُ","ayatMealText":{"tr":"Onlar: \"Sen de bilirsin ki, bizim senin kızlarınla bir ilgimiz yoktur. Sen bizim ne istediğimizi gayet iyi biliyorsun.\" dediler.","nl":"Zij zeiden: \"Voorzeker, je weet dat wij geen behoefte hebben aan jouw dochters, en voorwaar, jij weet wat wij wensen.\"","en":"They argued, “You certainly know that we have no need for your daughters. You already know what we desire!”"},"surah":null},{"id":1553,"surahId":11,"ayatId":80,"ayatNo":"٨٠","pageNo":230,"ayatText":"قَالَ لَوْ اَنَّ لٖي بِكُمْ قُوَّةً اَوْ اٰوٖٓي اِلٰى رُكْنٍ شَدٖيدٍ","ayatMealText":{"tr":"Lut dedi: \"Ne olurdu size karşı bir kuvvetim olsaydı, ya da çok sarp bir yere sığınabilseydim.\"","nl":"Hij zei: \"Als ik toch macht tegen jullie had, of mijn toevlucht kon nemen bij een machtige familie... (dan zou ik tegen jullie op kunnen treden.)\"","en":"He responded, “If only I had the strength ˹to resist you˺ or could rely on a strong supporter.”"},"surah":null},{"id":1554,"surahId":11,"ayatId":81,"ayatNo":"٨١","pageNo":230,"ayatText":"قَالُوا يَا لُوطُ اِنَّا رُسُلُ رَبِّكَ لَنْ يَصِلُٓوا اِلَيْكَ فَاَسْرِ بِاَهْلِكَ بِقِطْعٍ مِنَ الَّيْلِ وَلَا يَلْتَفِتْ مِنْكُمْ اَحَدٌ اِلَّا امْرَاَتَكَؕ اِنَّهُ مُصٖيبُهَا مَٓا اَصَابَهُمْؕ اِنَّ مَوْعِدَهُمُ الصُّبْحُؕ اَلَيْسَ الصُّبْحُ بِقَرٖيبٍ","ayatMealText":{"tr":"Melekler dediler: \"Ey Lut! Şundan emin ol ki, biz Rabbinin elçileriyiz. Onlar sana asla zarar veremezler. Sen, gecenin bir kısmı olunca ailenle birlikte hemen buradan çık git. İçinizden hiç kimse geri kalmasın, eşin başka. Çünkü ona da onlara gelecek olan musibet gelecektir. Haberin olsun, helâk zamanları sabah vaktidir. Zaten sabah yakın değil mi?\"","nl":"Zij (de Engelen) zeiden: \"O Lôeth, voorwaar, wij zijn de gezanten van jouw Heer, zij zullen jou nimmer kunnen bereiken, vertrek dus met jouw familie in de nacht. En laat niemand van jullie achterblijven, behalve jouw vrouw. Voorwaar, wat haar zal treffen, is wat hen zal treffen. Voorwaar, wat hun is aangezegd, zal in de ochtend plaatsvinden. Is de ochtend niet nabij?\"","en":"The angels said, “O Lot! We are the messengers of your Lord. They will never reach you. So travel with your family in the dark of night, and do not let any of you look back, except your wife. She will certainly suffer the fate of the others. Their appointed time is the morning. Is the morning not near?”"},"surah":null}]}