{"juzNo":2,"pageNo":25,"arCuzNo":"۲","arPageNo":"۲٥","quranAyats":[{"id":171,"surahId":2,"ayatId":164,"ayatNo":"١٦٤","pageNo":25,"ayatText":"اِنَّ فٖي خَلْقِ السَّمٰوَاتِ وَالْاَرْضِ وَاخْتِلَافِ الَّيْلِ وَالنَّهَارِ وَالْفُلْكِ الَّتٖي تَجْرٖي فِي الْبَحْرِ بِمَا يَنْفَعُ النَّاسَ وَمَٓا اَنْزَلَ اللّٰهُ مِنَ السَّمَٓاءِ مِنْ مَٓاءٍ فَاَحْيَا بِهِ الْاَرْضَ بَعْدَ مَوْتِهَا وَبَثَّ فٖيهَا مِنْ كُلِّ دَٓابَّةٍࣕ وَتَصْرٖيفِ الرِّيَاحِ وَالسَّحَابِ الْمُسَخَّرِ بَيْنَ السَّمَٓاءِ وَالْاَرْضِ لَاٰيَاتٍ لِقَوْمٍ يَعْقِلُونَ","ayatMealText":{"tr":"Şüphesiz göklerin ve yerin yaratılışında, gece ile gündüzün birbiri ardınca gelişinde, insanlara yarar şeylerle denizde akıp giden gemide, Allah'ın yukarıdan bir su indirip de onunla yeri ölümünden sonra diriltmesinde, diriltip de üzerinde deprenen hayvanları yaymasında, rüzgarları değiştirmesinde, gök ile yer arasında emre hazır olan bulutta şüphesiz akıllı olan bir topluluk için elbette Allah'ın birliğine deliller vardır.","nl":"Voorwaar, in de schepping van de hemelen en de aarde en de afwisseling van de nacht en de dag en de schepen die over de zee varen met wat de mensen voordeel geeft, en het water dat Allah uit de hemel neerzendt, waarmee Hij de aarde tot leven brengt na haar dood, en dat hij daarop allerlei dieren verspreidde, en de besturing van de winden en de wolken die tussen de hemel en de aarde dienstbaar zijn gemaakt, zijn zeker Tekenen voor een volk dat verstandig is.","en":"Indeed, in the creation of the heavens and the earth; the alternation of the day and the night; the ships that sail the sea for the benefit of humanity; the rain sent down by Allah from the skies, reviving the earth after its death; the scattering of all kinds of creatures throughout; the shifting of the winds; and the clouds drifting between the heavens and the earth—˹in all of this˺ are surely signs for people of understanding"},"surah":{"surahId":2,"name":"Bakara","nameAr":"الْبَقَرَةِ","revelationOrder":87,"verseCount":286,"juzNo":1,"firstPage":2}},{"id":172,"surahId":2,"ayatId":165,"ayatNo":"١٦٥","pageNo":25,"ayatText":"وَمِنَ النَّاسِ مَنْ يَتَّخِذُ مِنْ دُونِ اللّٰهِ اَنْدَاداً يُحِبُّونَهُمْ كَحُبِّ اللّٰهِؕ وَالَّذٖينَ اٰمَنُٓوا اَشَدُّ حُباًّ لِلّٰهِؕ وَلَوْ يَرَى الَّذٖينَ ظَلَمُٓوا اِذْ يَرَوْنَ الْعَذَابَۙ اَنَّ الْقُوَّةَ لِلّٰهِ جَمٖيعاًۙ وَاَنَّ اللّٰهَ شَدٖيدُ الْعَذَابِ","ayatMealText":{"tr":"İnsanlardan kimi de Allah'tan başka şeyleri O'na eş tutuyorlar da onları, Allah'ı sever gibi seviyorlar. Oysa iman edenlerin Allah sevgisi daha kuvvetlidir. O zulmedenler, azabı görecekleri zaman bütün kuvvetin Allah'a ait olduğunu ve Allah'ın azabının gerçekten çok şiddetli bulunduğunu keşke anlasalardı.","nl":"En er zijn er onder de mensen die nasst Allah deelgenoten teokennen, die zij liefhebben met de liefde als (die) voor Allah, maar degenen die geloven zijn sterker in liefde voor Allah. En als degenen die onrecht pleegden zouden weten wanneer zij de bestraffing zien, (dan zouden zij weten) dat alle macht aan Allah behoort en dat Allah hard is in de bestraffing.","en":"Still there are some who take others as Allah’s equal—they love them as they should love Allah—but the ˹true˺ believers love Allah even more. If only the wrongdoers could see the ˹horrible˺ punishment ˹awaiting them˺, they would certainly realize that all power belongs to Allah and that Allah is indeed severe in punishment"},"surah":null},{"id":173,"surahId":2,"ayatId":166,"ayatNo":"١٦٦","pageNo":25,"ayatText":"اِذْ تَبَرَّاَ الَّذٖينَ اتُّبِعُوا مِنَ الَّذٖينَ اتَّبَعُوا وَرَاَوُا الْعَذَابَ وَتَقَطَّعَتْ بِهِمُ الْاَسْبَابُ","ayatMealText":{"tr":"O zaman kendilerine uyulan kimseler, azabı görerek kendilerine uyanlardan kaçıp uzaklaşmışlar ve aralarındaki bütün bağlar parça parça kopmuştur.","nl":"Wanneer degenen die gevolgd werden zich los verklaren aan degenen die hen volgen: en zij zagen de bestraffing en (dat) de banden met hen verbroken waren.","en":"˹Consider the Day˺ when those who misled others will disown their followers—when they face the torment—and the bonds that united them will be cut off"},"surah":null},{"id":174,"surahId":2,"ayatId":167,"ayatNo":"١٦٧","pageNo":25,"ayatText":"وَقَالَ الَّذٖينَ اتَّبَعُوا لَوْ اَنَّ لَنَا كَرَّةً فَنَتَبَرَّاَ مِنْهُمْ كَمَا تَبَرَّؤُ۫ا مِنَّاؕ كَذٰلِكَ يُرٖيهِمُ اللّٰهُ اَعْمَالَهُمْ حَسَرَاتٍ عَلَيْهِمْؕ وَمَا هُمْ بِخَارِجٖينَ مِنَ النَّارِࣖ","ayatMealText":{"tr":"Onlara uyanlar da şöyle demektedirler: \"Ah, bizim için dünyaya bir dönüş olsaydı da onların bizden uzaklaştıkları gibi biz de onlardan uzaklaşsaydık!\" İşte böylece Allah onlara bütün amellerini, üzerlerine yığılmış hasretler (pişmanlık ve üzüntüler) halinde gösterecektir. Onlar bu ateşten çıkacak değillerdir.","nl":"En degenen die volgden zeiden: \"Was er voor ons nog maar één keer (de gelegenheid om naar de aarde terug te keren), dan zouden wij ons onschuldig verklaren aan hen, zoals zij zich aan ons onschuldig verklaarden.\" Zo laat Allah hen hun daden zien, als (een bron) van spijt voor hen. En zij zullen de Hel niet verlaten.","en":"The ˹misled˺ followers will cry, “If only we could have a second chance, we would disown them as they disowned us.” And so Allah will make them remorseful of their misdeeds. And they will never ˹be able to˺ leave the Fire"},"surah":null},{"id":175,"surahId":2,"ayatId":168,"ayatNo":"١٦٨","pageNo":25,"ayatText":"يَٓا اَيُّهَا النَّاسُ كُلُوا مِمَّا فِي الْاَرْضِ حَـلَالاً طَـيِّباًؗ وَلَا تَتَّبِعُوا خُطُوَاتِ الشَّيْطَانِؕ اِنَّهُ لَكُمْ عَدُوٌّ مُبٖينٌ","ayatMealText":{"tr":"Ey insanlar! Bütün yeryüzündeki nimetlerimden helal olmak, temiz olmak şartıyla yiyin. Fakat şeytanın adımlarına uymayın. Çünkü o size belli bir düşmandır.","nl":"O mensen, eet van wat op de aarde is het toegestane en het goede, en volgt niet in de voetstappen van de Satan. Voorwaar, hij is voor jullie een duidelijke vijand.","en":"O humanity! Eat from what is lawful and good on the earth and do not follow Satan’s footsteps. He is truly your sworn enemy"},"surah":null},{"id":176,"surahId":2,"ayatId":169,"ayatNo":"١٦٩","pageNo":25,"ayatText":"اِنَّمَا يَأْمُرُكُمْ بِالسُّٓوءِ وَالْفَحْشَٓاءِ وَاَنْ تَقُولُوا عَلَى اللّٰهِ مَا لَا تَعْلَمُونَ","ayatMealText":{"tr":"O size hep çirkin ve murdar işleri emreder, Allah'a karşı bilmediğiniz şeyler söylemenizi ister.","nl":"Voorwaar, hij roept jullie op tot het kwade en zedeloosheid en (wil) dat jullie over Allah zeggen wat jullie niet weten.","en":"He only incites you to commit evil and indecency, and to claim against Allah what you do not know"},"surah":null}]}