{"juzNo":14,"pageNo":263,"arCuzNo":"۱٤","arPageNo":"۲٦۳","quranAyats":[{"id":1818,"surahId":15,"ayatId":16,"ayatNo":"١٦","pageNo":263,"ayatText":"وَلَقَدْ جَعَلْنَا فِي السَّمَٓاءِ بُرُوجاً وَزَيَّنَّاهَا لِلنَّاظِرٖينَۙ","ayatMealText":{"tr":"Andolsun biz, gökte birtakım burçlar yarattık ve bakanlar için onu süsledik.","nl":"En voorzeker, Wij hebben in de hemel sterrenstelsels aangebracht en Wij hebben haar versierd voor de aanschouwers.","en":"Indeed, We have placed constellations in the sky, and adorned it for all to see"},"surah":{"surahId":15,"name":"Hicr","nameAr":"الْحِجْرِ","revelationOrder":54,"verseCount":99,"juzNo":14,"firstPage":262}},{"id":1819,"surahId":15,"ayatId":17,"ayatNo":"١٧","pageNo":263,"ayatText":"وَحَفِظْنَاهَا مِنْ كُلِّ شَيْطَانٍ رَجٖيمٍۙ","ayatMealText":{"tr":"Ve göğü taşlanan bütün şeytanlardan koruduk.","nl":"En Wij hebben haar bewaakt tegen elke vervloekte Satan.","en":"And We protected it from every accursed devil"},"surah":null},{"id":1820,"surahId":15,"ayatId":18,"ayatNo":"١٨","pageNo":263,"ayatText":"اِلَّا مَنِ اسْتَرَقَ السَّمْعَ فَاَتْبَعَهُ شِهَابٌ مُبٖينٌ","ayatMealText":{"tr":"Ancak kulak hırsızlığı eden şeytan hariç, onu apaçık bir alev sütunu takip eder.","nl":"Behalve degene die (de Satan) heeft afgeluisterd, dan achtervolgd wordt door een heldere vlam.","en":"except the one eavesdropping, who is then pursued by a visible flare"},"surah":null},{"id":1821,"surahId":15,"ayatId":19,"ayatNo":"١٩","pageNo":263,"ayatText":"وَالْاَرْضَ مَدَدْنَاهَا وَاَلْقَيْنَا فٖيهَا رَوَاسِيَ وَاَنْبَتْنَا فٖيهَا مِنْ كُلِّ شَيْءٍ مَوْزُونٍ","ayatMealText":{"tr":"Yeryüzünü düzgün bir şekilde yarattık ve oraya sabit dağlar yerleştirdik. Orada hikmetle ölçülmüş her şeyden bitkiler bitirdik.","nl":"En Wij hebben de aarde uitgestrekt en Wij hebben daarop bergen geplaatst en Wij hebben daarop van alles doen groeien volgens een evenwichte maat.","en":"As for the earth, We spread it out and placed upon it firm mountains, and caused everything to grow there in perfect balance"},"surah":null},{"id":1822,"surahId":15,"ayatId":20,"ayatNo":"٢٠","pageNo":263,"ayatText":"وَجَعَلْنَا لَكُمْ فٖيهَا مَعَايِشَ وَمَنْ لَسْتُمْ لَهُ بِرَازِقٖينَ","ayatMealText":{"tr":"Orada hem sizin için, hem de sizin rızıklarını veremediğiniz kimseler için geçim yollarını yarattık.","nl":"En Wij hebben voor jullie daar levensonderhoud gemaakt, (ook voor) degene voor wie jullie niet de voorzieners zijn.","en":"And We made in it means of sustenance for you and others, who you do not provide for"},"surah":null},{"id":1823,"surahId":15,"ayatId":21,"ayatNo":"٢١","pageNo":263,"ayatText":"وَاِنْ مِنْ شَيْءٍ اِلَّا عِنْدَنَا خَزَٓائِنُهُؗ وَمَا نُنَزِّلُـهُٓ اِلَّا بِقَدَرٍ مَعْلُومٍ","ayatMealText":{"tr":"Her şeyin hazineleri yalnız bizim yanımızdadır. Fakat biz, onu ancak ihtiyaca göre, belli ölçülerde veririz.","nl":"Er is geen ding waarvan de schatten niet bij Ons zijn, en Wij zenden deze slechts volgens een vastgestelde maatgeving neer.","en":"There is not any means ˹of sustenance˺ whose reserves We do not hold, only bringing it forth in precise measure"},"surah":null},{"id":1824,"surahId":15,"ayatId":22,"ayatNo":"٢٢","pageNo":263,"ayatText":"وَاَرْسَلْنَا الرِّيَاحَ لَوَاقِـحَ فَاَنْزَلْنَا مِنَ السَّمَٓاءِ مَٓاءً فَاَسْقَيْنَاكُمُوهُۚ وَمَٓا اَنْتُمْ لَهُ بِخَازِنٖينَ","ayatMealText":{"tr":"Biz rüzgarları aşılayıcı olarak gönderdik ve gökten bir su indirip sizi onunla suladık. O suyu hazinelerde tutan da siz değilsiniz.","nl":"En Wij hebben de winden gezonden als bestuivers en Wij hebben regen neergezonden uit de hemel, waarmee wij jullie te drinken geven. En jullie zijn daar niet de bewaarders van.","en":"We send fertilizing winds, and bring down rain from the sky for you to drink. It is not you who hold its reserves"},"surah":null},{"id":1825,"surahId":15,"ayatId":23,"ayatNo":"٢٣","pageNo":263,"ayatText":"وَاِنَّا لَنَحْنُ نُحْـيٖ وَنُمٖيتُ وَنَحْنُ الْوَارِثُونَ","ayatMealText":{"tr":"Elbette biz diriltiriz ve biz öldürürüz! Ve hepsinin varisleri de biziz.","nl":"Voorwaar, Wij zijn het Die doen leven en doen sterven. En Wij zijn de erfgenamen.","en":"Surely it is We Who give life and cause death. And We are the ˹Eternal˺ Successor"},"surah":null},{"id":1826,"surahId":15,"ayatId":24,"ayatNo":"٢٤","pageNo":263,"ayatText":"وَلَقَدْ عَلِمْنَا الْمُسْتَقْدِمٖينَ مِنْكُمْ وَلَقَدْ عَلِمْنَا الْمُسْتَأْخِرٖينَ","ayatMealText":{"tr":"Andolsun ki biz, içinizden İslâm'da öne geçmek isteyenleri de biliriz, geri kalmak isteyenleri de biliriz.","nl":"En voorzeker, Wij kennen de mensen die jullie zijn voorgegaan (in de dood). En voorzeker, Wij kennen de achterblijvers.","en":"We certainly know those who have gone before you and those who will come after ˹you˺"},"surah":null},{"id":1827,"surahId":15,"ayatId":25,"ayatNo":"٢٥","pageNo":263,"ayatText":"وَاِنَّ رَبَّكَ هُوَ يَحْشُرُهُمْؕ اِنَّهُ حَكٖيمٌ عَلٖيمٌࣖ","ayatMealText":{"tr":"Şüphesiz Rabbin O'dur ki, onları kıyamet gününde hesaba çekmek için toplayacaktır. O, hikmet sahibidir, bilendir.","nl":"En voorwaar, jouw Heer is het Die hen verzamelt. Voorwaar, Hij is Alwijs, Alwetend.","en":"Surely your Lord ˹alone˺ will gather them together ˹for judgment˺. He is truly All-Wise, All-Knowing"},"surah":null},{"id":1828,"surahId":15,"ayatId":26,"ayatNo":"٢٦","pageNo":263,"ayatText":"وَلَقَدْ خَلَقْنَا الْاِنْسَانَ مِنْ صَلْصَالٍ مِنْ حَمَأٍ۬ مَسْنُونٍۚ","ayatMealText":{"tr":"Andolsun ki biz insanı kuru bir çamurdan, şekillenmiş bir balçıktan yarattık.","nl":"En voorzeker, Wij hebben de mens (Adam) geschapen uit klei, van zwart slijk gevormd.","en":"Indeed, We created man from sounding clay moulded from black mud"},"surah":null},{"id":1829,"surahId":15,"ayatId":27,"ayatNo":"٢٧","pageNo":263,"ayatText":"وَالْجَٓانَّ خَلَقْنَاهُ مِنْ قَبْلُ مِنْ نَارِ السَّمُومِ","ayatMealText":{"tr":"Cinleri de daha önce insan vücudunun gözeneklerinden geçebilen güçlü bir ateşten yarattık.","nl":"En Wij hebben daarvoor de Djinn's geschapen uit een gloeiend vuur.","en":"As for the jinn, We created them earlier from smokeless fire"},"surah":null},{"id":1830,"surahId":15,"ayatId":28,"ayatNo":"٢٨","pageNo":263,"ayatText":"وَاِذْ قَالَ رَبُّكَ لِلْمَلٰٓئِكَةِ اِنّٖي خَالِقٌ بَشَراً مِنْ صَلْصَالٍ مِنْ حَمَأٍ۬ مَسْنُونٍ","ayatMealText":{"tr":"Ey Peygamber! Rabbinin meleklere şöyle dediğini hatırla: \"Ben, kuru balçıktan, şekil verilmiş kokuşmuş çamurdan bir insan yaratacağım.\"","nl":"(Gedenkt) toen jouw Heer tot de Engelen zei: \"Voorwaar, Ik zal een mens scheppen van klei, uit zwart slijk gevormd.\"","en":"˹Remember, O Prophet˺ when your Lord said to the angels, “I am going to create a human being from sounding clay moulded from black mud"},"surah":null},{"id":1831,"surahId":15,"ayatId":29,"ayatNo":"٢٩","pageNo":263,"ayatText":"فَاِذَا سَوَّيْتُهُ وَنَفَخْتُ فٖيهِ مِنْ رُوحٖي فَقَعُوا لَهُ سَاجِدٖينَ","ayatMealText":{"tr":"Ben, onun yaratılışını tamamladığım ve ona ruhumdan üflediğim zaman, siz hemen onun için secdeye kapanın.\"","nl":"Toen Ik hem vervolmaakt had en Mijn (geschapen) Geest erin geblazen had, toen knielden zij (de Engelen) voor hem.","en":"So when I have fashioned him and had a spirit of My Own ˹creation˺ breathed into him, fall down in prostration to him.”"},"surah":null},{"id":1832,"surahId":15,"ayatId":30,"ayatNo":"٣٠","pageNo":263,"ayatText":"فَسَجَدَ الْمَلٰٓئِكَةُ كُلُّهُمْ اَجْمَعُونَۙ","ayatMealText":{"tr":"Bunun üzerine meleklerin hepsi toptan secde ettiler.","nl":"Toen knielden de Engelen allen gezamenlijk.","en":"So the angels prostrated all together—"},"surah":null},{"id":1833,"surahId":15,"ayatId":31,"ayatNo":"٣١","pageNo":263,"ayatText":"اِلَّٓا اِبْلٖيسَؕ اَبٰٓى اَنْ يَكُونَ مَعَ السَّاجِدٖينَ","ayatMealText":{"tr":"Yalnız İblis hariç. O secde edenlerle beraber olmaktan çekinmişti.","nl":"Behalve Iblis, bij weigerde te behoren tot de knielenden.","en":"but not Iblîs, who refused to prostrate with the others"},"surah":null}]}