{"juzNo":2,"pageNo":27,"arCuzNo":"۲","arPageNo":"۲۷","quranAyats":[{"id":184,"surahId":2,"ayatId":177,"ayatNo":"١٧٧","pageNo":27,"ayatText":"لَيْسَ الْبِرَّ اَنْ تُوَلُّوا وُجُوهَكُمْ قِبَلَ الْمَشْرِقِ وَالْمَغْرِبِ وَلٰكِنَّ الْبِرَّ مَنْ اٰمَنَ بِاللّٰهِ وَالْيَوْمِ الْاٰخِرِ وَالْمَلٰٓئِكَةِ وَالْكِتَابِ وَالنَّبِيّٖنَۚ وَاٰتَى الْمَالَ عَلٰى حُبِّهٖ ذَوِي الْقُرْبٰى وَالْيَتَامٰى وَالْمَسَاكٖينَ وَابْنَ السَّبٖيلِ وَالسَّٓائِلٖينَ وَفِي الرِّقَابِۚ وَاَقَامَ الصَّلٰوةَ وَاٰتَى الزَّكٰوةَۚ وَالْمُوفُونَ بِعَهْدِهِمْ اِذَا عَاهَدُواۚ وَالصَّابِرٖينَ فِي الْبَأْسَٓاءِ وَالضَّرَّٓاءِ وَحٖينَ الْبَأْسِؕ اُو۬لٰٓئِكَ الَّذٖينَ صَدَقُواؕ وَاُو۬لٰٓئِكَ هُمُ الْمُتَّقُونَ","ayatMealText":{"tr":"Yüzlerinizi bazan doğu, bazan batı tarafına çevirmeniz erginlik değildir. Fakat eren o kimselerdir ki, Allah'a, ahiret gününe, meleklere, kitaba ve bütün peygamberlere iman edip, yakınlığı olanlara, öksüzlere, yoksullara, yolda kalmışa, dilenenlere ve esirleri kurtarmaya seve seve mal verirler. Namazı kılarlar, zekatı verirler. Bir de andlaştıkları zaman sözlerini yerine getirenler, hele sıkıntı ve hastalık durumlarında ve harbin şiddetli zamanında sabır ve kararlılık gösterenler var ya, işte doğru olanlar da bunlardır, korunanlar da bunlardır.","nl":"Het is geen vroomheid dat jullie je gezichten naar het Oosten en het Westen wenden, maar vroom is wie gelooft in Allah en het Hiernamaals en de Engelen en de Schrift en de Profeten en die het bezit dat hij liefheeft weggeeft aan de verwanten en de wezen en de behoeftigen en de reiziger (zonder proviand) en de bedelaars en (het gebruikt) voor het vrijkopen van slaven, en die de shalât onderhoudt, de zakât geeft. En die trouw zijn aan hun belofte wanneer zij een belofte hebben gedaan en de geduldigen in tegenspoed, in rampspoed en in oorlogstijd. Zij zijn diegenen die Moettaqôen zijn, en zij zijn het die de godvrezenden zijn.","en":"Righteousness is not in turning your faces towards the east or the west. Rather, the righteous are those who believe in Allah, the Last Day, the angels, the Books, and the prophets; who give charity out of their cherished wealth to relatives, orphans, the poor, ˹needy˺ travellers, beggars, and for freeing captives; who establish prayer, pay alms-tax, and keep the pledges they make; and who are patient in times of suffering, adversity, and in ˹the heat of˺ battle. It is they who are true ˹in faith˺, and it is they who are mindful ˹of Allah˺"},"surah":{"surahId":2,"name":"Bakara","nameAr":"الْبَقَرَةِ","revelationOrder":87,"verseCount":286,"juzNo":1,"firstPage":2}},{"id":185,"surahId":2,"ayatId":178,"ayatNo":"١٧٨","pageNo":27,"ayatText":"يَٓا اَيُّهَا الَّذٖينَ اٰمَنُوا كُتِبَ عَلَيْكُمُ الْقِصَاصُ فِي الْقَتْلٰىؕ اَلْحُرُّ بِالْحُرِّ وَالْعَبْدُ بِالْعَبْدِ وَالْاُنْثٰى بِالْاُنْثٰىؕ فَمَنْ عُفِيَ لَهُ مِنْ اَخٖيهِ شَيْءٌ فَاتِّبَاعٌ بِالْمَعْرُوفِ وَاَدَٓاءٌ اِلَيْهِ بِاِحْسَانٍؕ ذٰلِكَ تَخْفٖيفٌ مِنْ رَبِّكُمْ وَرَحْمَةٌؕ فَمَنِ اعْتَدٰى بَعْدَ ذٰلِكَ فَلَهُ عَذَابٌ اَلٖيمٌ","ayatMealText":{"tr":"Ey iman edenler! Öldürmede kısas size farz kılındı. Hüre hür, köleye köle, kadına kadın. Ama her kim, ölenin kardeşi tarafından bir şey karşılığı bağışlanırsa, o zaman örfe uyması, ona diyeti güzellikle ödemesi gerekir. Bu, Rabbiniz tarafından bir hafifletme ve bir rahmettir. Her kim bunun arkasından yine saldırırsa, artık ona acı veren bir azab vardır.","nl":"O jullie die geloven, de Qishâsh inzake doodslag is jullie verplicht: de vrije (mens) voor de vrije (mens), de slaaf voor de slaaf, de vrouw voor de vrouw. En degene die dan kwijtschelding zan zijn broeder ontvangt, laat het dan gevolgd worden door een redelijke (eis van de eiser) en genoegdoening voor hem op een goeded (manier, van de schuldige). Dat is een verlichting van jullie Heer en een Barmhartigheid en degene die dan daarna nog overtreedt, voor hem ie er dan een pijnlijke bestraffing.","en":"O believers! ˹The law of˺ retaliation is set for you in cases of murder—a free man for a free man, a slave for a slave, and a female for a female. But if the offender is pardoned by the victim’s guardian, then blood-money should be decided fairly and payment should be made courteously. This is a concession and a mercy from your Lord. But whoever transgresses after that will suffer a painful punishment"},"surah":null},{"id":186,"surahId":2,"ayatId":179,"ayatNo":"١٧٩","pageNo":27,"ayatText":"وَلَكُمْ فِي الْقِصَاصِ حَيٰوةٌ يَٓا اُو۬لِي الْاَلْبَابِ لَعَلَّكُمْ تَتَّقُونَ","ayatMealText":{"tr":"Ey temiz akıl sahipleri! Kısasta sizin için bir hayat vardır. Ümit edilir ki, korunursunuz.","nl":"En voor jullie is er in de Qishâsh leven, O bezitters van verstand, hopelijk zullen jullie (Allah) vrezen.","en":"There is ˹security of˺ life for you in ˹the law of˺ retaliation, O people of reason, so that you may become mindful ˹of Allah˺"},"surah":null},{"id":187,"surahId":2,"ayatId":180,"ayatNo":"١٨٠","pageNo":27,"ayatText":"كُتِبَ عَلَيْكُمْ اِذَا حَضَرَ اَحَدَكُمُ الْمَوْتُ اِنْ تَرَكَ خَيْراًۚ اَلْوَصِيَّةُ لِلْوَالِدَيْنِ وَالْاَقْرَبٖينَ بِالْمَعْرُوفِۚ حَقاًّ عَلَى الْمُتَّقٖينَؕ","ayatMealText":{"tr":"Birinize ölüm geldiği vakit, bir hayır (bir mal) bırakacaksa, babası, anası ve en yakın akrabası için meşru bir surette vasiyet etmek, Allah'tan korkan kimseler üzerine yerine getirilmesi vacib bir hak olarak size farz kılındı.","nl":"Het is jullie verplicht wanneer de dood één van jullie nabij is, als hij bezit nalaat, een testament te maken voor de ouders en de verwanten, volgens wat redelijk is (dit is) een plicht voor de Moetaqôen.","en":"It is prescribed that when death approaches any of you—if they leave something of value—a will should be made in favour of parents and immediate family with fairness. ˹This is˺ an obligation on those who are mindful ˹of Allah˺"},"surah":null},{"id":188,"surahId":2,"ayatId":181,"ayatNo":"١٨١","pageNo":27,"ayatText":"فَمَنْ بَدَّلَهُ بَعْدَ مَا سَمِعَهُ فَاِنَّمَٓا اِثْمُهُ عَلَى الَّذٖينَ يُبَدِّلُونَهُؕ اِنَّ اللّٰهَ سَمٖيعٌ عَلٖيمٌؕ","ayatMealText":{"tr":"Şimdi her kim, bunu duyduktan sonra onu değiştirirse, her halde vebali, sırf o değiştirenlerin boynunadır. Şüphe yok ki Allah, her şeyi işitir ve bilir.","nl":"Wie den het testament verandert nadat hij het heeft gehoord: voorwaar, dan rust de zonde op hen die het veranderd hebben. Voorwaar, Allah is Alhorend, Alwetend.","en":"But whoever changes the will after hearing it, the blame will only be on those who made the change. Indeed, Allah is All-Hearing, All-Knowing"},"surah":null}]}