{"juzNo":15,"pageNo":285,"arCuzNo":"۱٥","arPageNo":"۲۸٥","quranAyats":[{"id":2057,"surahId":17,"ayatId":28,"ayatNo":"٢٨","pageNo":285,"ayatText":"وَاِمَّا تُعْرِضَنَّ عَنْهُمُ ابْتِغَٓاءَ رَحْمَةٍ مِنْ رَبِّكَ تَرْجُوهَا فَقُلْ لَهُمْ قَوْلاً مَيْسُوراً","ayatMealText":{"tr":"Eğer Rabbinden beklediğin bir rahmet (rızık) için, onlardan yüz çevirmek mecburiyetinde kalırsan, o vakit de onlara yumuşak ve tatlı bir söz söyle.","nl":"En als jullie je van hen afwenden omwille van de Barmhartigheid van jullie Heer die jullie hopen te krijgen: spreekt dan (toch) een zacht woord tot hen.","en":"But if you must turn them down ˹because you lack the means to give˺—while hoping to receive your Lord’s bounty—then ˹at least˺ give them a kind word"},"surah":{"surahId":17,"name":"İsrâ","nameAr":"الْاِسْرَاۤءِ","revelationOrder":50,"verseCount":111,"juzNo":15,"firstPage":282}},{"id":2058,"surahId":17,"ayatId":29,"ayatNo":"٢٩","pageNo":285,"ayatText":"وَلَا تَجْعَلْ يَدَكَ مَغْلُولَةً اِلٰى عُنُقِكَ وَلَا تَبْسُطْهَا كُلَّ الْبَسْطِ فَتَقْعُدَ مَلُوماً مَحْسُوراً","ayatMealText":{"tr":"Elini boynuna asıp bağlama (cimri olma), hem de onu büsbütün açıp saçma (israf etme); aksi halde kınanmış olursun ve eli boş açıkta kalırsın.","nl":"En maak je hand niet vastgebonden aan je nek, en strek hem niet uit met de hele uitstrekking, want dan wordt je (gierigheid of spilzucht) verweten en spijtig.","en":"Do not be so tight-fisted, for you will be blameworthy; nor so open-handed, for you will end up in poverty"},"surah":null},{"id":2059,"surahId":17,"ayatId":30,"ayatNo":"٣٠","pageNo":285,"ayatText":"اِنَّ رَبَّكَ يَبْسُطُ الرِّزْقَ لِمَنْ يَشَٓاءُ وَيَقْدِرُؕ اِنَّهُ كَانَ بِعِبَادِهٖ خَبٖيراً بَصٖيراًࣖ","ayatMealText":{"tr":"Gerçekten senin Rabbin, kullarından dilediğinin rızkını genişletir ve dilediğini kısar. Şüphesiz ki Allah, kullarının durumlarından haberdardır, her şeyi görendir.","nl":"Voorwaar, jouw Heer verruimt de voorziening voor wie Hij wil en Hij beperkt. Voorwaar, Hij is Alwetend, Alziend over Zijn dienaren.","en":"Surely your Lord gives abundant or limited provisions to whoever He wills. He is certainly All-Aware, All-Seeing of His servants"},"surah":null},{"id":2060,"surahId":17,"ayatId":31,"ayatNo":"٣١","pageNo":285,"ayatText":"وَلَا تَقْتُلُٓوا اَوْلَادَكُمْ خَشْيَةَ اِمْلَاقٍؕ نَحْنُ نَرْزُقُهُمْ وَاِيَّاكُمْؕ اِنَّ قَتْلَهُمْ كَانَ خِطْـٔاً كَبٖيراً","ayatMealText":{"tr":"Bir de geçim korkusuyla çocuklarınızı öldürmeyin, onlara da, size de rızkı biz veririz. Şüphesiz ki onları öldürmek, çok büyük bir suçtur.","nl":"En doodt jullie kinderen niet uit vrees voor armoede: Wij voorzien hun en jullie van levensonderhoud. Voorwaar, hen doden is een grote zonde.","en":"Do not kill your children for fear of poverty. We provide for them and for you. Surely killing them is a heinous sin"},"surah":null},{"id":2061,"surahId":17,"ayatId":32,"ayatNo":"٣٢","pageNo":285,"ayatText":"وَلَا تَقْرَبُوا الزِّنٰٓى اِنَّهُ كَانَ فَاحِشَةًؕ وَسَٓاءَ سَبٖيلاً","ayatMealText":{"tr":"Zinaya da yaklaşmayın, çünkü o pek çirkindir ve kötü bir yoldur.","nl":"En nader niet de ontucht. Voorwaar, ontucht is een zedeloosheid en een slechte weg.","en":"Do not go near adultery. It is truly a shameful deed and an evil way"},"surah":null},{"id":2062,"surahId":17,"ayatId":33,"ayatNo":"٣٣","pageNo":285,"ayatText":"وَلَا تَقْتُلُوا النَّفْسَ الَّتٖي حَرَّمَ اللّٰهُ اِلَّا بِالْحَقِّؕ وَمَنْ قُتِلَ مَظْلُوماً فَقَدْ جَعَلْنَا لِوَلِيِّهٖ سُلْطَاناً فَلَا يُسْرِفْ فِي الْقَتْلِؕ اِنَّهُ كَانَ مَنْصُوراً","ayatMealText":{"tr":"Haklı bir sebep olmadıkça, Allah'ın öldürülmesini haram kıldığı canı öldürmeyin. Kim haksız yere öldürülürse, biz onun velisine bir yetki verdik. O da öldürmede aşırı gitmesin. Çünkü ona (dinin kendisine verdiği yetki ile) yardım olunmuştur.","nl":"En doodt geen ziel waarvan Allah (het doden) verboden heeft verklaard, behalve volgens het recht en wie onrechtvaardig gedood wordt: Wij hebben zijn erfgenaam een bevoegdheid gegeven; maar overdrijft niet hij het doden. Voorwaar: hij wordt geholpen.","en":"Do not take a ˹human˺ life—made sacred by Allah—except with ˹legal˺ right. If anyone is killed unjustly, We have given their heirs the authority, but do not let them exceed limits in retaliation, for they are already supported ˹by law˺"},"surah":null},{"id":2063,"surahId":17,"ayatId":34,"ayatNo":"٣٤","pageNo":285,"ayatText":"وَلَا تَقْرَبُوا مَالَ الْيَتٖيمِ اِلَّا بِالَّتٖي هِيَ اَحْسَنُ حَتّٰى يَبْلُغَ اَشُدَّهُࣕ وَاَوْفُوا بِالْعَهْدِۚ اِنَّ الْعَهْدَ كَانَ مَسْؤُ۫لاً","ayatMealText":{"tr":"Yetimin malına da yaklaşmayın. Ancak rüşdüne erinceye kadar en güzel bir şekilde yaklaşabilirsiniz. Ahdi de yerine getirin. Çünkü verilen sözde elbette sorumluluk bulunuyor.","nl":"En benadert niet het bezit van de wees, behalve op de betere manier, totdat bij volwassen is: en komt de belofte na. Voorwaar, over de belofte worden jullie (op de Dag der Opstanding) ondervraagd","en":"Do not come near the wealth of the orphan—unless intending to enhance it—until they attain maturity. Honour ˹your˺ pledges, for you will surely be accountable for them"},"surah":null},{"id":2064,"surahId":17,"ayatId":35,"ayatNo":"٣٥","pageNo":285,"ayatText":"وَاَوْفُوا الْكَيْلَ اِذَا كِلْتُمْ وَزِنُوا بِالْقِسْطَاسِ الْمُسْتَقٖيمِؕ ذٰلِكَ خَيْرٌ وَاَحْسَنُ تَأْوٖيلاً","ayatMealText":{"tr":"Ölçtüğünüz zaman tam ölçün ve doğru terazi ile tartın. Bu hem daha hayırlıdır ve sonuç itibariyle de daha güzeldir.","nl":"En geeft de volle maat wanneer jullie afwegen en weegt met de juiste weegschaal, dat is beter en een mooiere afsluiting.","en":"Give in full when you measure, and weigh with an even balance. That is fairest and best in the end"},"surah":null},{"id":2065,"surahId":17,"ayatId":36,"ayatNo":"٣٦","pageNo":285,"ayatText":"وَلَا تَقْفُ مَا لَيْسَ لَكَ بِهٖ عِلْمٌؕ اِنَّ السَّمْعَ وَالْبَصَرَ وَالْفُؤٰادَ كُلُّ اُو۬لٰٓئِكَ كَانَ عَنْهُ مَسْؤُ۫لاً","ayatMealText":{"tr":"Bir de hiç bilmediğin bir şeyin ardına düşme! Çünkü kulak, göz, gönül, bunların her biri yaptıklarından sorumludurlar.","nl":"En volg niet dat waarover je geen kennis hebt. Voorwaar, het gehoor en het gezichtsvermogen en de harten: die zullen allen erover ondervraagd worden.","en":"Do not follow what you have no ˹sure˺ knowledge of. Indeed, all will be called to account for ˹their˺ hearing, sight, and intellect"},"surah":null},{"id":2066,"surahId":17,"ayatId":37,"ayatNo":"٣٧","pageNo":285,"ayatText":"وَلَا تَمْشِ فِي الْاَرْضِ مَرَحاًۚ اِنَّكَ لَنْ تَخْرِقَ الْاَرْضَ وَلَنْ تَبْلُغَ الْجِبَالَ طُولاً","ayatMealText":{"tr":"Yeryüzünde kibir ve azametle yürüme! Çünkü sen asla yeri yaramazsın ve boyca da dağlara erişemezsin.","nl":"En loop niet hoogmoedig op de aarde. Voorwaar, jij kan de aarde niet doen splijten en niet de hoogte van een berg bereiken.","en":"And do not walk on the earth arrogantly. Surely you can neither crack the earth nor stretch to the height of the mountains"},"surah":null},{"id":2067,"surahId":17,"ayatId":38,"ayatNo":"٣٨","pageNo":285,"ayatText":"كُلُّ ذٰلِكَ كَانَ سَيِّئُهُ عِنْدَ رَبِّكَ مَكْرُوهاً","ayatMealText":{"tr":"Kötü olan bütün bu yasaklar, Rabbinizin sevmediği şeylerdir.","nl":"Dat alles is slecht bij jouw Heer, verwerpelijk.","en":"The violation of any of these ˹commandments˺ is detestable to your Lord"},"surah":null}]}