{"juzNo":15,"pageNo":288,"arCuzNo":"۱٥","arPageNo":"۲۸۸","quranAyats":[{"id":2088,"surahId":17,"ayatId":59,"ayatNo":"٥٩","pageNo":288,"ayatText":"وَمَا مَنَعَنَٓا اَنْ نُرْسِلَ بِالْاٰيَاتِ اِلَّٓا اَنْ كَذَّبَ بِهَا الْاَوَّلُونَؕ وَاٰتَيْنَا ثَمُودَ النَّاقَةَ مُبْصِرَةً فَظَلَمُوا بِهَاؕ وَمَا نُرْسِلُ بِالْاٰيَاتِ اِلَّا تَخْوٖيفاً","ayatMealText":{"tr":"Bizi, âyetler (mucizeler) ve peygamber göndermekten alıkoyan şey, ancak öncekilerin onları yalanlamış olmalarıdır. Semûd'a, açık bir mucize olarak o dişi deveyi vermiştik de ona zulmetmişlerdi (deveyi boğazlayarak kendilerine yazık etmişlerdi). Oysa biz, o mucizeleri ancak korkutmak için göndeririz.","nl":"En niets verhinderde Ons de Tekenen neer te zenden dan dat de voorafgaaden hen loochenden. En Wij gaven de Tsamôed de vrouwtjeskameel, als een duidelijk zichtbaar (Teken) maar zij behandelden haar onrechtvaardig. En Wij zenden de Tekenen alleen maar om (hen) te doen vrezen.","en":"Nothing keeps Us from sending the ˹demanded˺ signs except that they had ˹already˺ been denied by earlier peoples. And We gave Thamûd the she-camel as a clear sign, but they wrongfully rejected it. We only send the signs as a warning"},"surah":{"surahId":17,"name":"İsrâ","nameAr":"الْاِسْرَاۤءِ","revelationOrder":50,"verseCount":111,"juzNo":15,"firstPage":282}},{"id":2089,"surahId":17,"ayatId":60,"ayatNo":"٦٠","pageNo":288,"ayatText":"وَاِذْ قُلْنَا لَكَ اِنَّ رَبَّكَ اَحَاطَ بِالنَّاسِؕ وَمَا جَعَلْنَا الرُّءْيَا الَّتٖٓي اَرَيْنَاكَ اِلَّا فِتْنَةً لِلنَّاسِ وَالشَّجَرَةَ الْمَلْعُونَةَ فِي الْقُرْاٰنِؕ وَنُخَوِّفُهُمْۙ فَمَا يَزٖيدُهُمْ اِلَّا طُغْيَاناً كَبٖيراًࣖ","ayatMealText":{"tr":"Vaktiyle sana şöyle vahyettiğimizi hatırla: \"Şüphesiz Rabbin insanları kuşatmıştır.\" (İsrâ gecesi) sana açıkça gösterdiğimiz o temâşâyı ve Kur'ân'da lanet edilen ağacı da, yalnız insanlara bir imtihan için yapmışızdır. Biz onları, korkutuyoruz, fakat bu onlara ancak büyük bir taşkınlıktan başka bir sonuç vermiyor.","nl":"En (gedenk) toen Wij zeiden dat jouw Heer de mensheid omvat. En Wij hebben jou de waarneming die wij jou lieten zien slechts als een beproeving voor mensen gegeven; en (ook) de vervloekte boom in de Koran. En Wij jagen hen vrees aan: maar het venneerdert bij hen niets dan een grote overtreding.","en":"And ˹remember, O Prophet˺ when We told you, “Certainly your Lord encompasses the people.” And We have made what We brought you to see as well as the cursed tree ˹mentioned˺ in the Quran only as a test for the people. We keep warning them, but it only increases them greatly in defiance"},"surah":null},{"id":2090,"surahId":17,"ayatId":61,"ayatNo":"٦١","pageNo":288,"ayatText":"وَاِذْ قُلْنَا لِلْمَلٰٓئِكَةِ اسْجُدُوا لِاٰدَمَ فَسَجَدُٓوا اِلَّٓا اِبْلٖيسَؕ قَالَ ءَاَسْجُدُ لِمَنْ خَلَقْتَ طٖيناًۚ","ayatMealText":{"tr":"(Yine unutma ki) Bir vakit meleklere: \"Âdem'e secde edin\" demiştik. İblis'ten başka hepsi secde ettiler. O ise: \"Ben bir çamurdan yarattığın kimseye mi secde ederim?\" demişti.","nl":"En toen Wij tot de Engelen zeiden: \"Kniel jullie neer voor Adam,\" toen knielden zij allen, behalve Iblîs (Satan). Hij zei: \"Moet ik (mij) neerknielen voor iemand die U uit aarde heeft geschapen?\"","en":"And ˹remember˺ when We said to the angels, “Prostrate before Adam,” so they all did—but not Iblîs, who protested, “Should I prostrate to the one You have created from mud?”"},"surah":null},{"id":2091,"surahId":17,"ayatId":62,"ayatNo":"٦٢","pageNo":288,"ayatText":"قَالَ اَرَاَيْتَكَ هٰذَا الَّذٖي كَرَّمْتَ عَلَيَّؗ لَئِنْ اَخَّرْتَنِ اِلٰى يَوْمِ الْقِيٰمَةِ لَاَحْتَنِكَنَّ ذُرِّيَّتَهُٓ اِلَّا قَلٖيلاً","ayatMealText":{"tr":"(Yine İblis) dedi ki: \"Şu benden üstün kıldığını gördün mü? Yemin ederim ki, eğer beni kıyamet gününe kadar ertelersen, pek azı hariç, onun zürriyetini kendi buyruğum altına alacağım.\"","nl":"Hij (Iblîs) zei: \"Ziet U? Dat is degene die U boven mij geëerd hebt. Indien U mij uitstel geeft tot de Dag der Opstanding zal ik zeker zijn nageslacht doen dwalen, op weinigen na.\"","en":"Adding, “Do you see this one you honoured above me? If you delay my end until the Day of Judgment, I will certainly take hold of his descendants, except for a few.”"},"surah":null},{"id":2092,"surahId":17,"ayatId":63,"ayatNo":"٦٣","pageNo":288,"ayatText":"قَالَ اذْهَبْ فَمَنْ تَبِعَكَ مِنْهُمْ فَاِنَّ جَهَنَّمَ جَزَٓاؤُ۬كُمْ جَزَٓاءً مَوْفُوراً","ayatMealText":{"tr":"Allah buyurdu ki: \"Haydi git! Onlardan kim sana uyarsa, şüphesiz ki, cezanız cehennemdir, hem de mükemmel bir ceza. \"","nl":"Hij (Allah) zei: \"Ga heen; wie van hen jou volgt: voorwaar: de Hel zal jullie beloning zijn, als een volledige beloning!","en":"Allah responded, “Be gone! Whoever of them follows you, Hell will surely be the reward for all of you—an ample reward"},"surah":null},{"id":2093,"surahId":17,"ayatId":64,"ayatNo":"٦٤","pageNo":288,"ayatText":"وَاسْتَفْزِزْ مَنِ اسْتَطَعْتَ مِنْهُمْ بِصَوْتِكَ وَاَجْلِبْ عَلَيْهِمْ بِخَيْلِكَ وَرَجِلِكَ وَشَارِكْهُمْ فِي الْاَمْوَالِ وَالْاَوْلَادِ وَعِدْهُمْؕ وَمَا يَعِدُهُمُ الشَّيْطَانُ اِلَّا غُرُوراً","ayatMealText":{"tr":"\"Onlardan gücünün yettiğini yerinden oynat. Atlıların ve yayalarınla onların üzerine yaygarayı bas! Mallarda ve çocuklarda onlara ortak ol! Ve onlara vaadlerde bulun.\" Fakat şeytan onlara aldatmadan başka bir şey vaad etmez.","nl":"En rui van hen op wie jij kan met jouw stem, en val hen aan met je paarden en je voetvolk, en deel rijkdommem en kinderen met hen en doe hen beloften.\" En de Satan belooft ben niets dan bedrog.","en":"And incite whoever you can of them with your voice, mobilize against them all your cavalry and infantry, manipulate them in their wealth and children, and make them promises.” But Satan promises them nothing but delusion"},"surah":null},{"id":2094,"surahId":17,"ayatId":65,"ayatNo":"٦٥","pageNo":288,"ayatText":"اِنَّ عِبَادٖي لَيْسَ لَكَ عَلَيْهِمْ سُلْطَانٌؕ وَكَفٰى بِرَبِّكَ وَكٖيلاً","ayatMealText":{"tr":"Doğrusu benim (ihlaslı) kullarım üzerinde senin hiçbir hakimiyetin yoktur. Vekil olarak Rabbin yeter.","nl":"Voorwaar, jij hebt geen macht over Mijn dienaren. En jouw Heer is voldoende als Beschemer.\"","en":"˹Allah added,˺ “You will truly have no authority over My ˹faithful˺ servants.” And sufficient is your Lord as a Guardian"},"surah":null},{"id":2095,"surahId":17,"ayatId":66,"ayatNo":"٦٦","pageNo":288,"ayatText":"رَبُّكُمُ الَّذٖي يُزْجٖي لَكُمُ الْفُلْكَ فِي الْبَحْرِ لِتَبْتَغُوا مِنْ فَضْلِهٖؕ اِنَّهُ كَانَ بِكُمْ رَحٖيماً","ayatMealText":{"tr":"Rabbiniz, lütfundan nasib arayasınız diye, sizin için denizde gemileri yürüten kudret sahibidir. Şüphesiz O, size çok merhametlidir.","nl":"Jullie Heer is Degene Die voor jullie de schepen op zee doet varen, opdat jullie van Zijn gunsten zoeken. Voorwaar, Hij is voor jullie Meest Barmhartig.","en":"It is your Lord Who steers the ships for you through the sea, so that you may seek His bounty. Surely He is ever Merciful to you"},"surah":null}]}