{"juzNo":15,"pageNo":294,"arCuzNo":"۱٥","arPageNo":"۲۹٤","quranAyats":[{"id":2145,"surahId":18,"ayatId":5,"ayatNo":"٥","pageNo":294,"ayatText":"مَا لَهُمْ بِهٖ مِنْ عِلْمٍ وَلَا لِاٰبَٓائِهِمْؕ كَبُرَتْ كَلِمَةً تَخْرُجُ مِنْ اَفْوَاهِهِمْؕ اِنْ يَقُولُونَ اِلَّا كَذِباً","ayatMealText":{"tr":"Bu hususta ne kendilerinin, ne de atalarının hiçbir bilgisi yoktur. Ağızlarından çıkan söz ne büyük bir iftiradır. Onlar, yalandan başka bir şey söylemiyorlar.","nl":"Zij hebben hier geen kennis over, noch hun vaderen. Slecht zijn de woorden die uit hun monden voortkomen: zij spreken slechts leugenachtig.","en":"They have no knowledge of this, nor did their forefathers. What a terrible claim that comes out of their mouths! They say nothing but lies"},"surah":{"surahId":18,"name":"Kehf","nameAr":"الْكَهْفِ","revelationOrder":69,"verseCount":110,"juzNo":15,"firstPage":293}},{"id":2146,"surahId":18,"ayatId":6,"ayatNo":"٦","pageNo":294,"ayatText":"فَلَعَلَّكَ بَاخِـعٌ نَفْسَكَ عَلٰٓى اٰثَارِهِمْ اِنْ لَمْ يُؤْمِنُوا بِهٰذَا الْحَدٖيثِ اَسَفاً","ayatMealText":{"tr":"(Ey Muhammed!) Demek onlar, bu söze (kitaba) inanmazlarsa, onların peşinde üzüle üzüle kendini helak edeceksin!","nl":"En misschien zou jij (O Moehammad) jezelf na hun afwenden vernietigen van verdriet, wanneer zij niet in dit bericht (de Koran) geloven.","en":"Now, perhaps you ˹O Prophet˺ will grieve yourself to death over their denial, if they ˹continue to˺ disbelieve in this message"},"surah":null},{"id":2147,"surahId":18,"ayatId":7,"ayatNo":"٧","pageNo":294,"ayatText":"اِنَّا جَعَلْنَا مَا عَلَى الْاَرْضِ زٖينَةً لَهَا لِنَبْلُوَهُمْ اَيُّهُمْ اَحْسَنُ عَمَلاً","ayatMealText":{"tr":"Biz yeryüzündeki şeyleri kendisine süs olsun diye yarattık ki, insanların hangisinin daha güzel amel edeceğini deneyelim.","nl":"Voorwaar, Wij hebben wat op de aarde is een versiering voor haar gemaakt om hen te beproeven, (om te zien) wie van hen het beste werk (verrichtte).","en":"We have indeed made whatever is on earth as an adornment for it, in order to test which of them is best in deeds"},"surah":null},{"id":2148,"surahId":18,"ayatId":8,"ayatNo":"٨","pageNo":294,"ayatText":"وَاِنَّا لَجَاعِلُونَ مَا عَلَيْهَا صَعٖيداً جُرُزاًؕ","ayatMealText":{"tr":"Şüphesiz biz, yeryüzünde olanları kupkuru bir toprak yapacağız.","nl":"En voorwaar, Wij zullen zeker wat op haar (de aarde) is tot droge grond maken.","en":"And We will certainly reduce whatever is on it to barren ground"},"surah":null},{"id":2149,"surahId":18,"ayatId":9,"ayatNo":"٩","pageNo":294,"ayatText":"اَمْ حَسِبْتَ اَنَّ اَصْحَابَ الْكَهْفِ وَالرَّقٖيمِ كَانُوا مِنْ اٰيَاتِنَا عَجَباً","ayatMealText":{"tr":"Yoksa sen Ashabı Kehf'i ve Rakim'i (isimlerinin yazılı bulunduğu taş kitabeyi) şaşılacak âyetlerimizden mi sandın?","nl":"Of denk jij (O Moehammad) dat de Bewoners van de Grot (al-Kahf) en de Raqîm verbazingwekkend onder Onze Tekenen waren?","en":"Have you ˹O Prophet˺ thought that the people of the cave and the plaque were ˹the only˺ wonders of Our signs"},"surah":null},{"id":2150,"surahId":18,"ayatId":10,"ayatNo":"١٠","pageNo":294,"ayatText":"اِذْ اَوَى الْفِتْيَةُ اِلَى الْكَهْفِ فَقَالُوا رَبَّنَٓا اٰتِنَا مِنْ لَدُنْكَ رَحْمَةً وَهَيِّئْ لَنَا مِنْ اَمْرِنَا رَشَداً","ayatMealText":{"tr":"O gençler mağaraya sığınınca şöyle dediler: \"Rabbimiz! Bize katından bir rahmet ver ve bizim için şu işimizden bir kurtuluş yolu hazırla.\"","nl":"Toen de jongeren een schuilplaats in de Grot zochten, zeiden zij: \"O onze Heer, schenk ons van Uw Zijde Barmhartigheid en bereid ons een rechte weg voor onze zaak.\"","en":"˹Remember˺ when those youths took refuge in the cave, and said, “Our Lord! Grant us mercy from Yourself and guide us rightly through our ordeal.”"},"surah":null},{"id":2151,"surahId":18,"ayatId":11,"ayatNo":"١١","pageNo":294,"ayatText":"فَضَرَبْنَا عَلٰٓى اٰذَانِهِمْ فِي الْكَهْفِ سِنٖينَ عَدَداًۙ","ayatMealText":{"tr":"Bunun üzerine biz de kulaklarını tıkayarak mağarada onları yıllarca uyuttuk.","nl":"En tom brachten Wij in de Grot een sluier over hen aan (zodat zij sliepen), voor een bepaald aantal jaren.","en":"So We caused them to fall into a dead sleep in the cave for many years"},"surah":null},{"id":2152,"surahId":18,"ayatId":12,"ayatNo":"١٢","pageNo":294,"ayatText":"ثُمَّ بَعَثْنَاهُمْ لِنَعْلَمَ اَيُّ الْحِزْبَيْنِ اَحْصٰى لِمَا لَبِثُٓوا اَمَداًࣖ","ayatMealText":{"tr":"Sonra da iki gruptan hangisinin, onların mağarada kaldıkları süreyi daha iyi hesapladığını anlamak için, onları tekrar uyandırdık.","nl":"Vervolgens wekten Wij hen op, opdat Wij deden weten welke van de twee groepen het beste was in het berekenen van hoelang zij daar verbleven.","en":"then We raised them so We may show which of the two groups would make a better estimation of the length of their stay"},"surah":null},{"id":2153,"surahId":18,"ayatId":13,"ayatNo":"١٣","pageNo":294,"ayatText":"نَحْنُ نَقُصُّ عَلَيْكَ نَبَاَهُمْ بِالْحَقِّؕ اِنَّهُمْ فِتْيَةٌ اٰمَنُوا بِرَبِّهِمْ وَزِدْنَاهُمْ هُدًىࣗ","ayatMealText":{"tr":"Biz sana onların kıssalarını gerçek olarak anlatacağız. Hakikaten onlar, Rablerine iman eden birkaç genç idi. Biz de onların hidayetlerini artırdık.","nl":"Wi berichten jou kun geschiedenis volgens de Waarheid: voorwaar, zij waren jongeren die in hun Heer geloofden en Wij versterkten voor ben de Leiding.","en":"We relate to you ˹O Prophet˺ their story in truth. They were youths who truly believed in their Lord, and We increased them in guidance"},"surah":null},{"id":2154,"surahId":18,"ayatId":14,"ayatNo":"١٤","pageNo":294,"ayatText":"وَرَبَطْنَا عَلٰى قُلُوبِهِمْ اِذْ قَامُوا فَقَالُوا رَبُّنَا رَبُّ السَّمٰوَاتِ وَالْاَرْضِ لَنْ نَدْعُوَ۬ا مِنْ دُونِهٖٓ اِلٰهاً لَقَدْ قُلْـنَٓا اِذاً شَطَطاً","ayatMealText":{"tr":"(Oranın hükümdarı karşısında) ayağa kalkarak dediler ki: \"Bizim Rabbimiz, göklerin ve yerin Rabbidir. Biz, O'ndan başkasına ilâh deyip tapmayız, yoksa saçma sapan konuşmuş oluruz.","nl":"En Wij versterkten hun harten toen zij opstonden, en zeiden: \"Onze Heer, Heer van de hemelen en de aarde, nooit zullen Wij een god naast Hem aanroepen: anders zouden wij een enorme leugen uitgesproken hebben!","en":"And We strengthened their hearts when they stood up and declared, “Our Lord is the Lord of the heavens and the earth. We will never call upon any god besides Him, or we would truly be uttering an outrageous lie.”"},"surah":null},{"id":2155,"surahId":18,"ayatId":15,"ayatNo":"١٥","pageNo":294,"ayatText":"هٰٓؤُ۬لَٓاءِ قَوْمُنَا اتَّخَذُوا مِنْ دُونِهٖٓ اٰلِهَةًؕ لَوْلَا يَأْتُونَ عَلَيْهِمْ بِسُلْطَانٍ بَيِّنٍؕ فَمَنْ اَظْلَمُ مِمَّنِ افْتَرٰى عَلَى اللّٰهِ كَذِباًؕ","ayatMealText":{"tr":"Şu bizim kavmimiz, Allah'tan başka ilâh edindiler. Onların ilâh olduğuna dair açık bir delil getirselerdi ya! Allah'a karşı yalan uydurandan daha zalim kim olabilir?","nl":"Dit volk van ons heeft nmt Hem een god genomen, hadden zij daarvoor geen duidelijk bewijs naar voren kunnen brengen? En wie is er onrechtvaardiger dan degene die over Allah leugens verzint?","en":"˹Then they said to one another,˺ “These people of ours have taken gods besides Him. Why do they not produce a clear proof of them? Who then does more wrong than those who fabricate lies against Allah"},"surah":null}]}