{"juzNo":2,"pageNo":30,"arCuzNo":"۲","arPageNo":"۳۰","quranAyats":[{"id":198,"surahId":2,"ayatId":191,"ayatNo":"١٩١","pageNo":30,"ayatText":"وَاقْتُلُوهُمْ حَيْثُ ثَقِفْتُمُوهُمْ وَاَخْرِجُوهُمْ مِنْ حَيْثُ اَخْرَجُوكُمْ وَالْفِتْنَةُ اَشَدُّ مِنَ الْقَتْلِۚ وَلَا تُقَاتِلُوهُمْ عِنْدَ الْمَسْجِدِ الْحَرَامِ حَتّٰى يُقَاتِلُوكُمْ فٖيهِۚ فَاِنْ قَاتَلُوكُمْ فَاقْتُلُوهُمْؕ كَذٰلِكَ جَزَٓاءُ الْكَافِرٖينَ","ayatMealText":{"tr":"Onları nerede yakalarsanız öldürün ve sizi çıkardıkları yerden onları çıkarın. O fitne, öldürmeden daha şiddetlidir. Yalnız Mescidi Haram yanında onlar sizinle savaşmadıkça siz de onlarla savaşmayın. Fakat sizi öldürmeye kalkışırlarsa, hemen onları öldürün. Kâfirlerin cezası böyledir.","nl":"En doodt hen waar jullie hen ook aantreffen en verdrijft hen zoals zij jullie hebben verdreven. En Fitnah is erger dan doodslag. En bestrijdt hen niet bij de Masdjid al Harâm (de Gewijde Moskee te Mekkah) totdat zij jullie daar bestrijden; als zij jullie dan bestrijden: doodt hen dan. Zo is de vergeliding voor de ongelovigen.","en":"Kill them wherever you come upon them and drive them out of the places from which they have driven you out. For persecution is far worse than killing. And do not fight them at the Sacred Mosque unless they attack you there. If they do so, then fight them—that is the reward of the disbelievers"},"surah":{"surahId":2,"name":"Bakara","nameAr":"الْبَقَرَةِ","revelationOrder":87,"verseCount":286,"juzNo":1,"firstPage":2}},{"id":199,"surahId":2,"ayatId":192,"ayatNo":"١٩٢","pageNo":30,"ayatText":"فَاِنِ انْتَهَوْا فَاِنَّ اللّٰهَ غَفُورٌ رَحٖيمٌ","ayatMealText":{"tr":"Artık şirkten vazgeçerlerse, şüphesiz ki Allah çok bağışlayıcıdır, çok merhamet edicidir.","nl":"Maar als zij ophouden, voorwaar, dan is Allah Meest Vergevensgezind, Meest Barmhartig.","en":"But if they cease, then surely Allah is All-Forgiving, Most Merciful"},"surah":null},{"id":200,"surahId":2,"ayatId":193,"ayatNo":"١٩٣","pageNo":30,"ayatText":"وَقَاتِلُوهُمْ حَتّٰى لَا تَكُونَ فِتْنَةٌ وَ يَكُونَ الدّٖينُ لِلّٰهِؕ فَاِنِ انْتَهَوْا فَلَا عُدْوَانَ اِلَّا عَلَى الظَّالِمٖينَ","ayatMealText":{"tr":"Hem bir fitne kalmayıp, din yalnız Allah'ın oluncaya kadar onlarla çarpışın. Vazgeçerlerse, düşmanlık ancak zalimlere karşıdır.","nl":"En bestridjt hen tot er geen Fitnah (meer) is en de godsdienst aan Allah behoort, maar zij dan ophouden, dan is er geen vijandschap, behalve tegen de onrechtplegers.","en":"Fight against them ˹if they persecute you˺ until there is no more persecution, and ˹your˺ devotion will be to Allah ˹alone˺. If they stop ˹persecuting you˺, let there be no hostility except against the aggressors"},"surah":null},{"id":201,"surahId":2,"ayatId":194,"ayatNo":"١٩٤","pageNo":30,"ayatText":"اَلشَّهْرُ الْحَرَامُ بِالشَّهْرِ الْحَرَامِ وَالْحُرُمَاتُ قِصَاصٌؕ فَمَنِ اعْتَدٰى عَلَيْكُمْ فَاعْتَدُوا عَلَيْهِ بِمِثْلِ مَا اعْتَدٰى عَلَيْكُمْࣕ وَاتَّقُوا اللّٰهَ وَاعْلَمُٓوا اَنَّ اللّٰهَ مَعَ الْمُتَّقٖينَ","ayatMealText":{"tr":"Hürmetli ay hürmetli aya ve bütün hürmetler birbirine karşılıktır. O halde kim size saldırdıysa, siz de ona yaptığı saldırının aynıyle saldırın da ileri gitmeye Allah'tan korkun ve bilin ki Allah, takva sahipleriyle beraberdir.","nl":"De gewijde maand om de gewijde maand, (in) de gewijde (plaatesen en maanden) geldt de Qishâsh. Wie dan tegen jullie overtreedt, overtreedt dan tegen hem dan en dezelfde mate waarin hij tegen jullie overtreedt. En vreest Allah en weet dat Allah met de Moettaqôen is.","en":"˹There will be retaliation in˺ a sacred month for ˹an offence in˺ a sacred month, and all violations will bring about retaliation. So, if anyone attacks you, retaliate in the same manner. ˹But˺ be mindful of Allah, and know that Allah is with those mindful ˹of Him˺"},"surah":null},{"id":202,"surahId":2,"ayatId":195,"ayatNo":"١٩٥","pageNo":30,"ayatText":"وَاَنْفِقُوا فٖي سَبٖيلِ اللّٰهِ وَلَا تُلْقُوا بِاَيْدٖيكُمْ اِلَى التَّهْلُكَةِۚۛ وَاَحْسِنُواۚۛ اِنَّ اللّٰهَ يُحِبُّ الْمُحْسِنٖينَ","ayatMealText":{"tr":"Allah yolunda mal harcayın da kendinizi ellerinizle tehlikeye bırakmayın ve güzel hareket edin. Çünkü Allah güzellik ve iyilik edenleri sever.","nl":"En geeft bijdragen op de Weg van allah, en stort jullie niet door eigen toedoen in de ondergang, en doet goed. Voorwaar, Allah heeft de weldoeners lief.","en":"Spend in the cause of Allah and do not let your own hands throw you into destruction ˹by withholding˺. And do good, for Allah certainly loves the good-doers"},"surah":null},{"id":203,"surahId":2,"ayatId":196,"ayatNo":"١٩٦","pageNo":30,"ayatText":"وَاَتِمُّوا الْحَجَّ وَالْعُمْرَةَ لِلّٰهِؕ فَاِنْ اُحْصِرْتُمْ فَمَا اسْتَيْسَرَ مِنَ الْهَدْيِۚ وَلَا تَحْلِقُوا رُؤُ۫سَكُمْ حَتّٰى يَبْلُغَ الْهَدْيُ مَحِلَّهُؕ فَمَنْ كَانَ مِنْكُمْ مَرٖيضاً اَوْ بِهٖٓ اَذًى مِنْ رَأْسِهٖ فَفِدْيَةٌ مِنْ صِيَامٍ اَوْ صَدَقَةٍ اَوْ نُسُكٍۚ فَاِذَٓا اَمِنْتُمْࣞ فَمَنْ تَمَتَّعَ بِالْعُمْرَةِ اِلَى الْحَجِّ فَمَا اسْتَيْسَرَ مِنَ الْهَدْيِۚ فَمَنْ لَمْ يَجِدْ فَصِيَامُ ثَلٰثَةِ اَيَّامٍ فِي الْحَجِّ وَسَبْعَةٍ اِذَا رَجَعْتُمْؕ تِلْكَ عَشَرَةٌ كَامِلَةٌؕ ذٰلِكَ لِمَنْ لَمْ يَكُنْ اَهْلُهُ حَاضِرِي الْمَسْجِدِ الْحَرَامِؕ وَاتَّقُوا اللّٰهَ وَاعْلَمُٓوا اَنَّ اللّٰهَ شَدٖيدُ الْعِقَابِࣖ","ayatMealText":{"tr":"Hac ve umreyi de Allah için tamam yapın. Eğer bunlardan alıkonursanız, o zaman kolayınıza gelen bir kurban gönderin. Bununla beraber bu kurban, kesileceği yere varıncaya kadar başlarınızı tıraş etmeyin. İçinizden hasta olana veya başından bir rahatsızlığı bulunana tıraş için oruç veya sadaka yahut da kurbandan ibaret bir fidye gerekir. Engellemeden kurtulduğunuz zaman da her kim hacca kadar umre ile sevab kazanmak isterse, ona da kolayına gelen bir kurban gerekir. Bunu bulamayana ise üç gün hacda, yedi de döndüğünüzde ki tam on gün oruç tutması lazım gelir. Bu hüküm, ailesi Mescidi Haram civarında oturmayanlar içindir. Allah'tan korkun ve bilin ki Allah'ın azabı gerçekten çok şiddetlidir.","nl":"En verricht de Haddj en de 'Oemrah voor Allah. En indien iemand dan verhinderd is, laat die dan een offerdier (slachten) dat makkelijk te vinden is, en escheert jullie hoofden niet tot het offerdier zijn slachtplaats heeft bereikt. (Voor) wie van jullie ziek is of iets aan zijn hoofd heeft, dat hem last bezorgt (en waardoor scheren noodzakelijk is) is er Fidyah (een vervangende plicht): het vasten of het voeden (van armen) of het slachten van een offerdier. En wanneer jullie in veiligheid zijn en (het betreft) degene die de Haddj op de Tamattoe'-wijze verricht, laat hem dan offeren wat makkelijk te vinden is. Maar degene die niets vindt, (voor hem geldt) dan het vasten: drie dagen gedurende de Haddj en zeven (dagen) wanneer jullie teruggekeerd, dat is tien bijelkaar. Dat geldt voor degene wiens gezinsleden niet bij de Masdjid al Harâm (de Gewijde Moskee te Mekkah) wonen. En vreest Allah en weet dat Allah hard is in de bestraffing.","en":"Complete the pilgrimage and minor pilgrimage for Allah. But if prevented ˹from proceeding˺, then ˹offer˺ whatever sacrificial animals you can afford. And do not shave your heads until the sacrificial animal reaches its destination. But if any of you is ill or has a scalp ailment ˹requiring shaving˺, then compensate either by fasting, charity, or a sacrificial offering. In times of peace, you may combine the pilgrimage and minor pilgrimage then make the sacrificial offering you can afford. Whoever cannot afford that ˹offering˺, let them fast three days during pilgrimage and seven after returning ˹home˺—completing ten. These offerings are for those who do not live near the Sacred House. And be mindful of Allah, and know that Allah is severe in punishment"},"surah":null}]}