{"juzNo":15,"pageNo":300,"arCuzNo":"۱٥","arPageNo":"۳۰۰","quranAyats":[{"id":2194,"surahId":18,"ayatId":54,"ayatNo":"٥٤","pageNo":300,"ayatText":"وَلَقَدْ صَرَّفْنَا فٖي هٰذَا الْقُرْاٰنِ لِلنَّاسِ مِنْ كُلِّ مَثَلٍؕ وَكَانَ الْاِنْسَانُ اَكْثَرَ شَيْءٍ جَدَلاً","ayatMealText":{"tr":"Şüphesiz biz, bu Kur'ân'da insanlara çeşitli mânâları türlü misallerle açık olarak verdik. İnsan ise, her şeyden çok mücadelecidir.","nl":"En Wij hebben in deze Koran voor de mensen allerlei vergelijkingen uitgelegd. Maar de mensen zijn het meest over ich twistziek.","en":"We have surely set forth in this Quran every ˹kind of˺ lesson for people, but humankind is the most argumentative of all beings"},"surah":{"surahId":18,"name":"Kehf","nameAr":"الْكَهْفِ","revelationOrder":69,"verseCount":110,"juzNo":15,"firstPage":293}},{"id":2195,"surahId":18,"ayatId":55,"ayatNo":"٥٥","pageNo":300,"ayatText":"وَمَا مَنَعَ النَّاسَ اَنْ يُؤْمِنُٓوا اِذْ جَٓاءَهُمُ الْهُدٰى وَيَسْتَغْفِرُوا رَبَّهُمْ اِلَّٓا اَنْ تَأْتِيَهُمْ سُنَّةُ الْاَوَّلٖينَ اَوْ يَأْتِيَهُمُ الْعَذَابُ قُبُلاً","ayatMealText":{"tr":"Kendilerine doğru yolu gösteren peygamber geldiğinde insanları, iman etmekten ve Rabblerinden günahlarının mağfiretini istemekten alıkoyan şey sadece geçmiş milletlerin başlarına gelen felaketlerin kendilerine de gelmesini veya ahiret azabının ansızın göz göre göre gelip çatmasını beklemek olmuştur.","nl":"En er is niets dat de mens verhindert om te geloven als de Leiding tot hen komt en om vergeving te vragen bij hun Heer, behalve de handelwijze die de vroegeren trof, of de bestraffing die zichtbaar over hen kwam.","en":"And nothing prevents people from believing when guidance comes to them and from seeking their Lord’s forgiveness except ˹their demand˺ to meet the same fate of earlier deniers or that the torment would confront them face to face"},"surah":null},{"id":2196,"surahId":18,"ayatId":56,"ayatNo":"٥٦","pageNo":300,"ayatText":"وَمَا نُرْسِلُ الْمُرْسَلٖينَ اِلَّا مُبَشِّرٖينَ وَمُنْذِرٖينَۚ وَيُجَادِلُ الَّذٖينَ كَفَرُوا بِالْبَاطِلِ لِيُدْحِضُوا بِهِ الْحَقَّ وَاتَّخَذُٓوا اٰيَاتٖي وَمَٓا اُنْذِرُوا هُزُواً","ayatMealText":{"tr":"Halbuki biz peygamberleri ancak müjdeciler ve uyarıcılar olarak göndeririz. Kâfir olanlar ise hakkı, batılla ortadan kaldırmak için mücadele ediyorlar. Onlar, âyetlerimizi ve korkutuldukları azabı da alaya almışlardır.","nl":"En Wij zenden de Boodschappers slechts als verkondigers van goede tijdingen en waarschuwers. En degenen die ongelovig zijn twisten slechts op valse wijze om daarmee de Waarheid te vernietigen. En zij nemen Mijn Verzen en dat waarvoor gewaarschuwd werd, ter bespotting.","en":"We do not send the messengers except as deliverers of good news and warners. But the disbelievers argue in falsehood, ˹hoping˺ to discredit the truth with it, and make a mockery of My revelations and warnings"},"surah":null},{"id":2197,"surahId":18,"ayatId":57,"ayatNo":"٥٧","pageNo":300,"ayatText":"وَمَنْ اَظْلَمُ مِمَّنْ ذُكِّرَ بِاٰيَاتِ رَبِّهٖ فَاَعْرَضَ عَنْهَا وَنَسِيَ مَا قَدَّمَتْ يَدَاهُؕ اِنَّا جَعَلْنَا عَلٰى قُلُوبِهِمْ اَكِنَّةً اَنْ يَفْقَهُوهُ وَفٖٓي اٰذَانِهِمْ وَقْراًؕ وَاِنْ تَدْعُهُمْ اِلَى الْهُدٰى فَلَنْ يَهْتَدُٓوا اِذاً اَبَداً","ayatMealText":{"tr":"Rabbinin âyetleriyle nasihat edilip de onlardan yüz çeviren ve daha önce işlediği günahları unutandan daha zalim kim olabilir? Biz onların kalbleri üzerine (Kur'ân'ı) anlamalarına engel olan bir ağırlık, kulaklarına da sağırlık verdik. Ey Muhammed! Sen onları doğru yola çağırsan da onlar asla hidayete ermezler.","nl":"En wie is er onrechtvaardiger dan degene die met Verzen van zijn Heer vermaand wordt, maar zich daarvan afwendt en vergeet wat zijn handen gedaan hebben? Voorwaar, Wij hebben over hun harten een versluiering aangebracht, zodat zij het niet begrijpen, en in hun oren doofheid. En indien jij hen tot de Leiding oproept: zij zullen nooit en te nimmer Leiding volgen.","en":"And who does more wrong than those who, when reminded of their Lord’s revelations, turn away from them and forget what their own hands have done? We have certainly cast veils over their hearts—leaving them unable to comprehend this ˹Quran˺—and deafness in their ears. And if you ˹O Prophet˺ invite them to ˹true˺ guidance, they will never be ˹rightly˺ guided"},"surah":null},{"id":2198,"surahId":18,"ayatId":58,"ayatNo":"٥٨","pageNo":300,"ayatText":"وَرَبُّكَ الْغَفُورُ ذُو الرَّحْمَةِؕ لَوْ يُؤَاخِذُهُمْ بِمَا كَسَبُوا لَعَجَّلَ لَهُمُ الْعَذَابَؕ بَلْ لَهُمْ مَوْعِدٌ لَنْ يَجِدُوا مِنْ دُونِهٖ مَوْئِلاً","ayatMealText":{"tr":"Bununla beraber rahmet sahibi olan Rabbin çok bağışlayıcıdır, tevbe eden kullarına rahmeti boldur. Eğer Allah, işledikleri günahlar yüzünden onları hemen cezalandıracak olsaydı, onlara hemen azab ederdi. Fakat onlara vaad edilen bir zaman vardır ki, o geldiğinde Allah'ın azabından bir kurtuluş yeri bulamazlar.","nl":"En jouw Heer is de Vergevensgezind, Bezitter van de Barmhartigheid. Indien Hij hen zou grijpen voor wat zij verricht hebben, dan zou bij zeker de bestraffing voor hen versneld hebben. Maar voor hen is er de afspraak (op de Dag van de Opstanding), nooit zullen zij buiten Hem een toevlucht vinden.","en":"Your Lord is the All-Forgiving, Full of Mercy. If He were to seize them ˹immediately˺ for what they commit, He would have certainly hastened their punishment. But they have an appointed time, from which they will find no refuge"},"surah":null},{"id":2199,"surahId":18,"ayatId":59,"ayatNo":"٥٩","pageNo":300,"ayatText":"وَتِلْكَ الْقُرٰٓى اَهْلَكْنَاهُمْ لَمَّا ظَلَمُوا وَجَعَلْنَا لِمَهْلِكِهِمْ مَوْعِداًࣖ","ayatMealText":{"tr":"İşte zulmettikleri için helak ettiğimiz şehirler! Biz onların helâkleri için de belirli bir zaman tayin etmiştik.","nl":"En dat zijn de steden die Wij vernietigd hebben toen zij onrechtvaardig waren; en Wij hebben voor hun vernietiging een tijdstip bepaald.","en":"Those ˹are the˺ societies We destroyed when they persisted in wrong, and We had set a time for their destruction"},"surah":null},{"id":2200,"surahId":18,"ayatId":60,"ayatNo":"٦٠","pageNo":300,"ayatText":"وَاِذْ قَالَ مُوسٰى لِفَتٰيهُ لَٓا اَبْرَحُ حَتّٰٓى اَبْلُغَ مَجْمَعَ الْبَحْرَيْنِ اَوْ اَمْضِيَ حُقُباً","ayatMealText":{"tr":"Ey Muhammed! Bir vakit Musa genç adamına demişti ki: \"İki denizin birleştiği yere ulaşıncaya kadar gideceğim, yahut senelerce gideceğim.\"","nl":"En (gedenkt) toein Môesa tot zijn gezel zei: \"Ik zal niet opgeven voordat ik de samenvloeiing van de twee zeeën bereik, of ik zal altijd doorgaan.\"","en":"And ˹remember˺ when Moses said to his young assistant, “I will never give up until I reach the junction of the two seas, even if I travel for ages.”"},"surah":null},{"id":2201,"surahId":18,"ayatId":61,"ayatNo":"٦١","pageNo":300,"ayatText":"فَلَمَّا بَلَغَا مَجْمَعَ بَيْنِهِمَا نَسِيَا حُوتَهُمَا فَاتَّخَذَ سَبٖيلَهُ فِي الْبَحْرِ سَرَباً","ayatMealText":{"tr":"Bunun üzerine ikisi de iki denizin birleştiği yere vardıklarında balıklarını unuttular. Bu arada balık, denizde yolunu bulup kaybolmuştu.","nl":"En toen zij de samenvloeiing van belde bereikten, vergaten zij hun vis, die zich vrijelijk zijn weg in de zee zocht.","en":"But when they ˹finally˺ reached the point where the seas met, they forgot their ˹salted˺ fish, and it made its way into the sea, slipping away ˹wondrously˺"},"surah":null}]}