{"juzNo":16,"pageNo":306,"arCuzNo":"۱٦","arPageNo":"۳۰٦","quranAyats":[{"id":2262,"surahId":19,"ayatId":12,"ayatNo":"١٢","pageNo":306,"ayatText":"يَا يَحْيٰى خُذِ الْكِتَابَ بِقُوَّةٍؕ وَاٰتَيْنَاهُ الْحُكْمَ صَبِياًّۙ","ayatMealText":{"tr":"\"Ey Yahya! Kitaba kuvvetle sarıl\" (dedik) ve daha çocukken ona hikmet verdik.","nl":"(Allah zei:) \"O Yahya, neem de Schrift stevig aan.\" En Wij gaven de Wijsheid aan hem, terwijl hij jong was.","en":"˹It was later said,˺ “O John! Hold firmly to the Scriptures.” And We granted him wisdom while ˹he was still˺ a child"},"surah":{"surahId":19,"name":"Meryem","nameAr":"مَرْيَمَ","revelationOrder":44,"verseCount":98,"juzNo":16,"firstPage":305}},{"id":2263,"surahId":19,"ayatId":13,"ayatNo":"١٣","pageNo":306,"ayatText":"وَحَنَاناً مِنْ لَدُنَّا وَزَكٰوةًؕ وَكَانَ تَقِياًّۙ","ayatMealText":{"tr":"Hem de katımızdan bir merhamet ve (günahlardan) paklık verdik, o çok takva sahibi idi.","nl":"Als genegenbeid van Onze Zijde en reiniging. En hij vreesde (Allah).","en":"as well as purity and compassion from Us. And he was God-fearing"},"surah":null},{"id":2264,"surahId":19,"ayatId":14,"ayatNo":"١٤","pageNo":306,"ayatText":"وَبَراًّ بِوَالِدَيْهِ وَلَمْ يَكُنْ جَبَّاراً عَصِياًّ","ayatMealText":{"tr":"Anne ve babasına karşı iyi davranan bir kimse idi, zorba ve isyankâr değildi.","nl":"En hij was goed voor zijn ouders en hij was niet arrogant en ongehoorzaam.","en":"and kind to his parents. He was neither arrogant nor disobedient"},"surah":null},{"id":2265,"surahId":19,"ayatId":15,"ayatNo":"١٥","pageNo":306,"ayatText":"وَسَلَامٌ عَلَيْهِ يَوْمَ وُلِدَ وَيَوْمَ يَمُوتُ وَيَوْمَ يُبْعَثُ حَياًّࣖ","ayatMealText":{"tr":"Doğduğu gün, öleceği gün ve dirileceği gün ona selam olsun.","nl":"Vrede zij met hem op de dag dat hij geboren werd en de dag dat hij sterft en op de dag dat hij tot leven wordt opgewekt.","en":"Peace be upon him the day he was born, and the day of his death, and the day he will be raised back to life"},"surah":null},{"id":2266,"surahId":19,"ayatId":16,"ayatNo":"١٦","pageNo":306,"ayatText":"وَاذْكُرْ فِي الْكِتَابِ مَرْيَمَۘ اِذِ انْتَبَذَتْ مِنْ اَهْلِهَا مَكَاناً شَرْقِياًّۙ","ayatMealText":{"tr":"(Ey Muhammed!) Kur'ân'daki Meryem kıssasını da an (insanlara anlat). Hani o, ailesinden ayrılarak (evinin veya mescidin) doğu tarafında bir yere çekilmişti.","nl":"En noem in het boek (de Koran) Maryam, toen zij zich terugtrok van haar familie naar een oostelijke plaats (in de tempel).","en":"And mention in the Book ˹O Prophet, the story of˺ Mary when she withdrew from her family to a place in the east"},"surah":null},{"id":2267,"surahId":19,"ayatId":17,"ayatNo":"١٧","pageNo":306,"ayatText":"فَاتَّخَذَتْ مِنْ دُونِهِمْ حِجَاباً فَاَرْسَلْـنَٓا اِلَيْهَا رُوحَنَا فَتَمَثَّلَ لَهَا بَشَراً سَوِياًّ","ayatMealText":{"tr":"Sonra ailesiyle kendisi arasına bir perde koymuştu. Biz ona meleğimiz (Cebrail)i gönderdik de ona tam bir insan şeklinde göründü.","nl":"En zich van hen afzonderde achter een scherm. Vervolgens zonden Wij haar Onze Geest (Djibrîl) en hij verscheen aan haar als een volmaakt mens.","en":"screening herself off from them. Then We sent to her Our angel, ˹Gabriel,˺ appearing before her as a man, perfectly formed"},"surah":null},{"id":2268,"surahId":19,"ayatId":18,"ayatNo":"١٨","pageNo":306,"ayatText":"قَالَتْ اِنّٖٓي اَعُوذُ بِالرَّحْمٰنِ مِنْكَ اِنْ كُنْتَ تَقِياًّ","ayatMealText":{"tr":"Meryem: \"Ben senden Rahmân (olan Allah) a sığınırım. Eğer Allah'dan korkuyorsan (dokunma bana)\" dedi.","nl":"Zij zei: \"Ik zoek mijn bescherming bij de Barmhartige tegen jou, als jij (Allah) vreest.\"","en":"She appealed, “I truly seek refuge in the Most Compassionate from you! ˹So leave me alone˺ if you are God-fearing.”"},"surah":null},{"id":2269,"surahId":19,"ayatId":19,"ayatNo":"١٩","pageNo":306,"ayatText":"قَالَ اِنَّـمَٓا اَنَا۬ رَسُولُ رَبِّكِࣗ لِاَهَبَ لَكِ غُلَاماً زَكِياًّ","ayatMealText":{"tr":"Melek: \"Ben, sana temiz bir oğlan bağışlamak için, Rabbinin gönderdiği bir elçiyim\" dedi.","nl":"Hij zei: \"Voorwaar, ik ben slechts een gezant van jouw Heer, om jou een reine jongen te schenken.\"","en":"He responded, “I am only a messenger from your Lord, ˹sent˺ to bless you with a pure son.”"},"surah":null},{"id":2270,"surahId":19,"ayatId":20,"ayatNo":"٢٠","pageNo":306,"ayatText":"قَالَتْ اَنّٰى يَكُونُ لٖي غُلَامٌ وَلَمْ يَمْسَسْنٖي بَشَرٌ وَلَمْ اَكُ بَغِياًّ","ayatMealText":{"tr":"Meryem: \"Benim nasıl çocuğum olabilir? Bana hiçbir insan dokunmamıştır. Ben iffetsiz de değilim\" dedi.","nl":"Zij zei: \"Hoe kan ik een jongen krijgen terwijl geen man mij heeft aangeraakt, ik ben geen onzedelijke vrouw.\"","en":"She wondered, “How can I have a son when no man has ever touched me, nor am I unchaste?”"},"surah":null},{"id":2271,"surahId":19,"ayatId":21,"ayatNo":"٢١","pageNo":306,"ayatText":"قَالَ كَذٰلِكِۚ قَالَ رَبُّكِ هُوَ عَلَيَّ هَيِّنٌۚ وَلِنَجْعَلَـهُٓ اٰيَةً لِلنَّاسِ وَرَحْمَةً مِنَّاۚ وَكَانَ اَمْراً مَقْضِياًّ","ayatMealText":{"tr":"Melek: \"Bu, dediğin gibidir. Ancak Rabbin buyurdu ki: Bu (babasız çocuk vermek), bana pek kolaydır. Hem biz onu nezdimizden insanlara bir mucize ve rahmet kılacağız. Hem, bu önceden (ezelde) kararlaştırılmış bir iştir.\" dedi.","nl":"Hij zei: \"Zo is het, jouw Heer heeft gezegd: 'Dit is makkelijk voor Mij. En opdat Wij hem tot een Teken voor de mensen maken en als Barmhartigheid van Ons. En het is een vastgestelde zaak.\"","en":"He replied, “So will it be! Your Lord says, ‘It is easy for Me. And so will We make him a sign for humanity and a mercy from Us.’ It is a matter ˹already˺ decreed.”"},"surah":null},{"id":2272,"surahId":19,"ayatId":22,"ayatNo":"٢٢","pageNo":306,"ayatText":"فَحَمَلَتْهُ فَانْتَبَذَتْ بِهٖ مَكَاناً قَصِياًّ","ayatMealText":{"tr":"Nihayet (Allah'ın emri gerçekleşti) Meryem İsa'ya gebe kaldı ve o haliyle uzak bir yere çekildi.","nl":"En zo droeg zij hem en trok zich niet hem terug op een verre plek.","en":"So she conceived him and withdrew with him to a remote place"},"surah":null},{"id":2273,"surahId":19,"ayatId":23,"ayatNo":"٢٣","pageNo":306,"ayatText":"فَاَجَٓاءَهَا الْمَخَاضُ اِلٰى جِذْعِ النَّخْلَةِۚ قَالَتْ يَا لَيْتَنٖي مِتُّ قَبْلَ هٰذَا وَكُنْتُ نَسْياً مَنْسِياًّ","ayatMealText":{"tr":"Sonra doğum sancısı onu bir hurma dalına tutunup dayanmaya zorladı. \"Keşke bundan önce ölseydim de unutulup gitseydim\" dedi.","nl":"En de geboorteweeën dwongen haar naar de stam van een palmboom te gaan. Zij zei: \"Was ik maar hiervoor gestorven en volledig vergeten geweest.\"","en":"Then the pains of labour drove her to the trunk of a palm tree. She cried, “Alas! I wish I had died before this, and was a thing long forgotten!”"},"surah":null},{"id":2274,"surahId":19,"ayatId":24,"ayatNo":"٢٤","pageNo":306,"ayatText":"فَنَادٰيهَا مِنْ تَحْتِهَٓا اَلَّا تَحْزَنٖي قَدْ جَعَلَ رَبُّكِ تَحْتَكِ سَرِياًّ","ayatMealText":{"tr":"Melek, Meryem'e, aşağı tarafından şöyle seslendi. \"Sakın üzülme, Rabbin alt tarafında bir ırmak akıttı.\"","nl":"Toen riep hij (Djibrîl) haar van beneden de palmboom: \"Treur niet, want jouw Heer heeft een boekje beneden jou verschaft.","en":"So a voice reassured her from below her, “Do not grieve! Your Lord has provided a stream at your feet"},"surah":null},{"id":2275,"surahId":19,"ayatId":25,"ayatNo":"٢٥","pageNo":306,"ayatText":"وَهُزّٖٓي اِلَيْكِ بِجِذْعِ النَّخْلَةِ تُسَاقِطْ عَلَيْكِ رُطَباً جَنِياًّؗ","ayatMealText":{"tr":"\"Hurma dalını kendine doğru silkele, üzerine devşirilmiş taze hurmalar dökülsün.\"","nl":"En schud de stam van de palmboom naar jou toe, dan zullen er rijpe dadels op jou vallen.","en":"And shake the trunk of this palm tree towards you, it will drop fresh, ripe dates upon you"},"surah":null}]}