{"juzNo":16,"pageNo":313,"arCuzNo":"۱٦","arPageNo":"۳۱۳","quranAyats":[{"id":2361,"surahId":20,"ayatId":13,"ayatNo":"١٣","pageNo":313,"ayatText":"وَاَنَا اخْتَرْتُكَ فَاسْتَمِـعْ لِمَا يُوحٰى","ayatMealText":{"tr":"\"Ben seni seçtim, şimdi (sana) vahyolunacak şeyleri dinle.\"","nl":"En ik heb jou uitverkoren, dus luister naar wat geopenbaard wordt.","en":"I have chosen you, so listen to what is revealed"},"surah":{"surahId":20,"name":"Tâhâ","nameAr":"طٰهٰ","revelationOrder":45,"verseCount":135,"juzNo":16,"firstPage":312}},{"id":2362,"surahId":20,"ayatId":14,"ayatNo":"١٤","pageNo":313,"ayatText":"اِنَّـنٖٓي اَنَا اللّٰهُ لَٓا اِلٰهَ اِلَّٓا اَنَا۬ فَاعْبُدْنٖيۙ وَاَقِمِ الصَّلٰوةَ لِذِكْرٖي","ayatMealText":{"tr":"Şüphesiz ben Allah'ım, benden başka hiçbir ilâh yoktur. Onun için bana kulluk et ve beni anmak için namaz kıl.","nl":"Voorwaarm, Ik ben Allah, er is geen god dan Ik. Aanbid mij daarom en onderhoud de shalât om Mij te gedenken.","en":"‘It is truly I. I am Allah! There is no god ˹worthy of worship˺ except Me. So worship Me ˹alone˺, and establish prayer for My remembrance"},"surah":null},{"id":2363,"surahId":20,"ayatId":15,"ayatNo":"١٥","pageNo":313,"ayatText":"اِنَّ السَّاعَةَ اٰتِيَةٌ اَ كَادُ اُخْفٖيهَا لِتُجْزٰى كُلُّ نَفْسٍ بِمَا تَسْعٰى","ayatMealText":{"tr":"Çünkü kıyamet muhakkak gelecektir. Onun vaktini gizli tutuyorum ki, herkes yaptığının karşılığını görsün.","nl":"Voorwaar, het Uur zal komen. Ik sta op het punt om Zelf te onthullen dat iedere ziel beloond zal worden voor wat zij nastreeft.","en":"The Hour is sure to come. My Will is to keep it hidden, so that every soul may be rewarded according to their efforts"},"surah":null},{"id":2364,"surahId":20,"ayatId":16,"ayatNo":"١٦","pageNo":313,"ayatText":"فَلَا يَصُدَّنَّكَ عَنْهَا مَنْ لَا يُؤْمِنُ بِهَا وَاتَّـبَعَ هَوٰيهُ فَتَرْدٰى","ayatMealText":{"tr":"Sakın kıyamete inanmayıp, kendi heva ve hevesine uyan kimse seni, ona iman etmekten alıkoymasın; sonra helak olursun.","nl":"Laat je daarom er niet van affhouden door degene die er niet in gelooft en zijn begeerte volgt, zodat jij niet ten onder gaat.","en":"So do not let those who disbelieve in it and follow their desires distract you from it, or you will be doomed.’”"},"surah":null},{"id":2365,"surahId":20,"ayatId":17,"ayatNo":"١٧","pageNo":313,"ayatText":"وَمَا تِلْكَ بِيَمٖينِكَ يَا مُوسٰى","ayatMealText":{"tr":"Ey Musa! Sağ elindeki nedir?","nl":"Wat is dat daar in jouw rechterhand, O Môesa?\"","en":"˹Allah added,˺ “And what is that in your right hand, O Moses?”"},"surah":null},{"id":2366,"surahId":20,"ayatId":18,"ayatNo":"١٨","pageNo":313,"ayatText":"قَالَ هِيَ عَصَايَۚ اَتَوَكَّـؤُ۬ا عَلَيْهَا وَاَهُشُّ بِهَا عَلٰى غَنَمٖي وَلِيَ فٖيهَا مَاٰرِبُ اُخْرٰى","ayatMealText":{"tr":"Musa dedi: \"O benim asâm (değneğim) dır, ona dayanırım, onunla davarlarıma yaprak silkerim ve onda başka hacetlerim (faydalanacağım şeyler) de var\"","nl":"Hij (Môesa) zei: \"Dat is mijn staf, waarop ik leun en warmee ik bladeren afsla voor mijn schapen en die ik ook voor andere doelen gebruik.\"","en":"He replied, “It is my staff! I lean on it, and with it I beat down ˹branches˺ for my sheep, and have other uses for it.”"},"surah":null},{"id":2367,"surahId":20,"ayatId":19,"ayatNo":"١٩","pageNo":313,"ayatText":"قَالَ اَلْقِهَا يَا مُوسٰى","ayatMealText":{"tr":"Allah: \"Ey Musa! onu (yere) bırak\"dedi.","nl":"Hij (Allah) zei: \"Werp hem neer, O Môesa!\"","en":"Allah said, “Throw it down, O Moses!”"},"surah":null},{"id":2368,"surahId":20,"ayatId":20,"ayatNo":"٢٠","pageNo":313,"ayatText":"فَاَلْقٰيهَا فَاِذَا هِيَ حَيَّةٌ تَسْعٰى","ayatMealText":{"tr":"Musa da onu bıraktı, bir de ne görsün! o bir yılan olmuş koşuyor.","nl":"Toen wierp hij hem neer en hij word een slang die zich snel voortbewoog.","en":"So he did, then—behold!—it became a serpent, slithering"},"surah":null},{"id":2369,"surahId":20,"ayatId":21,"ayatNo":"٢١","pageNo":313,"ayatText":"قَالَ خُذْهَا وَلَا تَخَفْࣞ سَنُعٖيدُهَا سٖيرَتَهَا الْاُو۫لٰى","ayatMealText":{"tr":"Allah buyurdu ki: \"Tut onu, korkma; biz onu yine eski durumuna çevireceğiz\"","nl":"Hij (Allah) zei: \"Pak hem op en wees niet bang, Wij zullen hem weer in de oorspronkelijke toestand terugbrengen.","en":"Allah said, “Take it, and have no fear. We will return it to its former state"},"surah":null},{"id":2370,"surahId":20,"ayatId":22,"ayatNo":"٢٢","pageNo":313,"ayatText":"وَاضْمُمْ يَدَكَ اِلٰى جَنَاحِكَ تَخْرُجْ بَيْضَٓاءَ مِنْ غَيْرِ سُٓوءٍ اٰيَةً اُخْرٰىۙ","ayatMealText":{"tr":"\"Bir de diğer bir mucize olmak üzere elini koynuna koy ki, kusursuz olarak bembeyaz çıksın.\"","nl":"En stop jouw hand onderjouw kraag, hij zal wit tevoorschijn komen, zonder ziekte, als een ander Teken.","en":"And put your hand under your armpit, it will come out ˹shining˺ white, unblemished, as another sign"},"surah":null},{"id":2371,"surahId":20,"ayatId":23,"ayatNo":"٢٣","pageNo":313,"ayatText":"لِنُرِيَكَ مِنْ اٰيَاتِنَا الْكُبْرٰىۚ","ayatMealText":{"tr":"\"Bunları sana en büyük mucizelerimizden (bir kısmını) gösterelim diye yaptık.\"","nl":"Zodat Wij jou iets te laten zien van Onze gmte Tekenen.","en":"so that We may show you some of Our greatest signs"},"surah":null},{"id":2372,"surahId":20,"ayatId":24,"ayatNo":"٢٤","pageNo":313,"ayatText":"اِذْهَبْ اِلٰى فِرْعَوْنَ اِنَّهُ طَغٰىࣖ","ayatMealText":{"tr":"\"Firavun'a git, çünkü o hakikaten azdı.\"","nl":"Ga naar Fir'aun: voorwaar, hij overtrad.\"","en":"Go to Pharaoh, for he has truly transgressed ˹all bounds˺.”"},"surah":null},{"id":2373,"surahId":20,"ayatId":25,"ayatNo":"٢٥","pageNo":313,"ayatText":"قَالَ رَبِّ اشْرَحْ لٖي صَدْرٖيۙ","ayatMealText":{"tr":"Musa dedi ki: \"Ey Rabbim! Benim göğsüme genişlik ver,","nl":"Hij (Môesa) zei: \"O Heer, verruim mijn borst.","en":"Moses prayed, “My Lord! Uplift my heart for me"},"surah":null},{"id":2374,"surahId":20,"ayatId":26,"ayatNo":"٢٦","pageNo":313,"ayatText":"وَيَسِّرْ لٖٓي اَمْرٖيۙ","ayatMealText":{"tr":"İşimi kolaylaştır,","nl":"En maak mijn taak makkelijk voor mij.","en":"and make my task easy"},"surah":null},{"id":2375,"surahId":20,"ayatId":27,"ayatNo":"٢٧","pageNo":313,"ayatText":"وَاحْلُلْ عُقْدَةً مِنْ لِسَانٖيۙ","ayatMealText":{"tr":"Dilimden düğümü çöz","nl":"En verlos mij van het gebrek in mijn tong.","en":"and remove the impediment from my tongue"},"surah":null},{"id":2376,"surahId":20,"ayatId":28,"ayatNo":"٢٨","pageNo":313,"ayatText":"يَفْقَهُوا قَوْلٖيࣕ","ayatMealText":{"tr":"Ki, sözümü iyi anlasınlar.","nl":"Zodat zij mijn woorden zullen begrijpen.","en":"so people may understand my speech"},"surah":null},{"id":2377,"surahId":20,"ayatId":29,"ayatNo":"٢٩","pageNo":313,"ayatText":"وَاجْعَلْ لٖي وَزٖيراً مِنْ اَهْلٖيۙ","ayatMealText":{"tr":"Bir de bana ailemden bir vezir ver.","nl":"En stel voor mij een helper aan uit mijn familie.","en":"and grant me a helper from my family"},"surah":null},{"id":2378,"surahId":20,"ayatId":30,"ayatNo":"٣٠","pageNo":313,"ayatText":"هٰرُونَ اَخٖيۚ","ayatMealText":{"tr":"Kardeşim Harun'u (ver).","nl":"Hârôen, mijn broeder.","en":"Aaron, my brother"},"surah":null},{"id":2379,"surahId":20,"ayatId":31,"ayatNo":"٣١","pageNo":313,"ayatText":"اُشْدُدْ بِهٖٓ اَزْرٖيۙ","ayatMealText":{"tr":"Onunla arkamı kuvvetlendir.","nl":"Versterk met hem mijn kracht.","en":"Strengthen me through him"},"surah":null},{"id":2380,"surahId":20,"ayatId":32,"ayatNo":"٣٢","pageNo":313,"ayatText":"وَاَشْرِكْهُ فٖٓي اَمْرٖيۙ","ayatMealText":{"tr":"(Elçilik) işimde onu bana ortak et.","nl":"En laat hem delen in mijn taak.","en":"and let him share my task"},"surah":null},{"id":2381,"surahId":20,"ayatId":33,"ayatNo":"٣٣","pageNo":313,"ayatText":"كَيْ نُسَبِّحَكَ كَثٖيراًۙ","ayatMealText":{"tr":"Ki seni çok tesbih edelim.","nl":"Zodat wij U veel kunnen prijzen.","en":"so that we may glorify You much"},"surah":null},{"id":2382,"surahId":20,"ayatId":34,"ayatNo":"٣٤","pageNo":313,"ayatText":"وَنَذْكُرَكَ كَثٖيراًؕ","ayatMealText":{"tr":"Seni çok analım.","nl":"En U veel zullen gedenken.","en":"and remember You much"},"surah":null},{"id":2383,"surahId":20,"ayatId":35,"ayatNo":"٣٥","pageNo":313,"ayatText":"اِنَّكَ كُنْتَ بِنَا بَصٖيراً","ayatMealText":{"tr":"Şüphe yok ki sen bizi görüp duruyorsun.\"","nl":"Voorwaar, U bent Alziend over ons.\"","en":"for truly You have ˹always˺ been overseeing us.”"},"surah":null},{"id":2384,"surahId":20,"ayatId":36,"ayatNo":"٣٦","pageNo":313,"ayatText":"قَالَ قَدْ اُو۫تٖيتَ سُؤْلَكَ يَا مُوسٰى","ayatMealText":{"tr":"Allah buyurdu: \"Ey Musa! Dilediğin (şeyler) sana verildi.\"","nl":"Hij (Allah) zei: \"Waarlijk, jouw verzoek is ingewilligd, O Môesa.","en":"Allah responded, “All that you requested has been granted, O Moses"},"surah":null},{"id":2385,"surahId":20,"ayatId":37,"ayatNo":"٣٧","pageNo":313,"ayatText":"وَلَقَدْ مَنَنَّا عَلَيْكَ مَرَّةً اُخْرٰىۙ","ayatMealText":{"tr":"\"And olsun biz, sana diğer bir defa daha ihsan etmiştik\"","nl":"En voorzeker, Wij hebben jou een andere keer begunstigd.","en":"And surely We had shown You favour before"},"surah":null}]}