{"juzNo":17,"pageNo":328,"arCuzNo":"۱۷","arPageNo":"۳۲۸","quranAyats":[{"id":2556,"surahId":21,"ayatId":73,"ayatNo":"٧٣","pageNo":328,"ayatText":"وَجَعَلْنَاهُمْ اَئِمَّةً يَهْدُونَ بِاَمْرِنَا وَاَوْحَيْنَٓا اِلَيْهِمْ فِعْلَ الْخَيْرَاتِ وَاِقَامَ الصَّلٰوةِ وَاٖيتَٓاءَ الزَّكٰوةِۚ وَكَانُوا لَنَا عَابِدٖينَۙ","ayatMealText":{"tr":"Onları buyruğumuz altında (insanlara) doğru yolu gösterecek önderler kıldık. Kendilerine hayırlı işler yapmayı, namaz kılmayı, zekat vermeyi vahyettik. Onlar bize kulluk eden kimselerdir.","nl":"En Wij maakten hen tot leiders, die leiding gaven volgens Ons bevel. En Wij openbaarden aan hen goede daden te verrichten en de shalât te onderhouden en de zakât te geven. En zij waren aanbidders van Ons.","en":"We ˹also˺ made them leaders, guiding by Our command, and inspired them to do good deeds, establish prayer, and pay alms-tax. And they were devoted to Our worship"},"surah":{"surahId":21,"name":"Enbiyâ","nameAr":"الْاَنْبِيَاءِ","revelationOrder":73,"verseCount":112,"juzNo":17,"firstPage":322}},{"id":2557,"surahId":21,"ayatId":74,"ayatNo":"٧٤","pageNo":328,"ayatText":"وَلُوطاً اٰتَيْنَاهُ حُكْماً وَعِلْماً وَنَجَّيْنَاهُ مِنَ الْقَرْيَةِ الَّتٖي كَانَتْ تَعْمَلُ الْخَبَٓائِثَؕ اِنَّهُمْ كَانُوا قَوْمَ سَوْءٍ فَاسِقٖينَۙ","ayatMealText":{"tr":"Biz Lût'a da bir hüküm, bir ilim verdik. Onu çirkin işler işleyen kasabadan kurtardık. Doğrusu onlar kötü, fasık bir kavimdi.","nl":"En aan Lôeth schonken Wij wijsheid en kennis en Wij redden hem uit de stad waarvan (de bevolking) vuiligheid placht te bedrijven. Voorwaar, zij waren een slecht volk, zwaar zondigen.","en":"And to Lot We gave wisdom and knowledge, and delivered him from the society engrossed in shameful practices. They were certainly an evil, rebellious people"},"surah":null},{"id":2558,"surahId":21,"ayatId":75,"ayatNo":"٧٥","pageNo":328,"ayatText":"وَاَدْخَلْنَاهُ فٖي رَحْمَتِنَاؕ اِنَّهُ مِنَ الصَّالِحٖينَࣖ","ayatMealText":{"tr":"Onu ise rahmetimizin içine aldık. Çünkü o salihlerdendi.","nl":"En Wij deden hem in Onze Barmhartigheid binnengaan: voorwaar, hij behoorde tot de oprechten.","en":"And We admitted him into Our mercy, ˹for˺ he was truly one of the righteous"},"surah":null},{"id":2559,"surahId":21,"ayatId":76,"ayatNo":"٧٦","pageNo":328,"ayatText":"وَنُوحاً اِذْ نَادٰى مِنْ قَبْلُ فَاسْتَجَبْنَا لَهُ فَنَجَّيْنَاهُ وَاَهْلَهُ مِنَ الْكَرْبِ الْعَظٖيمِۚ","ayatMealText":{"tr":"Nuh da daha önceleri bize yalvarmıştı; biz de onun duasını kabul ettik, kendisini ve ailesini büyük sıkıntıdan kurtardık.","nl":"En (gedenkt) Nôeh, toen bij Ons vroeger aanriep en Wij hem daarop verhoorden: Wij redden hem en zijn familie van een geweldige ramp.","en":"And ˹remember˺ when Noah had cried out to Us earlier, so We responded to him and delivered him and his family from the great distress"},"surah":null},{"id":2560,"surahId":21,"ayatId":77,"ayatNo":"٧٧","pageNo":328,"ayatText":"وَنَصَرْنَاهُ مِنَ الْقَوْمِ الَّذٖينَ كَذَّبُوا بِاٰيَاتِنَاؕ اِنَّهُمْ كَانُوا قَوْمَ سَوْءٍ فَاَغْرَقْنَاهُمْ اَجْمَعٖينَ","ayatMealText":{"tr":"Âyetlerimizi yalanlayan kavminden onun öcünü aldık. Şüphesiz onlar kötü bir kavimdiler. Biz de hepsini (suda) boğduk.","nl":"En Wij hielpen hem tegen het volk dat Onze Tekorten loochende. Voorwaar, zij waren een slecht volk. Toen deden Wij hen allen verdrinken.","en":"And We made him prevail over those who had rejected Our signs. They were truly an evil people, so We drowned them all"},"surah":null},{"id":2561,"surahId":21,"ayatId":78,"ayatNo":"٧٨","pageNo":328,"ayatText":"وَدَاوُ۫دَ وَسُلَيْمٰنَ اِذْ يَحْكُمَانِ فِي الْحَرْثِ اِذْ نَفَشَتْ فٖيهِ غَنَمُ الْقَوْمِۚ وَكُنَّا لِحُكْمِهِمْ شَاهِدٖينَۙ","ayatMealText":{"tr":"Davud ve Süleyman'ı da (hatırla). Hani onlar ekin hakkında hüküm veriyorlardı. Hani milletin koyunları (geceleyin) içinde yayılmıştı, biz onların hükmüne şahittik.","nl":"En (gedenkt) Dâwôcd en Soelaimân toen zij een oordeel gaven over het akkerland, waarop de schapen van het volk grazend rondgelopen hadden. En Wij waren getuigen van hun oordeel.\"'","en":"And ˹remember˺ when David and Solomon passed judgment regarding the crops ruined ˹at night˺ by someone’s sheep, and We were witness to their judgments"},"surah":null},{"id":2562,"surahId":21,"ayatId":79,"ayatNo":"٧٩","pageNo":328,"ayatText":"فَفَهَّمْنَاهَا سُلَيْمٰنَۚ وَكُلاًّ اٰتَيْنَا حُكْماً وَعِلْماًؗ وَسَخَّرْنَا مَعَ دَاوُ۫دَ الْجِبَالَ يُسَبِّحْنَ وَالطَّيْرَؕ وَكُنَّا فَاعِلٖينَ","ayatMealText":{"tr":"Biz onu(n hükmünü) hemen Süleyman'a bildirmiştik; (zaten) herbirine hüküm ve ilim vermiştik. Davud'la beraber tesbih etsinler diye, dağları ve kuşları buyruk altına aldık. (Bütün bunları) yapan bizdik.","nl":"En Wij deden Soelaimân (de zaak) begrijpen. En aan ieder van hen gaven Wij wijsheid en kennis. En Wij maakten Dâwôcd met de bergen en de vogels dienstbaar om (Allah's) Glorie te prijzen, Eii Wij waren het Die dat deden.","en":"We guided ˹young˺ Solomon to a fairer settlement, and granted each of them wisdom and knowledge. We subjected the mountains as well as the birds to hymn ˹Our praises˺ along with David. It is We Who did ˹it all˺"},"surah":null},{"id":2563,"surahId":21,"ayatId":80,"ayatNo":"٨٠","pageNo":328,"ayatText":"وَعَلَّمْنَاهُ صَنْعَةَ لَبُوسٍ لَكُمْ لِتُحْصِنَكُمْ مِنْ بَأْسِكُمْۚ فَهَلْ اَنْتُمْ شَاكِرُونَ","ayatMealText":{"tr":"Ona, sizi savaşta korumak için zırh yapma sanatını öğrettik, artık şükreder misiniz?","nl":"En Wij leerden hem kleding (maliënkolders) te maken om jullie te beschermen in jullie oorlog. Zullen jullie dan dankbaren zijn?","en":"We taught him the art of making body armour to protect you in battle. Will you then be grateful"},"surah":null},{"id":2564,"surahId":21,"ayatId":81,"ayatNo":"٨١","pageNo":328,"ayatText":"وَلِسُلَيْمٰنَ الرّٖيحَ عَاصِفَةً تَجْرٖي بِاَمْرِهٖٓ اِلَى الْاَرْضِ الَّتٖي بَارَكْنَا فٖيهَاؕ وَكُنَّا بِكُلِّ شَيْءٍ عَالِمٖينَ","ayatMealText":{"tr":"Bereketli kıldığımız yere doğru, Süleyman'ın emriyle yürüyen şiddetli rüzgarı, onun buyruğuna verdik. Biz her şeyi biliyorduk.","nl":"En aait Soelaimin (onderwierpen Wij) de stormachtige wind, die met Zijn verlof naar het land bewoog dat Wij gezegend hadden. En Wij zijn Alwetend over alle zaken.","en":"And to Solomon We subjected the raging winds, blowing by his command to the land We had showered with blessings. It is We Who know everything"},"surah":null}]}