{"juzNo":17,"pageNo":329,"arCuzNo":"۱۷","arPageNo":"۳۲۹","quranAyats":[{"id":2565,"surahId":21,"ayatId":82,"ayatNo":"٨٢","pageNo":329,"ayatText":"وَمِنَ الشَّيَاطٖينِ مَنْ يَغُوصُونَ لَهُ وَيَعْمَلُونَ عَمَلاً دُونَ ذٰلِكَۚ وَكُنَّا لَهُمْ حَافِظٖينَۙ","ayatMealText":{"tr":"Onun için dalgıçlık yapan ve bundan başka işler de gören şeytanlardan da onun buyruğu altına verdik. Onların hepsini biz gözetiyorduk.","nl":"En van de Satans doken er voor hem en zij verrichtten daarnaast ander werk. En Wij waren Wakers over hen.","en":"And ˹We subjected˺ some jinn that dived for him, and performed other duties. It is We Who kept them in check"},"surah":{"surahId":21,"name":"Enbiyâ","nameAr":"الْاَنْبِيَاءِ","revelationOrder":73,"verseCount":112,"juzNo":17,"firstPage":322}},{"id":2566,"surahId":21,"ayatId":83,"ayatNo":"٨٣","pageNo":329,"ayatText":"وَاَيُّوبَ اِذْ نَادٰى رَبَّهُٓ اَنّٖي مَسَّنِيَ الضُّرُّ وَاَنْتَ اَرْحَمُ الرَّاحِمٖينَۚ","ayatMealText":{"tr":"Eyyûb da: \"Başıma bir bela geldi, (sana sığındım), sen merhametlilerin en merhametlisisin\" diye Rabbine nida etti.","nl":"En (gedenkt) Ayyôeb toen hij zijn Heer aanriep (en zei:) \"Voorwaar, tegenspoed heeft mij getroffen en U bent de Bamhartigste der Barmhartigen.\"","en":"And ˹remember˺ when Job cried out to his Lord, “I have been touched with adversity, and You are the Most Merciful of the merciful.”"},"surah":null},{"id":2567,"surahId":21,"ayatId":84,"ayatNo":"٨٤","pageNo":329,"ayatText":"فَاسْتَجَبْنَا لَهُ فَكَشَفْنَا مَا بِهٖ مِنْ ضُرٍّ وَاٰتَيْنَاهُ اَهْلَهُ وَمِثْلَهُمْ مَعَهُمْ رَحْمَةً مِنْ عِنْدِنَا وَذِكْرٰى لِلْعَابِدٖينَ","ayatMealText":{"tr":"Biz de onun duasını kabul ettik de başına gelenleri kaldırdık. Katımızdan bir rahmet ve kulluk edenlere bir hatıra olmak üzere, ona tekrar ailesini ve kaybettikleriyle bir mislini daha verdik.","nl":"Toen verhoorden Wij hem en hieven de tegenspoed voor hem op. En Wij gaven hem zijn familie en het daaraan gelijke aan hem (erbij), als een Barmhartigheid van Ons en als een vermaning voor de aanbidders.","en":"So We answered his prayer and removed his adversity, and gave him back his family, twice as many, as a mercy from Us and a lesson for the ˹devoted˺ worshippers"},"surah":null},{"id":2568,"surahId":21,"ayatId":85,"ayatNo":"٨٥","pageNo":329,"ayatText":"وَاِسْمٰعٖيلَ وَاِدْرٖيسَ وَذَا الْكِفْلِؕ كُلٌّ مِنَ الصَّابِرٖينَۚ","ayatMealText":{"tr":"İsmail, İdris ve Zülkifl'i de (hatırla). Onların hepsi de sabredenlerdendi.","nl":"En (gedenkt) Ismâ'îl, Idrîs en Dzôelkifl: allen behoorden tot de geduldigen.","en":"And ˹remember˺ Ishmael, Enoch, and Ⱬul-Kifl. They were all steadfast"},"surah":null},{"id":2569,"surahId":21,"ayatId":86,"ayatNo":"٨٦","pageNo":329,"ayatText":"وَاَدْخَلْنَاهُمْ فٖي رَحْمَتِنَاؕ اِنَّهُمْ مِنَ الصَّالِحٖينَ","ayatMealText":{"tr":"Onları da rahmetimizin içine aldık. Onlar gerçekten salih olanlardandı.","nl":"En Wij deden ben in Onze Barmhartigheid binnengaan. Voorwaar, zij behoorden tot de oprechten.","en":"We admitted them into Our mercy, for they were truly of the righteous"},"surah":null},{"id":2570,"surahId":21,"ayatId":87,"ayatNo":"٨٧","pageNo":329,"ayatText":"وَذَا النُّونِ اِذْ ذَهَبَ مُغَاضِباً فَظَنَّ اَنْ لَنْ نَقْدِرَ عَلَيْهِ فَنَادٰى فِي الظُّلُمَاتِ اَنْ لَٓا اِلٰهَ اِلَّٓا اَنْتَ سُبْحَانَكَࣗ اِنّٖي كُنْتُ مِنَ الظَّالِمٖينَۚ","ayatMealText":{"tr":"Zünnun'u (balık sahibi Yunus'u) da hatırla. Hani o, öfkelenerek gitmişti de, bizim kendisini hiçbir zaman sıkıştırmayacağımızı sanmıştı. Fakat sonunda karanlıklar içinde: \"Senden başka ilâh yoktur, sen münezzehsin, Şüphesiz ben haksızlık edenlerden oldum\" diye seslenmişti.","nl":"En (gedenkt) Dzôennôen toen hij kwaad wegging en meende dat Wij geen macht over hem hadden. Toen riep hij uit in de duisternissen: \"Er is geen god dan U, Heilig bent U: voorwaar, ik behoorde tot de onrechtvaardigen.\"","en":"And ˹remember˺ when the Man of the Whale stormed off ˹from his city˺ in a rage, thinking We would not restrain him. Then in the ˹veils of˺ darkness he cried out, “There is no god ˹worthy of worship˺ except You. Glory be to You! I have certainly done wrong.”"},"surah":null},{"id":2571,"surahId":21,"ayatId":88,"ayatNo":"٨٨","pageNo":329,"ayatText":"فَاسْتَجَبْنَا لَهُۙ وَنَجَّيْنَاهُ مِنَ الْغَمِّؕ وَكَذٰلِكَ نُنْجِي الْمُؤْمِنٖينَ","ayatMealText":{"tr":"Biz de duasını kabul ile icabet ettik, kendisini üzüntüden kurtardık. İşte biz iman edenleri böyle kurtarırız.","nl":"Toen verhoorden Wij hem en Wij redden hem iuit de nood. En zo redden Wij de gelovigen.","en":"So We answered his prayer and rescued him from anguish. And so do We save the ˹true˺ believers"},"surah":null},{"id":2572,"surahId":21,"ayatId":89,"ayatNo":"٨٩","pageNo":329,"ayatText":"وَزَكَرِيَّٓا اِذْ نَادٰى رَبَّهُ رَبِّ لَا تَذَرْنٖي فَرْداً وَاَنْتَ خَيْرُ الْوَارِثٖينَۚ","ayatMealText":{"tr":"Zekeriya da hani Rabbine: \"Rabbim! Beni tek başıma bırakma, sen varislerin en hayırlısısın\" diye nida etmişti.","nl":"En (gedenkt) Zakariyyâ, toen hij zijn Heer aanriep: \"Mijn Heer, laat mij niet alleen (zonder nageslacht) en U bent de beste van de erfgenamen.\"","en":"And ˹remember˺ when Zachariah cried out to his Lord, “My Lord! Do not leave me childless, though You are the Best of Successors.”"},"surah":null},{"id":2573,"surahId":21,"ayatId":90,"ayatNo":"٩٠","pageNo":329,"ayatText":"فَاسْتَجَبْنَا لَهُؗ وَوَهَبْنَا لَهُ يَحْيٰى وَاَصْلَحْنَا لَهُ زَوْجَهُؕ اِنَّهُمْ كَانُوا يُسَارِعُونَ فِي الْخَيْرَاتِ وَيَدْعُونَنَا رَغَباً وَرَهَباًؕ وَكَانُوا لَنَا خَاشِعٖينَ","ayatMealText":{"tr":"Biz de duasını kabul ile icabet ettik de kendisine Yahya'yı ihsan ettik. Ve eşini (doğum yapmaya) elverişli hale getirdik. Doğrusu onlar iyiliklerde yarışıyorlar, umarak ve korkarak bize yalvarıyorlardı. Bize karşı derin saygı duyuyorlardı.","nl":"Toen verhoorden Wij hem en Wij schonken hem Yahya en Wij maakten zijn vrouw geschikt (om te baren). Voorwaar, zij wedijverden in goede daden en riepen Ons aan, verlangend (naar Onze Genade) en vol ontzag (voor Onze bestraffing). En zij waren nederig tegenover Ons.","en":"So We answered his prayer, granted him John, and made his wife fertile. Indeed, they used to race in doing good, and call upon Us with hope and fear, totally humbling themselves before Us"},"surah":null}]}