{"juzNo":2,"pageNo":33,"arCuzNo":"۲","arPageNo":"۳۳","quranAyats":[{"id":218,"surahId":2,"ayatId":211,"ayatNo":"٢١١","pageNo":33,"ayatText":"سَلْ بَنٖٓي اِسْرَٓائٖلَ كَمْ اٰتَيْنَاهُمْ مِنْ اٰيَةٍ بَيِّنَةٍؕ وَمَنْ يُبَدِّلْ نِعْمَةَ اللّٰهِ مِنْ بَعْدِ مَا جَٓاءَتْهُ فَاِنَّ اللّٰهَ شَدٖيدُ الْعِقَابِ","ayatMealText":{"tr":"İsrailoğullarına sor: Biz onlara ne kadar açık âyetler vermiştik. Fakat Allah'ın nimetini her kim kendisine geldikten sonra değiştirirse, şüphe yok ki, Allah'ın azabı çok şiddetlidir.","nl":"Vraag aan de Kinderen van Israel hoeveel duidelijke bewijzen Wij hun hebben gegeven. En wie de genieting van Allah vervangt nadat deze tot hem is gekomen: voorwaar, Allah is hard in de bestraffing.","en":"Ask the Children of Israel how many clear signs We have given them. And whoever trades Allah’s favour—after receiving it—˹for disbelief˺ should know that Allah is indeed severe in punishment"},"surah":{"surahId":2,"name":"Bakara","nameAr":"الْبَقَرَةِ","revelationOrder":87,"verseCount":286,"juzNo":1,"firstPage":2}},{"id":219,"surahId":2,"ayatId":212,"ayatNo":"٢١٢","pageNo":33,"ayatText":"زُيِّنَ لِلَّذٖينَ كَفَرُوا الْحَيٰوةُ الدُّنْيَا وَيَسْخَرُونَ مِنَ الَّذٖينَ اٰمَنُواۘ وَالَّذٖينَ اتَّقَوْا فَوْقَهُمْ يَوْمَ الْقِيٰمَةِؕ وَاللّٰهُ يَرْزُقُ مَنْ يَشَٓاءُ بِغَيْرِ حِسَابٍ","ayatMealText":{"tr":"Dünya hayatı, inkar edenler için bezendi. (Onlar), iman edenlerle eğleniyorlar. Halbuki takva sahibi olan o müminler, kıyamet günü onların üstündedir. Allah dilediğine hesapsız rızık verir.","nl":"Voor degenen die ongelovig zijn, is het wereldse leven schoonschijnend gemaakt en zij bespotten degenen die geloven. Maar degenen die (Allah) vrezen, zullen zich op de Dag der Opstanding boven hen bevinden. En Allah schenkt voorzieningen zonder berekening aan wie Hij wil.","en":"The life of this world has been made appealing to the disbelievers, and they mock the believers. Those who are mindful ˹of Allah˺ will rank above them on the Day of Judgment. And Allah provides for whoever He wills without limit"},"surah":null},{"id":220,"surahId":2,"ayatId":213,"ayatNo":"٢١٣","pageNo":33,"ayatText":"كَانَ النَّاسُ اُمَّةً وَاحِدَةً فَبَعَثَ اللّٰهُ النَّبِيّٖنَ مُبَشِّرٖينَ وَمُنْذِرٖينَࣕ وَاَنْزَلَ مَعَهُمُ الْكِتَابَ بِالْحَقِّ لِيَحْكُمَ بَيْنَ النَّاسِ فٖيمَا اخْتَلَفُوا فٖيهِؕ وَمَا اخْتَلَفَ فٖيهِ اِلَّا الَّذٖينَ اُو۫تُوهُ مِنْ بَعْدِ مَا جَٓاءَتْهُمُ الْبَيِّنَاتُ بَغْياً بَيْنَهُمْۚ فَهَدَى اللّٰهُ الَّذٖينَ اٰمَنُوا لِمَا اخْتَلَفُوا فٖيهِ مِنَ الْحَقِّ بِاِذْنِهٖؕ وَاللّٰهُ يَهْدٖي مَنْ يَشَٓاءُ اِلٰى صِرَاطٍ مُسْتَقٖيمٍ","ayatMealText":{"tr":"İnsanlar tek bir ümmetti. Ayrılmaları üzerine Allah, rahmetinin müjdecileri ve azabının habercileri olmak üzere peygamberler gönderdi ve beraberlerinde hak ile ilgili kitap indirdi ki, insanların, aralarında ihtilaf ettikleri şeyler hakkında hakem olsun. Bunda da sırf o kitap verilenler, kendilerine bunca deliller geldikten sonra tuttular, aralarındaki hırs ve kıskançlık yüzünden anlaşmazlığa düştüler. Bunun üzerine Allah kendi izniyle, iman edenleri, onların hakkında anlaşmazlığa düştükleri hakka, ulaştırdı. Allah, dilediğini doğru yola iletir.","nl":"De mensheid was een godsdienst (toegedaan, maar er ontstond oneningheid) waarop Allah de Profeten zond als verkondigers van verheugende tijdingen en als waarschuwers. En Hij zond met hen de Schrift neer met de Waarheid om te oordelen tussen de mensen over hetgeen waarover zij van mening verschilden. En niemand verschilde van mening daarover dan degenen aan wie het gegeven was, nadat de duidelijke bewijzen tot hen waren gekomen, uit onderlinge afgunst. Allah leidde degenen die geloven met de Waarheid, met Zijn toestemming, (weg van degenen die) van mening verschilden. En Allah leidt wie Hij wil op een recht Pad.","en":"Humanity had once been one community ˹of believers before they lost faith˺. Then Allah raised prophets as deliverers of good news and as warners, and revealed to them the Scriptures in truth to judge among people regarding their disputes. And no one disputed the Scriptures except the very people who received them after clear proofs had come to them—out of jealousy. Then Allah, by His grace, has guided the believers to the truth regarding those disputes. And Allah guides whoever He wills to the Straight Path"},"surah":null},{"id":221,"surahId":2,"ayatId":214,"ayatNo":"٢١٤","pageNo":33,"ayatText":"اَمْ حَسِبْتُمْ اَنْ تَدْخُلُوا الْجَنَّةَ وَلَمَّا يَأْتِكُمْ مَثَلُ الَّذٖينَ خَلَوْا مِنْ قَبْلِكُمْؕ مَسَّتْهُمُ الْبَأْسَٓاءُ وَالضَّرَّٓاءُ وَزُلْزِلُوا حَتّٰى يَقُولَ الرَّسُولُ وَالَّذٖينَ اٰمَنُوا مَعَهُ مَتٰى نَصْرُ اللّٰهِؕ اَلَٓا اِنَّ نَصْرَ اللّٰهِ قَرٖيبٌ","ayatMealText":{"tr":"Yoksa siz, kendinizden önce gelip geçenlerin hali (uğradıkları sıkıntılar) başınıza gelmeden cennete girivereceğinizi mi sandınız? Onlara öyle yoksulluklar, öyle sıkıntılar dokundu ve öyle sarsıldılar ki, hatta peygamber ve beraberinde iman edenler: \"Allah'ın yardımı ne zaman?\" derlerdi. Bak işte! Gerçekten Allah'ın yardımı yakındır.","nl":"Denken jullie dat jullie het Paradijs zulen binnengen, terwijl het gelijke dat tot degenen kwam die voor jullie zijn heengegaan, nog niet tot jullie is gekomen? Rampen en tegenspoed troggen hen en zij werden zó geschokt dat de Boodschapper en degenen die met hem geloofden, zeiden: \"Wanneer kompt de hulp van Allah?\" Weet: voorwaar, de hulp van Allah is nabij.","en":"Do you think you will be admitted into Paradise without being tested like those before you? They were afflicted with suffering and adversity and were so ˹violently˺ shaken that ˹even˺ the Messenger and the believers with him cried out, “When will Allah’s help come?” Indeed, Allah’s help is ˹always˺ near"},"surah":null},{"id":222,"surahId":2,"ayatId":215,"ayatNo":"٢١٥","pageNo":33,"ayatText":"يَسْـَٔلُونَكَ مَاذَا يُنْفِقُونَؕ قُلْ مَٓا اَنْفَقْتُمْ مِنْ خَيْرٍ فَلِلْوَالِدَيْنِ وَالْاَقْرَبٖينَ وَالْيَتَامٰى وَالْمَسَاكٖينِ وَابْنِ السَّبٖيلِؕ وَمَا تَفْعَلُوا مِنْ خَيْرٍ فَاِنَّ اللّٰهَ بِهٖ عَلٖيمٌ","ayatMealText":{"tr":"Ey Muhammed! Sana nereye infak edeceklerini soruyorlar. De ki: Hayır olarak verdiğiniz nafaka, ana baba, yakınlar, öksüzler, yoksullar ve yolda kalmışlar içindir. Hayır olarak daha ne yaparsanız herhalde Allah onu bilir.","nl":"Zij vragen jou wat zij als bijdrage moeten geven. Zeg: \"Wat jullie aan goeds geven als bijdrage, is besternd voor de ouders en de verwanten en de wezen en de armen en de reiziger zonder proviand.\" En wat jullie aan goeds doen: voorwaar, Allah is daarover Alwetend.","en":"They ask you ˹O Prophet in˺ what ˹way˺ they should donate. Say, “Whatever donations you give are for parents, relatives, orphans, the poor, and ˹needy˺ travellers. Whatever good you do is certainly well known to Allah.”"},"surah":null}]}