{"juzNo":17,"pageNo":331,"arCuzNo":"۱۷","arPageNo":"۳۳۱","quranAyats":[{"id":2585,"surahId":21,"ayatId":102,"ayatNo":"١٠٢","pageNo":331,"ayatText":"لَا يَسْمَعُونَ حَسٖيسَهَاۚ وَهُمْ فٖي مَا اشْتَهَتْ اَنْفُسُهُمْ خَالِدُونَۚ","ayatMealText":{"tr":"Bunlar onun (cehennemin) uğultusunu bile duymazlar. Canlarının istediği şeyler içinde temelli kalırlar.","nl":"Zij zullen er geen geluid van horen. En in wat hun zielen verlangen zullen zij eeuwig levenden zijn.","en":"not even hearing the slightest hissing from it. And they will delight forever in what their souls desire"},"surah":{"surahId":21,"name":"Enbiyâ","nameAr":"الْاَنْبِيَاءِ","revelationOrder":73,"verseCount":112,"juzNo":17,"firstPage":322}},{"id":2586,"surahId":21,"ayatId":103,"ayatNo":"١٠٣","pageNo":331,"ayatText":"لَا يَحْزُنُهُمُ الْفَزَعُ الْاَكْبَرُ وَتَتَلَقّٰيهُمُ الْمَلٰٓئِكَةُؕ هٰذَا يَوْمُكُمُ الَّذٖي كُنْتُمْ تُوعَدُونَ","ayatMealText":{"tr":"O en büyük korku bunları üzmez; kendilerini melekler: \"Size söz verilen gün işte bugündür\" diye karşılarlar.","nl":"De grote verschrikking bedroeft hen niet en de Engelen zullen hun ontvangen (en zeggen:) \"Dit is jullie dag, die jullie beloofd was.","en":"The Supreme Horror ˹of that Day˺ will not disturb them, and the angels will greet them, ˹saying,˺ “This is your Day, which you have been promised.”"},"surah":null},{"id":2587,"surahId":21,"ayatId":104,"ayatNo":"١٠٤","pageNo":331,"ayatText":"يَوْمَ نَطْوِي السَّمَٓاءَ كَطَيِّ السِّجِلِّ لِلْكُتُبِؕ كَمَا بَدَأْنَٓا اَوَّلَ خَلْقٍ نُعٖيدُهُؕ وَعْداً عَلَيْنَاؕ اِنَّا كُنَّا فَاعِلٖينَ","ayatMealText":{"tr":"Göğü, kitab dürer gibi dürdüğümüz zaman, yaratmaya ilk başladığımız gibi, katımızdan verilmiş bir söz olarak onu tekrar var edeceğiz. Doğrusu biz bunları yaparız.","nl":"(Gedenk) de Dag waarop Wij de hemelen oprollen, zoals het oprollen van het perkament om op te schrijven: net zoals Wij de eerste schepping begonnen zullen Wij haar herhalen, als een belofte die Wij op Ons namen. Voorwaar, Wij zullen het doen.","en":"On that Day We will roll up the heavens like a scroll of writings. Just as We produced the first creation, ˹so˺ shall We reproduce it. That is a promise binding on Us. We truly uphold ˹Our promises˺"},"surah":null},{"id":2588,"surahId":21,"ayatId":105,"ayatNo":"١٠٥","pageNo":331,"ayatText":"وَلَقَدْ كَتَبْنَا فِي الزَّبُورِ مِنْ بَعْدِ الذِّكْرِ اَنَّ الْاَرْضَ يَرِثُهَا عِبَادِيَ الصَّالِحُونَ","ayatMealText":{"tr":"And olsun ki, Tevrat'tan sonra Zebûr'da da yeryüzüne ancak iyi kullarımın mirasçı olduğunu yazmıştık.","nl":"En voorzeker hebben Wij in de Zabôer geschreven, na de vermelding (in de Lauhoelmahfôezh), dat de aarde geërfd zal worden door Mijn rechtschapen dienaren.","en":"Surely, following the ˹heavenly˺ Record, We decreed in the Scriptures: “My righteous servants shall inherit the land.”"},"surah":null},{"id":2589,"surahId":21,"ayatId":106,"ayatNo":"١٠٦","pageNo":331,"ayatText":"اِنَّ فٖي هٰذَا لَبَلَاغاً لِقَوْمٍ عَابِدٖينَؕ","ayatMealText":{"tr":"Şüphesiz bu Kur'ân'da kulluk eden kimseler için kâfi bir öğüt vardır.","nl":"Voorwaar, in deze (Koran) is zeker een Boodschap voor een volk van aanbidders.","en":"Surely this ˹Quran˺ is sufficient ˹as a reminder˺ for those devoted to worship"},"surah":null},{"id":2590,"surahId":21,"ayatId":107,"ayatNo":"١٠٧","pageNo":331,"ayatText":"وَمَٓا اَرْسَلْنَاكَ اِلَّا رَحْمَةً لِلْعَالَمٖينَ","ayatMealText":{"tr":"(Ey Muhammed!) biz seni ancak âlemlere rahmet olarak gönderdik.","nl":"En Wij hebben jou (O Moehammad) slechts gezonden als een barmhartigheid voor de werelden.","en":"We have sent you ˹O Prophet˺ only as a mercy for the whole world"},"surah":null},{"id":2591,"surahId":21,"ayatId":108,"ayatNo":"١٠٨","pageNo":331,"ayatText":"قُلْ اِنَّمَا يُوحٰٓى اِلَيَّ اَنَّـمَٓا اِلٰهُكُمْ اِلٰهٌ وَاحِدٌۚ فَهَلْ اَنْتُمْ مُسْلِمُونَ","ayatMealText":{"tr":"De ki, bana ancak şöyle vahyolunuyor: \"İlâhınız ancak tek bir ilâhtır. Şimdi siz artık müslüman oluyor musunuz?\"","nl":"Zeg: \"Voorwaar, wat aan mij geopenbaard is, is dat jullie god één God is, zullen jullie je dan aan Hem onderwerpen?\"","en":"Say, “What has been revealed to me is this: ‘Your God is only One God.’ Will you then submit?”"},"surah":null},{"id":2592,"surahId":21,"ayatId":109,"ayatNo":"١٠٩","pageNo":331,"ayatText":"فَاِنْ تَوَلَّوْا فَقُلْ اٰذَنْتُكُمْ عَلٰى سَوَٓاءٍؕ وَاِنْ اَدْرٖٓي اَقَرٖيبٌ اَمْ بَعٖيدٌ مَا تُوعَدُونَ","ayatMealText":{"tr":"Eğer (yine de) yüz çevirirlerse, de ki: \"Size düpedüz açıkladım; tehdit olunduğunuz şeyin yakın mı, uzak mı olduğunu bilmem.\"","nl":"Maar als zij zich afwenden, zeg dan: \"Ik heb jullie opgeroepen tot hetzelfde en ik weet niet of wat jullie aangezegd is dichtbij of ver weg is.","en":"If they turn away, then say, “I have warned you all equally. I do not know if what you are threatened with is near or far"},"surah":null},{"id":2593,"surahId":21,"ayatId":110,"ayatNo":"١١٠","pageNo":331,"ayatText":"اِنَّهُ يَعْلَمُ الْجَهْرَ مِنَ الْقَوْلِ وَيَعْلَمُ مَا تَكْتُمُونَ","ayatMealText":{"tr":"Şüphesiz Allah açığa vurulan sözü de bilir, gizlediklerinizi de bilir.","nl":"Voorwaar, Hij weet aat openlijk besproken wordt en Hij weet wat jullie verbergen.","en":"Allah surely knows what you say openly and whatever you hide"},"surah":null},{"id":2594,"surahId":21,"ayatId":111,"ayatNo":"١١١","pageNo":331,"ayatText":"وَاِنْ اَدْرٖي لَعَلَّهُ فِتْنَةٌ لَكُمْ وَمَتَاعٌ اِلٰى حٖينٍ","ayatMealText":{"tr":"Bilmem belki bu gecikme sizi denemek ve bir süreye kadar geçindirmek içindir.","nl":"En ik wed niet of dit een beproeving voor jullie is en een tijdelijk genot.\"","en":"I do not know if this ˹delay˺ is possibly a test for you and an enjoyment for a while.”"},"surah":null},{"id":2595,"surahId":21,"ayatId":112,"ayatNo":"١١٢","pageNo":331,"ayatText":"قَالَ رَبِّ احْكُمْ بِالْحَقِّؕ وَرَبُّنَا الرَّحْمٰنُ الْمُسْتَعَانُ عَلٰى مَا تَصِفُونَ","ayatMealText":{"tr":"(Hz. Peygamber şöyle) dedi: \"Ey Rabbim! Aramızda gerçekle hükmet ve Rabbimiz O Rahmân'dır ki, isnad ettiğiniz (yalan) vasıflarınıza karşı yardımına sığınılacak olan ancak O'dur. \"","nl":"Zeg: \"Mijn Heer, oordeel naar de Waarheid. En onze Heer, de Barmhartige, is Degene wiens hulp gevraagd wordt tegen wat jullie (Hem) toeschrijven.\"","en":"˹In the end,˺ the Prophet said, “My Lord! Judge ˹between us˺ in truth. And our Lord is the Most Compassionate, Whose help is sought against what you claim.”"},"surah":null}]}