{"juzNo":18,"pageNo":342,"arCuzNo":"۱۸","arPageNo":"۳٤۲","quranAyats":[{"id":2674,"surahId":23,"ayatId":1,"ayatNo":"١","pageNo":342,"ayatText":"قَدْ اَفْلَحَ الْمُؤْمِنُونَۙ","ayatMealText":{"tr":"Gerçekten müminler kurtuluşa ermiştir,","nl":"Waarlijk, de gelovigen slagen.","en":"Successful indeed are the believers"},"surah":{"surahId":23,"name":"Mü'minûn","nameAr":"الْمُؤْمِنُونَ","revelationOrder":74,"verseCount":118,"juzNo":18,"firstPage":342}},{"id":2675,"surahId":23,"ayatId":2,"ayatNo":"٢","pageNo":342,"ayatText":"اَلَّذٖينَ هُمْ فٖي صَلَاتِهِمْ خَاشِعُونَۙ","ayatMealText":{"tr":"Onlar ki, namazlarında huşû içindedirler,","nl":"Degenen die nederig zijn in hun shalât.","en":"those who humble themselves in prayer"},"surah":null},{"id":2676,"surahId":23,"ayatId":3,"ayatNo":"٣","pageNo":342,"ayatText":"وَالَّذٖينَ هُمْ عَنِ اللَّغْوِ مُعْرِضُونَۙ","ayatMealText":{"tr":"Onlar ki, boş ve yararsız şeylerden yüz çevirirler,","nl":"En degenen die nutteloos gepraat vemijden.","en":"those who avoid idle talk"},"surah":null},{"id":2677,"surahId":23,"ayatId":4,"ayatNo":"٤","pageNo":342,"ayatText":"وَالَّذٖينَ هُمْ لِلزَّكٰوةِ فَاعِلُونَۙ","ayatMealText":{"tr":"Onlar ki, zekat (vazifelerini) yerine getirirler,","nl":"En degenen die hun plicht tot zakât nakomen.","en":"those who pay alms-tax"},"surah":null},{"id":2678,"surahId":23,"ayatId":5,"ayatNo":"٥","pageNo":342,"ayatText":"وَالَّذٖينَ هُمْ لِفُرُوجِهِمْ حَافِظُونَۙ","ayatMealText":{"tr":"Ve onlar ki, iffetlerini korurlar,","nl":"En degenen die hun kuisheid bewaken.","en":"those who guard their chastity"},"surah":null},{"id":2679,"surahId":23,"ayatId":6,"ayatNo":"٦","pageNo":342,"ayatText":"اِلَّا عَلٰٓى اَزْوَاجِهِمْ اَوْ مَا مَلَكَتْ اَيْمَانُهُمْ فَاِنَّهُمْ غَيْرُ مَلُومٖينَۚ","ayatMealText":{"tr":"Ancak eşleri ve ellerinin sahip olduğu (cariyeleri) hariç. (Bunlarla ilişkilerinden dolayı) kınanmış değillerdir.","nl":"Behalve tegenover hun echtgenotes en hun slavinnen, dan worden zij niet verweten.","en":"except with their wives or those ˹bondwomen˺ in their possession, for then they are free from blame"},"surah":null},{"id":2680,"surahId":23,"ayatId":7,"ayatNo":"٧","pageNo":342,"ayatText":"فَمَنِ ابْتَغٰى وَرَٓاءَ ذٰلِكَ فَاُو۬لٰٓئِكَ هُمُ الْعَادُونَۚ","ayatMealText":{"tr":"Şu halde, kim bunun ötesine gitmeyi isterse, işte bunlar, haddi aşan kimselerdir.","nl":"Maar wie meer dan dat wensen: zij zijn degenen die de overtreders zijn.","en":"but whoever seeks beyond that are the transgressors"},"surah":null},{"id":2681,"surahId":23,"ayatId":8,"ayatNo":"٨","pageNo":342,"ayatText":"وَالَّذٖينَ هُمْ لِاَمَانَاتِهِمْ وَعَهْدِهِمْ رَاعُونَۙ","ayatMealText":{"tr":"Yine onlar ki, emanetlerine ve ahidlerine riayet ederler,","nl":"En degenen die goed zorgen voor wat hen is toevertrouwd en voor hun beloften.","en":"˹the believers are also˺ those who are true to their trusts and covenants"},"surah":null},{"id":2682,"surahId":23,"ayatId":9,"ayatNo":"٩","pageNo":342,"ayatText":"وَالَّذٖينَ هُمْ عَلٰى صَلَوَاتِهِمْ يُحَافِظُونَۘ","ayatMealText":{"tr":"Ve onlar ki, namazlarını muhafaza ederler,","nl":"En degenen die hun shalât onderhouden.","en":"and those who are ˹properly˺ observant of their prayers"},"surah":null},{"id":2683,"surahId":23,"ayatId":10,"ayatNo":"١٠","pageNo":342,"ayatText":"اُو۬لٰٓئِكَ هُمُ الْوَارِثُونَۙ","ayatMealText":{"tr":"İşte asıl onlar varislerdir.","nl":"Zij zijn degenen die de erfgenamen zijn","en":"These are the ones who will be awarded"},"surah":null},{"id":2684,"surahId":23,"ayatId":11,"ayatNo":"١١","pageNo":342,"ayatText":"اَلَّذٖينَ يَرِثُونَ الْفِرْدَوْسَؕ هُمْ فٖيهَا خَالِدُونَ","ayatMealText":{"tr":"Ki, Firdevs'e varis olan bu kimseler orada ebedî kalırlar.","nl":"Degenen die Firdaus (het Paradijs) zullen erven, zij zijn daarin eeuwig levenden.","en":"Paradise as their own. They will be there forever"},"surah":null},{"id":2685,"surahId":23,"ayatId":12,"ayatNo":"١٢","pageNo":342,"ayatText":"وَلَقَدْ خَلَقْنَا الْاِنْسَانَ مِنْ سُلَالَةٍ مِنْ طٖينٍۚ","ayatMealText":{"tr":"And olsun biz insanı, çamurdan, bir sülâleden (süzülüp çıkarılmış çamurdan) yarattık.","nl":"En voorzeker, Wij hebben de mens uit een uittreksel van klei geschapen.","en":"And indeed, We created humankind from an extract of clay"},"surah":null},{"id":2686,"surahId":23,"ayatId":13,"ayatNo":"١٣","pageNo":342,"ayatText":"ثُمَّ جَعَلْنَاهُ نُطْفَةً فٖي قَرَارٍ مَكٖينٍࣕ","ayatMealText":{"tr":"Sonra onu emin ve sağlam bir karargahta (rahimde) nutfe (sperma) haline getirdik.","nl":"Vervolgens maakten Wij hem tot een druppel in een stevige bewaarplaats.","en":"then placed each ˹human˺ as a sperm-drop in a secure place"},"surah":null},{"id":2687,"surahId":23,"ayatId":14,"ayatNo":"١٤","pageNo":342,"ayatText":"ثُمَّ خَلَقْنَا النُّطْفَةَ عَلَقَةً فَخَلَقْنَا الْعَلَقَةَ مُضْغَةً فَخَلَقْنَا الْمُضْغَةَ عِظَاماً فَكَسَوْنَا الْعِظَامَ لَحْماًࣗ ثُمَّ اَنْشَأْنَاهُ خَلْقاً اٰخَرَؕ فَتَبَارَكَ اللّٰهُ اَحْسَنُ الْخَالِقٖينَؕ","ayatMealText":{"tr":"Sonra nutfeyi bir alaka (embrio) yarattık, derken o alakayı bir mudga (bir çiğnem et parçası halinde) yarattık, derken o mudgayı bir takım kemik yarattık, derken o kemiklere bir et giydirdik, sonra onu diğer bir yaratık olarak teşekkül ettirdik. Yapıp yaratanların en güzeli olan Allah, pek yücedir.","nl":"Vervolgens schiepen Wij de druppel tot een bloedklonter, toen vormden Wij de bloedklonter tot een vleesklomp, waarna Wij de vleesklomp voorzagen van beenderen, die Wij vervolgens met vlees bekleedden. Later scheppen Wij een andere schepping. Gezegend is daarom Allah, de Beste der Scheppers.","en":"then We developed the drop into a clinging clot ˹of blood˺, then developed the clot into a lump ˹of flesh˺, then developed the lump into bones, then clothed the bones with flesh, then We brought it into being as a new creation. So Blessed is Allah, the Best of Creators"},"surah":null},{"id":2688,"surahId":23,"ayatId":15,"ayatNo":"١٥","pageNo":342,"ayatText":"ثُمَّ اِنَّكُمْ بَعْدَ ذٰلِكَ لَمَيِّتُونَؕ","ayatMealText":{"tr":"Sonra siz bunun ardından, muhakkak ki öleceksiniz.","nl":"Vervolgens zullen jullie zeker daarna sterven.","en":"After that you will surely die"},"surah":null},{"id":2689,"surahId":23,"ayatId":16,"ayatNo":"١٦","pageNo":342,"ayatText":"ثُمَّ اِنَّكُمْ يَوْمَ الْقِيٰمَةِ تُبْعَثُونَ","ayatMealText":{"tr":"Sonra da siz, şüphesiz, kıyamet gününde tekrar diriltileceksiniz.","nl":"Daarna zullen jullie op de Dag der Opstanding worden opgewekt.","en":"then on the Day of Judgment you will be resurrected"},"surah":null},{"id":2690,"surahId":23,"ayatId":17,"ayatNo":"١٧","pageNo":342,"ayatText":"وَلَقَدْ خَلَقْنَا فَوْقَكُمْ سَبْعَ طَرَٓائِقَࣗ وَمَا كُنَّا عَنِ الْخَلْقِ غَافِلٖينَ","ayatMealText":{"tr":"Andolsun biz, sizin üstünüzde yedi yol yarattık. Biz, yaratmaktan habersiz değiliz.","nl":"En voorzeker, Wij schiepen boven jullie zeven hemelen en Wij veronachtzamen de schepping niet","en":"And indeed, We created above you seven levels ˹of heaven˺. We are never unmindful of ˹Our˺ creation"},"surah":null}]}