{"juzNo":18,"pageNo":358,"arCuzNo":"۱۸","arPageNo":"۳٥۸","quranAyats":[{"id":2850,"surahId":24,"ayatId":59,"ayatNo":"٥٩","pageNo":358,"ayatText":"وَاِذَا بَلَغَ الْاَطْفَالُ مِنْكُمُ الْحُلُمَ فَلْيَسْتَأْذِنُوا كَمَا اسْتَأْذَنَ الَّذٖينَ مِنْ قَبْلِهِمْؕ كَذٰلِكَ يُبَيِّنُ اللّٰهُ لَكُمْ اٰيَاتِهٖؕ وَاللّٰهُ عَلٖيمٌ حَكٖيمٌ","ayatMealText":{"tr":"Sizden olan çocuklarınız erginlik çağına girdiklerinde, kendilerinden öncekiler (büyükleri) izin istedikleri gibi, onlar da izin istesinler. İşte Allah, âyetlerini size böyle açıklar. Allah her şeyi bilendir, hüküm ve hikmet sahibidir.","nl":"En wanneer de kinderen onder jullie de volwassenheid bereiken, laat hen dan toestemming vragen zoals degenen vóór hen om toestemming vroegen. Zo maakt Allah jullie Zijn Tekenen duidelijk. En Allah is Alwetend, Alwijs.","en":"And when your children reach the age of puberty, let them seek permission ˹to come in˺, as their seniors do. This is how Allah makes His revelations clear to you, for Allah is All-Knowing, All-Wise"},"surah":{"surahId":24,"name":"Nûr","nameAr":"النُّورِ","revelationOrder":102,"verseCount":64,"juzNo":18,"firstPage":350}},{"id":2851,"surahId":24,"ayatId":60,"ayatNo":"٦٠","pageNo":358,"ayatText":"وَالْقَوَاعِدُ مِنَ النِّسَٓاءِ الّٰتٖي لَا يَرْجُونَ نِكَاحاً فَلَيْسَ عَلَيْهِنَّ جُنَاحٌ اَنْ يَضَعْنَ ثِيَابَهُنَّ غَيْرَ مُتَبَرِّجَاتٍ بِزٖينَةٍؕ وَاَنْ يَسْتَعْفِفْنَ خَيْرٌ لَهُنَّؕ وَاللّٰهُ سَمٖيعٌ عَلٖيمٌ","ayatMealText":{"tr":"Bir nikah ümidi kalmayan, çocuktan kesilmiş yaşlı kadınların ise, zinetlerini (yabancı erkeklere) göstermeksizin dış elbiselerini çıkarmalarında kendilerine bir vebal yoktur. Yine de iffetli olmaları kendileri için daha hayırlıdır. Allah işitendir, bilendir.","nl":"En de oudere vrouwen die niet meer hopen te trouwen, voor hen is het geen overtreding om hun (buitenste) gewaden af te leggen, maar zonder (hun) sieraad te vertonen. Maar het na te laten is beter voor hen. En Allah is Alhorend, Alwetend.","en":"As for elderly women past the age of marriage, there is no blame on them if they take off their ˹outer˺ garments, without revealing their adornments. But it is better for them if they avoid this ˹altogether˺. And Allah is All-Hearing, All-Knowing"},"surah":null},{"id":2852,"surahId":24,"ayatId":61,"ayatNo":"٦١","pageNo":358,"ayatText":"لَيْسَ عَلَى الْاَعْمٰى حَرَجٌ وَلَا عَلَى الْاَعْرَجِ حَرَجٌ وَلَا عَلَى الْمَرٖيضِ حَرَجٌ وَلَا عَلٰٓى اَنْفُسِكُمْ اَنْ تَأْكُلُوا مِنْ بُيُوتِكُمْ اَوْ بُيُوتِ اٰبَٓائِكُمْ اَوْ بُيُوتِ اُمَّهَاتِكُمْ اَوْ بُيُوتِ اِخْوَانِكُمْ اَوْ بُيُوتِ اَخَوَاتِكُمْ اَوْ بُيُوتِ اَعْمَامِكُمْ اَوْ بُيُوتِ عَمَّاتِكُمْ اَوْ بُيُوتِ اَخْوَالِكُمْ اَوْ بُيُوتِ خَالَاتِكُمْ اَوْ مَا مَلَكْتُمْ مَفَاتِحَهُٓ اَوْ صَدٖيقِكُمْؕ لَيْسَ عَلَيْكُمْ جُنَاحٌ اَنْ تَأْكُلُوا جَمٖيعاً اَوْ اَشْتَاتاًؕ فَاِذَا دَخَلْتُمْ بُيُوتاً فَسَلِّمُوا عَلٰٓى اَنْفُسِكُمْ تَحِيَّةً مِنْ عِنْدِ اللّٰهِ مُبَارَكَةً طَيِّبَةًؕ كَذٰلِكَ يُبَيِّنُ اللّٰهُ لَكُمُ الْاٰيَاتِ لَعَلَّكُمْ تَعْقِلُونَࣖ","ayatMealText":{"tr":"A'maya güçlük yoktur; topala güçlük yoktur; hastaya da güçlük yoktur. Sizin için de gerek kendi evlerinizden, gerekse babalarınızın evlerinden, annelerinizin evlerinden, erkek kardeşlerinizin evlerinden, kız kardeşlerinizin evlerinden, amcalarınızın evlerinden halalarınızın evlerinden, dayılarınızın evlerinden, teyzelerinizin evlerinden veya anahtarlarına malik olduğunuz yerlerden, yahut dostlarınızın evlerinden yemenizde bir sakınca yoktur. Toplu halde veya ayrı ayrı yemenizde de bir güçlük ve günah yoktur. Evlere girdiğiniz zaman Allah tarafından mübarek ve güzel bir yaşama dileği olarak kendinize (birbirinize) selam verin. İşte Allah düşünüp anlayasınız diye size âyetlerini böyle açıklar.","nl":"Het is niet een zonde voor de blinde, en niet voof de lamme. en niet voot de zieke, en niet voor julliezelf, dat jullie in jullie huizen eten, of in de huizen van jullie vaderen, of in de huizen van jullie moeders, of in de huizen van jullie broeders, of in de huizen van jullie zusters, of in de huizen van jullie vaders broeders, of in de huizen van jullie vaders zusters, of in de huizen van jullie moeders broedcrs, of in de huizen van jullie moeders zusters, of in de huizen waarvan jullie de sleutels bezitten, of (in de huizen van)jullie vrienden. Het is geen overtreding voor jullie om gezamenlijk te eten of apart. Wanneer jullie dan huizen binnentreden, geeft julliezelf dan salâm, een groet van bij Allah, gezegend en goed. Zo maakt Allah jullie de Tekenen duidelijk. Hopelijk zullen jullie begrijpen.","en":"There is no restriction on the blind, or the disabled, or the sick. Nor on yourselves if you eat from your homes, or the homes of your fathers, or your mothers, or your brothers, or your sisters, or your paternal uncles, or your paternal aunts, or your maternal uncles, or your maternal aunts, or from the homes in your trust, or ˹the homes of˺ your friends. There is no blame on you eating together or separately. However, when you enter houses, greet one another with a greeting ˹of peace˺ from Allah, blessed and good. This is how Allah makes His revelations clear to you, so perhaps you will understand"},"surah":null}]}