{"juzNo":19,"pageNo":370,"arCuzNo":"۱۹","arPageNo":"۳۷۰","quranAyats":[{"id":2993,"surahId":26,"ayatId":61,"ayatNo":"٦١","pageNo":370,"ayatText":"فَلَمَّا تَـرَٓاءَ الْجَمْعَانِ قَالَ اَصْحَابُ مُوسٰٓى اِنَّا لَمُدْرَكُونَۚ","ayatMealText":{"tr":"İki topluluk birbirini görünce, Musa'nın adamları \"Eyvah, yakalandık! dediler.","nl":"En toen de twee groepen elkaar zagen, zeiden de metgezellen van Môesa: \"Voorwaar, wij worden zeker bereikt!\"","en":"When the two groups came face to face, the companions of Moses cried out, “We are overtaken for sure.”"},"surah":{"surahId":26,"name":"Şuarâ","nameAr":"الشُّعَرَاءِ","revelationOrder":47,"verseCount":227,"juzNo":19,"firstPage":367}},{"id":2994,"surahId":26,"ayatId":62,"ayatNo":"٦٢","pageNo":370,"ayatText":"قَالَ كَلَّاۚ اِنَّ مَعِيَ رَبّٖي سَيَهْدٖينِ","ayatMealText":{"tr":"Musa: \"Hayır, aslâ! dedi, Rabbim şüphesiz benimledir, bana yolunu gösterecektir.\"","nl":"Hij (Môesa) zei: \"Zeker niet voorwaar, mijn Heer is met mij, Hij zal mij lieden.\"","en":"Moses reassured ˹them˺, “Absolutely not! My Lord is certainly with me—He will guide me.”"},"surah":null},{"id":2995,"surahId":26,"ayatId":63,"ayatNo":"٦٣","pageNo":370,"ayatText":"فَاَوْحَيْنَٓا اِلٰى مُوسٰٓى اَنِ اضْرِبْ بِعَصَاكَ الْبَحْرَؕ فَانْفَلَقَ فَكَانَ كُلُّ فِرْقٍ كَالطَّوْدِ الْعَظٖيمِۚ","ayatMealText":{"tr":"Bunun üzerine Musa'ya \"Vur asân ile denize\" diye vahyettik; vurunca bir infilak etti, her bölük koca bir dağ gibi oluverdi,","nl":"Toen openbaarden Wij aan Môesa: \"Sla de zee met jouw staf.\" Toen spleet de zee en elk gedeelte was als een geweldige berg.","en":"So We inspired Moses: “Strike the sea with your staff,” and the sea was split, each part was like a huge mountain"},"surah":null},{"id":2996,"surahId":26,"ayatId":64,"ayatNo":"٦٤","pageNo":370,"ayatText":"وَاَزْلَفْنَا ثَمَّ الْاٰخَرٖينَۚ","ayatMealText":{"tr":"Ötekilerini de buraya yanaştırıvermiştik.","nl":"En Wij deden de anderen daar dichtbij komen.","en":"We drew the pursuers to that place"},"surah":null},{"id":2997,"surahId":26,"ayatId":65,"ayatNo":"٦٥","pageNo":370,"ayatText":"وَاَنْجَيْنَا مُوسٰى وَمَنْ مَعَهُٓ اَجْمَعٖينَۚ","ayatMealText":{"tr":"Musa ve beraberindekilerin hepsini kurtardık,","nl":"En wij redden Môesa en allen die bij hem waren.","en":"and delivered Moses and those with him all together"},"surah":null},{"id":2998,"surahId":26,"ayatId":66,"ayatNo":"٦٦","pageNo":370,"ayatText":"ثُمَّ اَغْرَقْنَا الْاٰخَرٖينَؕ","ayatMealText":{"tr":"Sonra da ötekileri suda boğduk.","nl":"Vervolgens verdronken Wij de anderen.","en":"Then We drowned the others"},"surah":null},{"id":2999,"surahId":26,"ayatId":67,"ayatNo":"٦٧","pageNo":370,"ayatText":"اِنَّ فٖي ذٰلِكَ لَاٰيَةًؕ وَمَا كَانَ اَكْثَرُهُمْ مُؤْمِنٖينَ","ayatMealText":{"tr":"Şüphesiz bunda bir âyet (ibret) vardır; ama çokları iman etmiş değillerdir.","nl":"Voorwaar, daarin is zeker een Teken, maar de meesten van hen zijn geen gelovigen.","en":"Surely in this is a sign. Yet most of them would not believe"},"surah":null},{"id":3000,"surahId":26,"ayatId":68,"ayatNo":"٦٨","pageNo":370,"ayatText":"وَاِنَّ رَبَّكَ لَهُوَ الْعَزٖيزُ الرَّحٖيمُࣖ","ayatMealText":{"tr":"Ve şüphesiz, işte o Rabbin, mutlak galip ve engin merhamet sahibidir.","nl":"En voorwaar, jouw Heer (O Moehammad) is zeker Hij, de Almachtige, de Meest Barmhartige.","en":"And your Lord is certainly the Almighty, Most Merciful"},"surah":null},{"id":3001,"surahId":26,"ayatId":69,"ayatNo":"٦٩","pageNo":370,"ayatText":"وَاتْلُ عَلَيْهِمْ نَبَاَ اِبْرٰهٖيمَۘ","ayatMealText":{"tr":"(Resulüm!) onlara İbrahim'in kıssasını da naklet.","nl":"En lees hun de geschiedenis van Ibrâhîm voor.","en":"Relate to them ˹O Prophet˺ the story of Abraham"},"surah":null},{"id":3002,"surahId":26,"ayatId":70,"ayatNo":"٧٠","pageNo":370,"ayatText":"اِذْ قَالَ لِاَبٖيهِ وَقَوْمِهٖ مَا تَعْبُدُونَ","ayatMealText":{"tr":"Hani o, babasına ve kavmine, \"Neye tapıyorsunuz?\" demişti.","nl":"(Gedenk) toen hij tot zijn vader en zijn volk zei: \"Wat aanbidden jullie?\"","en":"when he questioned his father and his people, “What is that you worship ˹besides Allah˺?”"},"surah":null},{"id":3003,"surahId":26,"ayatId":71,"ayatNo":"٧١","pageNo":370,"ayatText":"قَالُوا نَعْبُدُ اَصْنَاماً فَنَظَلُّ لَهَا عَاكِفٖينَ","ayatMealText":{"tr":"\"Birtakım putlara taparız da onlar sayesinde toplanırız\" dediler.","nl":"Zij zeiden: \"Wij aanbidden afgoden en wij zullen hen blijven aanbidden.\"","en":"They replied, “We worship idols, to which we are fully devoted.”"},"surah":null},{"id":3004,"surahId":26,"ayatId":72,"ayatNo":"٧٢","pageNo":370,"ayatText":"قَالَ هَلْ يَسْمَعُونَكُمْ اِذْ تَدْعُونَۙ","ayatMealText":{"tr":"İbrahim \"Peki, dedi, yalvardığınızda onlar sizi işitiyorlar mı?\"","nl":"Hij (Ibrâhîm) zei: \"Horen zij jullie, wanneer jullie hen aanroepen?","en":"Abraham asked, “Can they hear you when you call upon them"},"surah":null},{"id":3005,"surahId":26,"ayatId":73,"ayatNo":"٧٣","pageNo":370,"ayatText":"اَوْ يَنْفَعُونَكُمْ اَوْ يَضُرُّونَ","ayatMealText":{"tr":"\"Veya size fayda veya zararları olur mu?\"","nl":"Of brengen zij jullie voordeel of berokkenen zij jullie nadeel?","en":"Or can they benefit or harm you?”"},"surah":null},{"id":3006,"surahId":26,"ayatId":74,"ayatNo":"٧٤","pageNo":370,"ayatText":"قَالُوا بَلْ وَجَدْنَٓا اٰبَٓاءَنَا كَذٰلِكَ يَفْعَلُونَ","ayatMealText":{"tr":"\"Yok, dediler, ama biz babalarımızı böyle yapar bulduk.\"","nl":"Zij zeiden. \"Wij vonden dat zelfs onze vaderen zo deden.\"","en":"They replied, “No! But we found our forefathers doing the same.”"},"surah":null},{"id":3007,"surahId":26,"ayatId":75,"ayatNo":"٧٥","pageNo":370,"ayatText":"قَالَ اَفَرَاَيْتُمْ مَا كُنْتُمْ تَعْبُدُونَۙ","ayatMealText":{"tr":"İbrahim dedi ki: \"İyi ama, ister sizin, ister önceki atalarınızın olsun, neye taptığınızı (biraz olsun) düşündünüz mü?\"","nl":"Hij (Ibrâhîm) zei: \"Hebben jullie dain gezien wat jullie plegen te aanbidden?","en":"Abraham responded, “Have you ˹really˺ considered what you have been worshipping—"},"surah":null},{"id":3008,"surahId":26,"ayatId":76,"ayatNo":"٧٦","pageNo":370,"ayatText":"اَنْتُمْ وَاٰبَٓاؤُ۬كُمُ الْاَقْدَمُونَ","ayatMealText":{"tr":"İbrahim dedi ki: \"İyi ama, ister sizin, ister önceki atalarınızın olsun, neye taptığınızı (biraz olsun) düşündünüz mü?\"","nl":"Jullie en jullie vaderen die voorafgingen?","en":"you and your ancestors"},"surah":null},{"id":3009,"surahId":26,"ayatId":77,"ayatNo":"٧٧","pageNo":370,"ayatText":"فَاِنَّهُمْ عَدُوٌّ لٖٓي اِلَّا رَبَّ الْعَالَمٖينَۙ","ayatMealText":{"tr":"\"Hep onlar benim düşmanımdır; ancak âlemlerin Rabbi (benim dostumdur)\"","nl":"Voorwaar, zij zijn een vijand voor mij, (ik aanbid niemand) behalve de Heer der Werelden.","en":"They are ˹all˺ enemies to me, except the Lord of all worlds"},"surah":null},{"id":3010,"surahId":26,"ayatId":78,"ayatNo":"٧٨","pageNo":370,"ayatText":"اَلَّذٖي خَلَقَنٖي فَهُوَ يَهْدٖينِۙ","ayatMealText":{"tr":"\"O ki, beni yaratan ve bana doğru yolu gösterendir,\"","nl":"Degene Die mij geschapen heeft, Hij leidt mij.","en":"˹He is˺ the One Who created me, and He ˹alone˺ guides me"},"surah":null},{"id":3011,"surahId":26,"ayatId":79,"ayatNo":"٧٩","pageNo":370,"ayatText":"وَالَّذٖي هُوَ يُطْعِمُنٖي وَيَسْقٖينِۙ","ayatMealText":{"tr":"\"Beni yediren, içirendir,\"","nl":"En Hij is Degene Die mij voedt en Die mij te drinken geeft.","en":"˹He is˺ the One Who provides me with food and drink"},"surah":null},{"id":3012,"surahId":26,"ayatId":80,"ayatNo":"٨٠","pageNo":370,"ayatText":"وَاِذَا مَرِضْتُ فَهُوَ يَشْفٖينِࣕ","ayatMealText":{"tr":"\"Hastalandığım zaman bana O, şifâ verir.\"","nl":"En wanneer ik ziek ben, is Hij het Die mij geneest.","en":"And He ˹alone˺ heals me when I am sick"},"surah":null},{"id":3013,"surahId":26,"ayatId":81,"ayatNo":"٨١","pageNo":370,"ayatText":"وَالَّذٖي يُمٖيتُنٖي ثُمَّ يُحْيٖينِۙ","ayatMealText":{"tr":"\"O ki, benim canımı alacak, sonra diriltecektir. \"","nl":"Degene Die mij doet sterven en mi vervolgens doet leven.","en":"And He ˹is the One Who˺ will cause me to die, and then bring me back to life"},"surah":null},{"id":3014,"surahId":26,"ayatId":82,"ayatNo":"٨٢","pageNo":370,"ayatText":"وَالَّـذٖٓي اَطْمَعُ اَنْ يَغْفِرَ لٖي خَطٖٓيـَٔتٖي يَوْمَ الدّٖينِؕ","ayatMealText":{"tr":"\"Ve hesap günü, hatamı bağışlayacağını umduğumdur.\"","nl":"En Degene van Wie ik hevig verlang dat Hij mijn zonden zal vergeven op de Dag des Oordeels.","en":"And He is ˹the One˺ Who, I hope, will forgive my flaws on Judgment Day.”"},"surah":null},{"id":3015,"surahId":26,"ayatId":83,"ayatNo":"٨٣","pageNo":370,"ayatText":"رَبِّ هَبْ لٖي حُكْماً وَاَلْحِقْنٖي بِالصَّالِحٖينَۙ","ayatMealText":{"tr":"\"Ya Rab! Bana hikmet (hüküm) ver ve beni iyiler (zümresin)e kat.\"","nl":"Mijn Heer, schenk mij wijsheid en verenig mij met de rechtschapenen.","en":"“My Lord! Grant me wisdom, and join me with the righteous"},"surah":null}]}