{"juzNo":19,"pageNo":371,"arCuzNo":"۱۹","arPageNo":"۳۷۱","quranAyats":[{"id":3016,"surahId":26,"ayatId":84,"ayatNo":"٨٤","pageNo":371,"ayatText":"وَاجْعَلْ لٖي لِسَانَ صِدْقٍ فِي الْاٰخِرٖينَۙ","ayatMealText":{"tr":"\"Sonra gelecekler içinde beni doğrulukla anılanlardan eyle!\"","nl":"En maak mijn naam vermaard onder de lateren.","en":"Bless me with honourable mention among later generations"},"surah":{"surahId":26,"name":"Şuarâ","nameAr":"الشُّعَرَاءِ","revelationOrder":47,"verseCount":227,"juzNo":19,"firstPage":367}},{"id":3017,"surahId":26,"ayatId":85,"ayatNo":"٨٥","pageNo":371,"ayatText":"وَاجْعَلْنٖي مِنْ وَرَثَةِ جَنَّةِ النَّعٖيمِۙ","ayatMealText":{"tr":"\"Ve beni naîm (nimeti bol) cennetin varislerinden eyle!\"","nl":"En maak mij één van de erfgenamen van de Tuin van de gelukzaligheid (het Paradijs).","en":"Make me one of those awarded the Garden of Bliss"},"surah":null},{"id":3018,"surahId":26,"ayatId":86,"ayatNo":"٨٦","pageNo":371,"ayatText":"وَاغْفِرْ لِاَبٖٓي اِنَّهُ كَانَ مِنَ الضَّٓالّٖينَۙ","ayatMealText":{"tr":"\"Babamı da bağışla, çünkü o yanlış gidenlerdendir. \"","nl":"En vergeef mijn vader, waal bij behoorde tot de dwalenden.","en":"Forgive my father, for he is certainly one of the misguided"},"surah":null},{"id":3019,"surahId":26,"ayatId":87,"ayatNo":"٨٧","pageNo":371,"ayatText":"وَلَا تُخْزِنٖي يَوْمَ يُبْعَثُونَۙ","ayatMealText":{"tr":"\"(İnsanların) diriltilecekleri gün, beni mahcub etme.\"","nl":"En verneder mij niet op de Dag waarop er wordt opgewekt.","en":"And do not disgrace me on the Day all will be resurrected—"},"surah":null},{"id":3020,"surahId":26,"ayatId":88,"ayatNo":"٨٨","pageNo":371,"ayatText":"يَوْمَ لَا يَنْفَعُ مَالٌ وَلَا بَنُونَۙ","ayatMealText":{"tr":"\"O gün ki ne mal fayda verir ne oğullar!\"","nl":"Op de Dag, waarop rijkdom en zonen niet zullen baten.","en":"the Day when neither wealth nor children will be of any benefit"},"surah":null},{"id":3021,"surahId":26,"ayatId":89,"ayatNo":"٨٩","pageNo":371,"ayatText":"اِلَّا مَنْ اَتَى اللّٰهَ بِقَلْبٍ سَلٖيمٍؕ","ayatMealText":{"tr":"\"Ancak Allah'a temiz bir kalple gelenler o günde (kurtuluşa erer).\"","nl":"Alleen bij (zal gebaat zijn), die naar Allah komt met een zuiver hart","en":"Only those who come before Allah with a pure heart ˹will be saved˺.”"},"surah":null},{"id":3022,"surahId":26,"ayatId":90,"ayatNo":"٩٠","pageNo":371,"ayatText":"وَاُزْلِفَتِ الْجَنَّةُ لِلْمُتَّقٖينَۙ","ayatMealText":{"tr":"(O gün) Cennet müttakilere yaklaştırılmıştır.","nl":"En de Tuin wordt dichtbij de Moettaqôen gebracht.","en":"˹On that Day˺ Paradise will be brought near to the God-fearing"},"surah":null},{"id":3023,"surahId":26,"ayatId":91,"ayatNo":"٩١","pageNo":371,"ayatText":"وَبُرِّزَتِ الْجَحٖيمُ لِلْغَاوٖينَۙ","ayatMealText":{"tr":"Azgınlar için de cehennem hortlatılmıştır.","nl":"En Djahîm (de Hel) wordt tentoongesteld aan de dwalenden.","en":"and the Hellfire will be displayed to the deviant"},"surah":null},{"id":3024,"surahId":26,"ayatId":92,"ayatNo":"٩٢","pageNo":371,"ayatText":"وَقٖيلَ لَهُمْ اَيْنَ مَا كُنْتُمْ تَعْبُدُونَۙ","ayatMealText":{"tr":"Onlara, \"Allah'ı bırakıp da taptıklarınız, hani nerede? Size yardım edebiliyorlar mı veya kendilerini kurtarabiliyorlar mı?\" denilir.","nl":"En tot hen wordt gezegd: \"Waar is het, wat jullie plachten te aanbidden?","en":"And it will be said to them, “Where are those you used to worship"},"surah":null},{"id":3025,"surahId":26,"ayatId":93,"ayatNo":"٩٣","pageNo":371,"ayatText":"مِنْ دُونِ اللّٰهِؕ هَلْ يَنْصُرُونَكُمْ اَوْ يَنْتَصِرُونَؕ","ayatMealText":{"tr":"Onlara, \"Allah'ı bırakıp da taptıklarınız, hani nerede? Size yardım edebiliyorlar mı veya kendilerini kurtarabiliyorlar mı?\" denilir.","nl":"Naast Allah? Kunnen zij jullie helpen of zichzelf helpen?","en":"besides Allah? Can they help you or even help themselves?”"},"surah":null},{"id":3026,"surahId":26,"ayatId":94,"ayatNo":"٩٤","pageNo":371,"ayatText":"فَكُبْكِبُوا فٖيهَا هُمْ وَالْغَاوُ۫نَۙ","ayatMealText":{"tr":"Ve arkasından hep onlar (putlar ve azgınlar) o cehennemin içine fırlatılmaktadırlar.","nl":"Dan worden zij hals over kop daarin geslingerd, zij en de dwalenden.","en":"Then the idols will be hurled headlong into Hell, along with the deviant"},"surah":null},{"id":3027,"surahId":26,"ayatId":95,"ayatNo":"٩٥","pageNo":371,"ayatText":"وَجُنُودُ اِبْلٖيسَ اَجْمَعُونَؕ","ayatMealText":{"tr":"Ve bütün o İblis orduları onun içinde birbirleriyle çekişirlerken dediler ki:","nl":"En de troepen van Iblîs (de Satan), allemaal.","en":"and the soldiers of Iblîs, all together"},"surah":null},{"id":3028,"surahId":26,"ayatId":96,"ayatNo":"٩٦","pageNo":371,"ayatText":"قَالُوا وَهُمْ فٖيهَا يَخْتَصِمُونَۙ","ayatMealText":{"tr":"Ve bütün o İblis orduları onun içinde birbirleriyle çekişirlerken dediler ki:","nl":"Zij zeggen, terwijl zij met elkaar redetwisten:","en":"There the deviant will cry while disputing with their idols"},"surah":null},{"id":3029,"surahId":26,"ayatId":97,"ayatNo":"٩٧","pageNo":371,"ayatText":"تَاللّٰهِ اِنْ كُنَّا لَفٖي ضَلَالٍ مُبٖينٍۙ","ayatMealText":{"tr":"\"Vallahi biz, gerçekten apaçık bir sapıklık içindeymişiz.\"","nl":"\"Bij Allah, wij verkeerden zeker in een duidelijke dwaling.","en":"“By Allah! We were clearly mistaken"},"surah":null},{"id":3030,"surahId":26,"ayatId":98,"ayatNo":"٩٨","pageNo":371,"ayatText":"اِذْ نُسَوّٖيكُمْ بِرَبِّ الْعَالَمٖينَ","ayatMealText":{"tr":"\"Çünkü biz sizi, âlemlerin Rabbi ile bir seviyede tutuyorduk.\"","nl":"Dat wij jullie (de afgoden) gelijkstelden met de Heer der Werelden.","en":"when we made you equal to the Lord of all worlds"},"surah":null},{"id":3031,"surahId":26,"ayatId":99,"ayatNo":"٩٩","pageNo":371,"ayatText":"وَمَٓا اَضَلَّـنَٓا اِلَّا الْمُجْرِمُونَ","ayatMealText":{"tr":"\"Ve bizi hep o günahkarlar saptırdı.\"","nl":"En alleen de misdadigers hebben ons doen afdwalen.","en":"And none led us astray other than the wicked"},"surah":null},{"id":3032,"surahId":26,"ayatId":100,"ayatNo":"١٠٠","pageNo":371,"ayatText":"فَمَا لَنَا مِنْ شَافِعٖينَۙ","ayatMealText":{"tr":"\"Bak bizim için ne şefaatçiler var,\"","nl":"En wij hebben geen voorsprekers,","en":"Now we have none to intercede for us"},"surah":null},{"id":3033,"surahId":26,"ayatId":101,"ayatNo":"١٠١","pageNo":371,"ayatText":"وَلَا صَدٖيقٍ حَمٖيمٍ","ayatMealText":{"tr":"\"Ne de yakın bir dost.\"","nl":"En geen boezemvriend.","en":"nor a close friend"},"surah":null},{"id":3034,"surahId":26,"ayatId":102,"ayatNo":"١٠٢","pageNo":371,"ayatText":"فَلَوْ اَنَّ لَنَا كَرَّةً فَنَكُونَ مِنَ الْمُؤْمِنٖينَ","ayatMealText":{"tr":"\"Ah keşke (dünyaya) bir kere daha dönebilsek de, müminlerden olabilseydik.\"","nl":"Was er voor ons maar een weg terug, dan zouden wij tot de gelovigen behoren.\"","en":"If only we could have a second chance, then we would be believers.”"},"surah":null},{"id":3035,"surahId":26,"ayatId":103,"ayatNo":"١٠٣","pageNo":371,"ayatText":"اِنَّ فٖي ذٰلِكَ لَاٰيَةًؕ وَمَا كَانَ اَكْثَرُهُمْ مُؤْمِنٖينَ","ayatMealText":{"tr":"Şüphesiz bunda bir âyet (alınacak bir ders) vardır; oysa çokları iman etmiş değillerdir.","nl":"Voorwaar, daarin is zeker een Teken, maar de meesten van hen zijn ongelovigen.","en":"Surely in this is a sign. Yet most of them would not believe"},"surah":null},{"id":3036,"surahId":26,"ayatId":104,"ayatNo":"١٠٤","pageNo":371,"ayatText":"وَاِنَّ رَبَّكَ لَهُوَ الْعَزٖيزُ الرَّحٖيمُࣖ","ayatMealText":{"tr":"Ve şüphesiz Rabbin, işte O, mutlak galip ve engin merhamet sahibidir.","nl":"En voorwaar, jouw Heer (O Moehammad) is zeker Hij, de Almachtige, de Meest Barmhartige.","en":"And your Lord is certainly the Almighty, Most Merciful"},"surah":null},{"id":3037,"surahId":26,"ayatId":105,"ayatNo":"١٠٥","pageNo":371,"ayatText":"كَذَّبَتْ قَوْمُ نُوحٍۨ الْمُرْسَلٖينَۚ","ayatMealText":{"tr":"Nuh kavmi de peygamberleri yalancılıkla itham etti.","nl":"Het volk van Nôeh loochende de Boodschappers.","en":"The people of Noah rejected the messengers"},"surah":null},{"id":3038,"surahId":26,"ayatId":106,"ayatNo":"١٠٦","pageNo":371,"ayatText":"اِذْ قَالَ لَهُمْ اَخُوهُمْ نُوحٌ اَلَا تَتَّقُونَۚ","ayatMealText":{"tr":"Hani kardeşleri Nuh onlara şöyle demişti: \"Siz Allah'tan korkmaz mısınız?\"","nl":"(Gedenk) toen hun broeder Nôeh tot hen zei: \"Vrezen jullie (Allah) niet?","en":"when their brother Noah said to them, “Will you not fear ˹Allah˺"},"surah":null},{"id":3039,"surahId":26,"ayatId":107,"ayatNo":"١٠٧","pageNo":371,"ayatText":"اِنّٖي لَكُمْ رَسُولٌ اَمٖينٌۙ","ayatMealText":{"tr":"\"Haberiniz olsun ki ben, size gönderilmiş güvenilir bir Peygamberim.","nl":"Voorwaar, ik ben voor jullie een betrouwbare Boodschapper.","en":"I am truly a trustworthy messenger to you"},"surah":null},{"id":3040,"surahId":26,"ayatId":108,"ayatNo":"١٠٨","pageNo":371,"ayatText":"فَاتَّقُوا اللّٰهَ وَاَطٖيعُونِۚ","ayatMealText":{"tr":"\"Gelin artık, Allah'tan korkun ve bana itaat edin.\"","nl":"Vreest daarom Allah en gehoorzaamt mij.","en":"So fear Allah, and obey me"},"surah":null},{"id":3041,"surahId":26,"ayatId":109,"ayatNo":"١٠٩","pageNo":371,"ayatText":"وَمَٓا اَسْـَٔلُكُمْ عَلَيْهِ مِنْ اَجْرٍۚ اِنْ اَجْرِيَ اِلَّا عَلٰى رَبِّ الْعَالَمٖينَۚ","ayatMealText":{"tr":"\"Buna karşılık ben sizden hiçbir ücret istemiyorum. Benim mükafaatımı verecek olan ancak, âlemlerin Rabbidir.\"","nl":"Ik vraag jullie er geen beloning voor, mijn beloning berust alleen bij de Heer der Werelden.","en":"I do not ask you for any reward for this ˹message˺. My reward is only from the Lord of all worlds"},"surah":null},{"id":3042,"surahId":26,"ayatId":110,"ayatNo":"١١٠","pageNo":371,"ayatText":"فَاتَّقُوا اللّٰهَ وَاَطٖيعُونِؕ","ayatMealText":{"tr":"\"Gelin, artık, Allah'tan korkun ve bana itaat edin.\"","nl":"Vreest daarom Allah en gehoorzaamt mij.","en":"So fear Allah, and obey me.”"},"surah":null},{"id":3043,"surahId":26,"ayatId":111,"ayatNo":"١١١","pageNo":371,"ayatText":"قَالُٓوا اَنُؤْمِنُ لَكَ وَاتَّبَعَكَ الْاَرْذَلُونَؕ","ayatMealText":{"tr":"\"Â, dediler, senin ardına hep düşük kimseler düşmüşken, biz sana hiç inanır mıyız?\"","nl":"Zij zeiden: \"Zouden wij jou volgen, terwijl de meest nederigen jou volgen?\"","en":"They argued, “How can we believe in you, when you are followed ˹only˺ by the lowest of the low?”"},"surah":null}]}