{"juzNo":19,"pageNo":372,"arCuzNo":"۱۹","arPageNo":"۳۷۲","quranAyats":[{"id":3044,"surahId":26,"ayatId":112,"ayatNo":"١١٢","pageNo":372,"ayatText":"قَالَ وَمَا عِلْمٖي بِمَا كَانُوا يَعْمَلُونَۚ","ayatMealText":{"tr":"Nuh dedi ki: \"Onların yaptıkları hakkında bir bilgim yoktur.\"","nl":"Hij (Nôeh) zei: \"En ik heb geen kennis over wat zij deden.","en":"He responded, “And what knowledge do I have of what they do"},"surah":{"surahId":26,"name":"Şuarâ","nameAr":"الشُّعَرَاءِ","revelationOrder":47,"verseCount":227,"juzNo":19,"firstPage":367}},{"id":3045,"surahId":26,"ayatId":113,"ayatNo":"١١٣","pageNo":372,"ayatText":"اِنْ حِسَابُهُمْ اِلَّا عَلٰى رَبّٖي لَوْ تَشْعُرُونَۚ","ayatMealText":{"tr":"\"Onların hesabı ancak Rabbime aittir. Düşünsenize!\"","nl":"Hun afrekening is slechts bij mijn Heer, als jullie het maar zouden beseffen.","en":"Their judgment is with my Lord, if you had any sense"},"surah":null},{"id":3046,"surahId":26,"ayatId":114,"ayatNo":"١١٤","pageNo":372,"ayatText":"وَمَٓا اَنَا۬ بِطَارِدِ الْمُؤْمِنٖينَۚ","ayatMealText":{"tr":"\"Hem ben iman edenleri kovmaya memur değilim.\"","nl":"Ik zal de gelovigen zeker niet wegjagen.","en":"I am not going to expel the believers"},"surah":null},{"id":3047,"surahId":26,"ayatId":115,"ayatNo":"١١٥","pageNo":372,"ayatText":"اِنْ اَنَا۬ اِلَّا نَذٖيرٌ مُبٖينٌؕ","ayatMealText":{"tr":"\"Ben ancak apaçık bir uyarıcıyım.\"","nl":"Ik ben slechts een duidelijke waarschuwer.\"","en":"I am only sent with a clear warning.”"},"surah":null},{"id":3048,"surahId":26,"ayatId":116,"ayatNo":"١١٦","pageNo":372,"ayatText":"قَالُوا لَئِنْ لَمْ تَنْتَهِ۬ يَا نُوحُ لَتَكُونَنَّ مِنَ الْمَرْجُومٖينَؕ","ayatMealText":{"tr":"Dediler ki: \"Ey Nuh! Eğer vazgeçmezsen, iyi bil ki, taşa tutulanlardan olacaksın!\"","nl":"Zij zeiden: \"Als jij er niet mee ophoudt, O Nôeh, dan behoor jij tot degenen die gestenigd worden!\"","en":"They threatened, “If you do not desist, O Noah, you will surely be stoned ˹to death˺.”"},"surah":null},{"id":3049,"surahId":26,"ayatId":117,"ayatNo":"١١٧","pageNo":372,"ayatText":"قَالَ رَبِّ اِنَّ قَوْمٖي كَذَّبُونِۚ","ayatMealText":{"tr":"Nuh: \"Rabbim! dedi, kavmim beni yalancılıkla itham etti.\"","nl":"Hij (Nôeh) zei: \"Mijn Heer, voorwaar mijn volk loochent mij.","en":"Noah prayed, “My Lord! My people have truly rejected me"},"surah":null},{"id":3050,"surahId":26,"ayatId":118,"ayatNo":"١١٨","pageNo":372,"ayatText":"فَافْتَحْ بَيْنٖي وَبَيْنَهُمْ فَتْحاً وَنَجِّنٖي وَمَنْ مَعِيَ مِنَ الْمُؤْمِنٖينَ","ayatMealText":{"tr":"\"Artık benimle onların arasında sen hükmünü ver. Beni ve beraberimdeki müminleri kurtar.\"","nl":"Spreek daarom een oordeel uit tussen mij en hen. En red mij en de gelovigen die met mij zijn.\"","en":"So judge between me and them decisively, and save me and the believers with me.”"},"surah":null},{"id":3051,"surahId":26,"ayatId":119,"ayatNo":"١١٩","pageNo":372,"ayatText":"فَاَنْجَيْنَاهُ وَمَنْ مَعَهُ فِي الْفُلْكِ الْمَشْحُونِۚ","ayatMealText":{"tr":"Bunun üzerine biz de onu ve beraberindekileri, o dolu gemide taşıyarak kurtardık.","nl":"Toen redden Wij hem en degenen die met hem in het beladen schip waren.","en":"So We saved him and those with him in the fully loaded Ark"},"surah":null},{"id":3052,"surahId":26,"ayatId":120,"ayatNo":"١٢٠","pageNo":372,"ayatText":"ثُمَّ اَغْرَقْنَا بَعْدُ الْبَاقٖينَؕ","ayatMealText":{"tr":"Sonra da arkasında kalanları suda boğduk.","nl":"En vervolgens verdronken Wij degenen die achterbleven (in de zondvloed).","en":"Then afterwards We drowned the rest"},"surah":null},{"id":3053,"surahId":26,"ayatId":121,"ayatNo":"١٢١","pageNo":372,"ayatText":"اِنَّ فٖي ذٰلِكَ لَاٰيَةًؕ وَمَا كَانَ اَكْثَرُهُمْ مُؤْمِنٖينَ","ayatMealText":{"tr":"Şüphesiz bunda mutlak bir âyet (alınacak ders) vardır; ama çokları iman etmiş değillerdir.","nl":"Voorwaar, daarin is zeker een Teken, maar de meesten van hen zijn geen gelovigen.","en":"Surely in this is a sign. Yet most of them would not believe"},"surah":null},{"id":3054,"surahId":26,"ayatId":122,"ayatNo":"١٢٢","pageNo":372,"ayatText":"وَاِنَّ رَبَّكَ لَهُوَ الْعَزٖيزُ الرَّحٖيمُࣖ","ayatMealText":{"tr":"Ve şüphesiz Rabbin, işte O, mutlak galip ve engin merhamet sahibidir.","nl":"En voorwaar, jouw Heer (O Moehammad) is zeker Hij, de Almachtige, de Meest Barmhartige.","en":"And your Lord is certainly the Almighty, Most Merciful"},"surah":null},{"id":3055,"surahId":26,"ayatId":123,"ayatNo":"١٢٣","pageNo":372,"ayatText":"كَذَّبَتْ عَادٌۨ الْمُرْسَلٖينَۚ","ayatMealText":{"tr":"Âd (kavmi) de peygamberleri yalancılıkla itham etti.","nl":"Het volk van de 'Âd loochende de Boodschappers.","en":"The people of ’Âd rejected the messengers"},"surah":null},{"id":3056,"surahId":26,"ayatId":124,"ayatNo":"١٢٤","pageNo":372,"ayatText":"اِذْ قَالَ لَهُمْ اَخُوهُمْ هُودٌ اَلَا تَتَّقُونَۚ","ayatMealText":{"tr":"Hani kardeşleri Hûd onlara şöyle demişti: \"Siz Allah'tan korkmaz mısınız?\"","nl":"(Gedenk) toen hun broeder Hôed tot hen zei: \"Vrezen jullie Allah niet?","en":"when their brother Hûd said to them, “Will you not fear ˹Allah˺"},"surah":null},{"id":3057,"surahId":26,"ayatId":125,"ayatNo":"١٢٥","pageNo":372,"ayatText":"اِنّٖي لَكُمْ رَسُولٌ اَمٖينٌۙ","ayatMealText":{"tr":"\"Haberiniz olsun ki ben, size gönderilmiş, güvenilir bir Peygamberim.\"","nl":"Voorwaar, ik ben voor jullie een betrouwbare Boodschapper.","en":"I am truly a trustworthy messenger to you"},"surah":null},{"id":3058,"surahId":26,"ayatId":126,"ayatNo":"١٢٦","pageNo":372,"ayatText":"فَاتَّقُوا اللّٰهَ وَاَطٖيعُونِۚ","ayatMealText":{"tr":"\"Gelin artık Allah'tan korkun ve bana itaat edin.\"","nl":"Vreest daarom Allah en gehoorzaamt mij.","en":"So fear Allah, and obey me"},"surah":null},{"id":3059,"surahId":26,"ayatId":127,"ayatNo":"١٢٧","pageNo":372,"ayatText":"وَمَٓا اَسْـَٔلُكُمْ عَلَيْهِ مِنْ اَجْرٍۚ اِنْ اَجْرِيَ اِلَّا عَلٰى رَبِّ الْعَالَمٖينَؕ","ayatMealText":{"tr":"\"Buna karşılık ben sizden hiçbir ücret istemiyorum. Benim mükafatımı verecek olan ancak âlemlerin Rabbidir. \"","nl":"En ik vraag jullie er geen beloning voor, want mijn beloning berust alleen bij de Heer der Werelden.","en":"I do not ask you for any reward for this ˹message˺. My reward is only from the Lord of all worlds"},"surah":null},{"id":3060,"surahId":26,"ayatId":128,"ayatNo":"١٢٨","pageNo":372,"ayatText":"اَتَبْنُونَ بِكُلِّ رٖيعٍ اٰيَةً تَعْبَثُونَۙ","ayatMealText":{"tr":"\"Siz her tepeye bir alâmet bina edip eğlenir durur musunuz?\"","nl":"Zouden jullie op elke heuvel een gebouw bouwen om jullie te vermaken?","en":"˹Why˺ do you build a landmark on every high place in vanity"},"surah":null},{"id":3061,"surahId":26,"ayatId":129,"ayatNo":"١٢٩","pageNo":372,"ayatText":"وَتَتَّخِذُونَ مَصَانِـعَ لَعَلَّكُمْ تَخْلُدُونَۚ","ayatMealText":{"tr":"\"Temelli kalacağınızı umarak sağlam yapılar mı edinirsiniz?\"","nl":"En bouwen jullie paleizen in de hoop dat jullie eeuwig leven?","en":"and construct castles, as if you are going to live forever"},"surah":null},{"id":3062,"surahId":26,"ayatId":130,"ayatNo":"١٣٠","pageNo":372,"ayatText":"وَاِذَا بَطَشْتُمْ بَطَشْتُمْ جَبَّارٖينَۚ","ayatMealText":{"tr":"\"Hem tuttuğunuz zaman merhametsiz zorbalar gibi tutuyorsunuz.\"","nl":"En als jullie toeslaan, slaan jullie toe als geweldenaars.","en":"and act so viciously when you attack ˹others˺"},"surah":null},{"id":3063,"surahId":26,"ayatId":131,"ayatNo":"١٣١","pageNo":372,"ayatText":"فَاتَّقُوا اللّٰهَ وَاَطٖيعُونِۚ","ayatMealText":{"tr":"\"Artık Allah'tan korkun ve bana itaat edin.\"","nl":"Vreest daarom Allah en gehoorzaamt mij.","en":"So fear Allah, and obey me"},"surah":null},{"id":3064,"surahId":26,"ayatId":132,"ayatNo":"١٣٢","pageNo":372,"ayatText":"وَاتَّقُوا الَّـذٖٓي اَمَدَّكُمْ بِمَا تَعْلَمُونَۚ","ayatMealText":{"tr":"\"O Allah'tan korkun ki, size o bildiğiniz şeyleri vermekte,\"","nl":"En vrom Hem Die jullie dat geschonken heeft waarover jullie weten.","en":"Fear the One Who has provided you with ˹the good˺ things you know"},"surah":null},{"id":3065,"surahId":26,"ayatId":133,"ayatNo":"١٣٣","pageNo":372,"ayatText":"اَمَدَّكُمْ بِاَنْعَامٍ وَبَنٖينَۙ","ayatMealText":{"tr":"\"Davarlar, oğullar,\"","nl":"En Hij Die jullie vee en zonen schenkt.","en":"He provided you with cattle, and children"},"surah":null},{"id":3066,"surahId":26,"ayatId":134,"ayatNo":"١٣٤","pageNo":372,"ayatText":"وَجَنَّاتٍ وَعُيُونٍۚ","ayatMealText":{"tr":"\"Cennet gibi bağlar, bahçeler, pınarlar ihsan etmektedir.\"","nl":"En tuinen en bronnen.","en":"and gardens, and springs"},"surah":null},{"id":3067,"surahId":26,"ayatId":135,"ayatNo":"١٣٥","pageNo":372,"ayatText":"اِنّٖٓي اَخَافُ عَلَيْكُمْ عَذَابَ يَوْمٍ عَظٖيمٍؕ","ayatMealText":{"tr":"\"Cidden ben sizin hakkınızda büyük bir günün azabından korkuyorum.\"","nl":"Voorwaar, ik vrees voor jullie een bestraffing op de geweldige Dag.\"","en":"I truly fear for you the torment of a tremendous day.”"},"surah":null},{"id":3068,"surahId":26,"ayatId":136,"ayatNo":"١٣٦","pageNo":372,"ayatText":"قَالُوا سَوَٓاءٌ عَلَيْنَٓا اَوَعَظْتَ اَمْ لَمْ تَكُنْ مِنَ الْوَاعِظٖينَۙ","ayatMealText":{"tr":"\"Dediler ki: \"Sen ha vaaz etmişsin, ha vaaz edenlerden olmamışsın, bizce birdir.\"","nl":"Zij zeiden: \"Voor ons is het hetzelfde of jij ons waarschuwt of dat jij niet tot de waarschuwers behoort.","en":"They responded, “It is all the same to us whether you warn ˹us˺ or not"},"surah":null}]}