{"juzNo":19,"pageNo":373,"arCuzNo":"۱۹","arPageNo":"۳۷۳","quranAyats":[{"id":3069,"surahId":26,"ayatId":137,"ayatNo":"١٣٧","pageNo":373,"ayatText":"اِنْ هٰذَٓا اِلَّا خُلُقُ الْاَوَّلٖينَۙ","ayatMealText":{"tr":"\"Bu sırf eskilerin âdetidir.\"","nl":"Dit is slechts een gewoonte van de vroegeren.","en":"This is simply the tradition of our predecessors"},"surah":{"surahId":26,"name":"Şuarâ","nameAr":"الشُّعَرَاءِ","revelationOrder":47,"verseCount":227,"juzNo":19,"firstPage":367}},{"id":3070,"surahId":26,"ayatId":138,"ayatNo":"١٣٨","pageNo":373,"ayatText":"وَمَا نَحْنُ بِمُعَذَّبٖينَۚ","ayatMealText":{"tr":"\"Biz azaba uğratılacak da değiliz.\"","nl":"En wij zullen niet behoren tot hen die gestraft worden.\"","en":"And we will never be punished.”"},"surah":null},{"id":3071,"surahId":26,"ayatId":139,"ayatNo":"١٣٩","pageNo":373,"ayatText":"فَكَذَّبُوهُ فَاَهْلَكْنَاهُمْؕ اِنَّ فٖي ذٰلِكَ لَاٰيَةًؕ وَمَا كَانَ اَكْثَرُهُمْ مُؤْمِنٖينَ","ayatMealText":{"tr":"Böylece onu yalancı saydılar; biz de kendilerini helak ettik. Şüphesiz bunda mutlak bir âyet (alınacak bir ders) vardır, ama çokları iman etmiş değillerdir.","nl":"Maar zij loochenden hem, dus vernietigden Wij hen. Voorwaar, daarin is zeker een Teken, maar de meesten van hen waren gew gelovigen.","en":"So they rejected him, and ˹so˺ We destroyed them. Surely in this is a sign. Yet most of them would not believe"},"surah":null},{"id":3072,"surahId":26,"ayatId":140,"ayatNo":"١٤٠","pageNo":373,"ayatText":"وَاِنَّ رَبَّكَ لَهُوَ الْعَزٖيزُ الرَّحٖيمُࣖ","ayatMealText":{"tr":"Ve şüphesiz Rabbin, işte O, mutlak galip ve engin merhamet sahibidir.","nl":"En voorwaar, jouw Heer (O Moehammad) is zeker Hij, de Almachtige, de Meest Barmhartige.","en":"And your Lord is certainly the Almighty, Most Merciful"},"surah":null},{"id":3073,"surahId":26,"ayatId":141,"ayatNo":"١٤١","pageNo":373,"ayatText":"كَذَّبَتْ ثَمُودُ الْمُرْسَلٖينَۚ","ayatMealText":{"tr":"Semûd (kavmi) de peygamberleri yalancılıkla itham etti.","nl":"Het volk van de Tsamôed loochende de Boodschappers.","en":"The people of Thamûd rejected the messengers"},"surah":null},{"id":3074,"surahId":26,"ayatId":142,"ayatNo":"١٤٢","pageNo":373,"ayatText":"اِذْ قَالَ لَهُمْ اَخُوهُمْ صَالِحٌ اَلَا تَتَّقُونَۚ","ayatMealText":{"tr":"Hani kardeşleri Salih onlara şöyle demişti: \"Siz Allah'tan korkmaz mısınız?\"","nl":"(Gedenk) toen hun broeder Shâlih tot hen zei: \"Vrezen jullie (Allah) niet?","en":"when their brother Ṣâliḥ said to them, “Will you not fear ˹Allah˺"},"surah":null},{"id":3075,"surahId":26,"ayatId":143,"ayatNo":"١٤٣","pageNo":373,"ayatText":"اِنّٖي لَكُمْ رَسُولٌ اَمٖينٌۙ","ayatMealText":{"tr":"\"Haberiniz olsun ki ben size gönderilmiş güvenilir bir peygamberim.\"","nl":"Voorwaar, ik ben voor jullie een betrouwbare Boodschapper.","en":"I am truly a trustworthy messenger to you"},"surah":null},{"id":3076,"surahId":26,"ayatId":144,"ayatNo":"١٤٤","pageNo":373,"ayatText":"فَاتَّقُوا اللّٰهَ وَاَطٖيعُونِۚ","ayatMealText":{"tr":"\"Gelin artık, Allah'tan korkun ve bana itaat edin.\"","nl":"Vreest daarom Allah en gehoorzaamt mij.","en":"So fear Allah, and obey me"},"surah":null},{"id":3077,"surahId":26,"ayatId":145,"ayatNo":"١٤٥","pageNo":373,"ayatText":"وَمَٓا اَسْـَٔلُكُمْ عَلَيْهِ مِنْ اَجْرٍۚ اِنْ اَجْرِيَ اِلَّا عَلٰى رَبِّ الْعَالَمٖينَؕ","ayatMealText":{"tr":"\"Buna karşılık ben sizden hiçbir ücret istemiyorum. Benim mükafatımı verecek olan ancak âlemlerin Rabbidir.\"","nl":"En ik vraag jullie er geen beloning voor, mijn beloning berust alleen bij de Heer der Werelden.","en":"I do not ask you for any reward for this ˹message˺. My reward is only from the Lord of all worlds"},"surah":null},{"id":3078,"surahId":26,"ayatId":146,"ayatNo":"١٤٦","pageNo":373,"ayatText":"اَتُتْرَكُونَ فٖي مَا هٰهُنَٓا اٰمِنٖينَۙ","ayatMealText":{"tr":"\"Siz burada güven içinde bırakılacak mısınız?\"","nl":"Zullen jullie in veiligheid gelaten worden temidden van wat hier is?","en":"Do you think you will be ˹forever˺ left secure in what you have here"},"surah":null},{"id":3079,"surahId":26,"ayatId":147,"ayatNo":"١٤٧","pageNo":373,"ayatText":"فٖي جَنَّاتٍ وَعُيُونٍۙ","ayatMealText":{"tr":"\"Bahçelerin, pınarların içinde,\"","nl":"Temidden van tuinen en bronnen.","en":"amid gardens and springs"},"surah":null},{"id":3080,"surahId":26,"ayatId":148,"ayatNo":"١٤٨","pageNo":373,"ayatText":"وَزُرُوعٍ وَنَخْلٍ طَلْعُهَا هَضٖيمٌۚ","ayatMealText":{"tr":"\"Ekinlerin, salkımları sarkmış hurmalar arasında,\"","nl":"En akkerland en dadelpalmen met tere trossen.","en":"and ˹various˺ crops, and palm trees ˹loaded˺ with tender fruit"},"surah":null},{"id":3081,"surahId":26,"ayatId":149,"ayatNo":"١٤٩","pageNo":373,"ayatText":"وَتَنْحِتُونَ مِنَ الْجِبَالِ بُيُوتاً فَارِهٖينَۚ","ayatMealText":{"tr":"Ki bir de dağlardan keyifli keyifli kâşâneler oyuyorsunuz.\"","nl":"En jullie houwen vaardig huizen uit in de bergen.","en":"to carve homes in the mountains with great skill"},"surah":null},{"id":3082,"surahId":26,"ayatId":150,"ayatNo":"١٥٠","pageNo":373,"ayatText":"فَاتَّقُوا اللّٰهَ وَاَطٖيعُونِۚ","ayatMealText":{"tr":"\"Gelin! Allah'tan korkun da bana itaat edin.\"","nl":"Vreest dan Allah en gehoorzaamt mij.","en":"So fear Allah, and obey me"},"surah":null},{"id":3083,"surahId":26,"ayatId":151,"ayatNo":"١٥١","pageNo":373,"ayatText":"وَلَا تُطٖيعُٓوا اَمْرَ الْمُسْرِفٖينَۙ","ayatMealText":{"tr":"\"Yeryüzünde bozgunculuk yapıp dirlik düzenlik vermeyen bozguncuların emrine uymayın.\"","nl":"En geeft geen gehoor aan het bevel van de buitensporigen.","en":"And do not follow the command of the transgressors"},"surah":null},{"id":3084,"surahId":26,"ayatId":152,"ayatNo":"١٥٢","pageNo":373,"ayatText":"اَلَّذٖينَ يُفْسِدُونَ فِي الْاَرْضِ وَلَا يُصْلِحُونَ","ayatMealText":{"tr":"\"Yeryüzünde bozgunculuk yapıp dirlik düzenlik vermeyen bozguncuların emrine uymayın.\"","nl":"Degenen die verderf zaaien op de aarde en zich niet beteren.\"","en":"who spread corruption throughout the land, never setting things right.”"},"surah":null},{"id":3085,"surahId":26,"ayatId":153,"ayatNo":"١٥٣","pageNo":373,"ayatText":"قَالُٓوا اِنَّـمَٓا اَنْتَ مِنَ الْمُسَحَّرٖينَۚ","ayatMealText":{"tr":"\"Sen dediler, olsa olsa iyice büyülenmiş birisin!\"","nl":"Zij zeiden: \"Voorwaar, jij behoort tot de betoverden.","en":"They replied, “You are simply bewitched"},"surah":null},{"id":3086,"surahId":26,"ayatId":154,"ayatNo":"١٥٤","pageNo":373,"ayatText":"مَٓا اَنْتَ اِلَّا بَشَرٌ مِثْلُنَاۚ فَأْتِ بِاٰيَةٍ اِنْ كُنْتَ مِنَ الصَّادِقٖينَ","ayatMealText":{"tr":"\"Sen de ancak bizim gibi bir beşersin. Eğer doğru söyleyenlerden isen, haydi bize bir âyet (mucize) getir.\"","nl":"Jij bent slechts een mens zoals wij. Breng daarom een Teken als jij tot de waarachtigen behoort.\"","en":"You are only a human being like us, so bring forth a sign if what you say is true.”"},"surah":null},{"id":3087,"surahId":26,"ayatId":155,"ayatNo":"١٥٥","pageNo":373,"ayatText":"قَالَ هٰذِهٖ نَاقَةٌ لَهَا شِرْبٌ وَلَكُمْ شِرْبُ يَوْمٍ مَعْلُومٍۚ","ayatMealText":{"tr":"Salih \"İşte (mucize) bu dişi devedir; su içme hakkı (bir gün) onundur, belli bir günün içme hakkı da sizin\" dedi.","nl":"Hij (Shâlih) zei: \"Dit is een vrouwtjeskameel, zij heeft recht om te drinken en jullie hebben recht om te drinken, (ieder) op een vastgestelde dag.","en":"Ṣâliḥ said, “Here is a camel. She will have her turn to drink as you have yours, each on an appointed day"},"surah":null},{"id":3088,"surahId":26,"ayatId":156,"ayatNo":"١٥٦","pageNo":373,"ayatText":"وَلَا تَمَسُّوهَا بِسُٓوءٍ فَيَأْخُذَكُمْ عَذَابُ يَوْمٍ عَظٖيمٍ","ayatMealText":{"tr":"\"Sakın ona bir kötülükle ilişmeyin, yoksa sizi büyük bir günün azabı yakalayıverir.\"","nl":"En treft haar niet met kwaad, want dan zal de straf van een Geweldige Dag jullie treffen.","en":"And do not ever touch her with harm, or you will be overtaken by the torment of a tremendous day.”"},"surah":null},{"id":3089,"surahId":26,"ayatId":157,"ayatNo":"١٥٧","pageNo":373,"ayatText":"فَعَقَرُوهَا فَاَصْبَحُوا نَادِمٖينَۙ","ayatMealText":{"tr":"Derken onu kestiler; fakat pişman da oldular.","nl":"Toen slachtten zij haar, daarna werden zij berouwvollen.","en":"But they killed her, becoming regretful"},"surah":null},{"id":3090,"surahId":26,"ayatId":158,"ayatNo":"١٥٨","pageNo":373,"ayatText":"فَاَخَذَهُمُ الْعَذَابُؕ اِنَّ فٖي ذٰلِكَ لَاٰيَةًؕ وَمَا كَانَ اَكْثَرُهُمْ مُؤْمِنٖينَ","ayatMealText":{"tr":"Çünkü kendilerini azap yakalayıverdi. Şüphesiz bunda bir âyet (alınacak bir ders) vardır, ama çokları iman etmiş değillerdir.","nl":"Toen trof de bestraffing hen. Voorwaar, daarin is zeker een Teken, maar de meesten van hen zijn geen gelovigen.","en":"So the punishment overtook them. Surely in this is a sign. Yet most of them would not believe"},"surah":null},{"id":3091,"surahId":26,"ayatId":159,"ayatNo":"١٥٩","pageNo":373,"ayatText":"وَاِنَّ رَبَّكَ لَهُوَ الْعَزٖيزُ الرَّحٖيمُࣖ","ayatMealText":{"tr":"Ve şüphesiz Rabbin, işte O mutlak galip ve engin merhamet sahibidir.","nl":"En voorwaar, jouw Heer (O Moehammad) is zeker Hij, de Almachtige, de Meest Barmhartige.","en":"And your Lord is certainly the Almighty, Most Merciful"},"surah":null}]}