{"juzNo":19,"pageNo":374,"arCuzNo":"۱۹","arPageNo":"۳۷٤","quranAyats":[{"id":3092,"surahId":26,"ayatId":160,"ayatNo":"١٦٠","pageNo":374,"ayatText":"كَذَّبَتْ قَوْمُ لُوطٍۨ الْمُرْسَلٖينَۚ","ayatMealText":{"tr":"Lût (kavmi) de peygamberleri yalancılıkla itham etti.","nl":"Het volk van Lôeth loochende de Boodschappers.","en":"The people of Lot rejected the messengers"},"surah":{"surahId":26,"name":"Şuarâ","nameAr":"الشُّعَرَاءِ","revelationOrder":47,"verseCount":227,"juzNo":19,"firstPage":367}},{"id":3093,"surahId":26,"ayatId":161,"ayatNo":"١٦١","pageNo":374,"ayatText":"اِذْ قَالَ لَهُمْ اَخُوهُمْ لُوطٌ اَلَا تَتَّقُونَۚ","ayatMealText":{"tr":"Hani kardeşleri Lût onlara şöyle demişti: \"Siz Allah'tan kormaz mısınız?\"","nl":"(Gedenk) toen hun broeder Lôeth tot hen zei: \"Vrezen jullie (Allah) niet?","en":"when their brother Lot said to them, “Will you not fear ˹Allah˺"},"surah":null},{"id":3094,"surahId":26,"ayatId":162,"ayatNo":"١٦٢","pageNo":374,"ayatText":"اِنّٖي لَكُمْ رَسُولٌ اَمٖينٌۙ","ayatMealText":{"tr":"\"Haberiniz olsun ki, ben size gönderilmiş güvenilir bir peygamberim.\"","nl":"Voorwaar, ik ben voor jullie een betrouwbare Boodschapper.","en":"I am truly a trustworthy messenger to you"},"surah":null},{"id":3095,"surahId":26,"ayatId":163,"ayatNo":"١٦٣","pageNo":374,"ayatText":"فَاتَّقُوا اللّٰهَ وَاَطٖيعُونِۚ","ayatMealText":{"tr":"\"Gelin artık, Allah'tan korkun ve bana itaat edin.\"","nl":"Vreest daarom Allah en gehoorzaamt mij.","en":"So fear Allah, and obey me"},"surah":null},{"id":3096,"surahId":26,"ayatId":164,"ayatNo":"١٦٤","pageNo":374,"ayatText":"وَمَٓا اَسْـَٔلُكُمْ عَلَيْهِ مِنْ اَجْرٍۚ اِنْ اَجْرِيَ اِلَّا عَلٰى رَبِّ الْعَالَمٖينَؕ","ayatMealText":{"tr":"\"Buna karşılık ben sizden bir ücret istemiyorum. Benim mükafatımı verecek olan ancak âlemlerin Rabbidir.\"","nl":"En ik vraag jullie er geen beloning voor, want mijn beloning berust alleen bij de Heer der Werelden.","en":"I do not ask you for any reward for this ˹message˺. My reward is only from the Lord of all worlds"},"surah":null},{"id":3097,"surahId":26,"ayatId":165,"ayatNo":"١٦٥","pageNo":374,"ayatText":"اَتَأْتُونَ الذُّكْرَانَ مِنَ الْعَالَمٖينَۙ","ayatMealText":{"tr":"\"İnsanlar içinden erkeklere mi gidiyorsunuz?\"","nl":"Waarom benaderen jullie van de wereldbcwoners de mannen?","en":"Why do you ˹men˺ lust after fellow men"},"surah":null},{"id":3098,"surahId":26,"ayatId":166,"ayatNo":"١٦٦","pageNo":374,"ayatText":"وَتَذَرُونَ مَا خَلَقَ لَكُمْ رَبُّكُمْ مِنْ اَزْوَاجِكُمْؕ بَلْ اَنْتُمْ قَوْمٌ عَادُونَ","ayatMealText":{"tr":"\"Bırakıyorsunuz da sizler için yarattığı eşleri! Doğrusu siz insanlıktan çıkmış bir kavimsiniz!\"","nl":"En verlaten jullie hen die jullie Heer als echtgenotes geschapen heeft? Jullie zijn beslist een overtredend volk!\"","en":"leaving the wives that your Lord has created for you? In fact, you are a transgressing people.”"},"surah":null},{"id":3099,"surahId":26,"ayatId":167,"ayatNo":"١٦٧","pageNo":374,"ayatText":"قَالُوا لَئِنْ لَمْ تَنْتَهِ۬ يَا لُوطُ لَتَكُونَنَّ مِنَ الْمُخْرَجٖينَ","ayatMealText":{"tr":"Onlar şöyle dediler: \"Ey Lût! (Bu davadan) vazgeçmezsen, iyi bilki, sürülenlerden olacaksın.\"","nl":"Zij zeiden: \"O Lôeth, als jij er niet mee ophoudt, behoor jij tot de verdrevenen.\"","en":"They threatened, “If you do not desist, O Lot, you will surely be expelled.”"},"surah":null},{"id":3100,"surahId":26,"ayatId":168,"ayatNo":"١٦٨","pageNo":374,"ayatText":"قَالَ اِنّٖي لِعَمَلِكُمْ مِنَ الْقَالٖينَؕ","ayatMealText":{"tr":"Lût \"Doğrusu ben, dedi, sizin bu işinize buğzedenlerdenim.\"","nl":"Hij in zei: \"Voorwaar, ik behoor tot hen die jullie daden verachten.","en":"Lot responded, “I am truly one of those who despise your ˹shameful˺ practice"},"surah":null},{"id":3101,"surahId":26,"ayatId":169,"ayatNo":"١٦٩","pageNo":374,"ayatText":"رَبِّ نَجِّنٖي وَاَهْلٖي مِمَّا يَعْمَلُونَ","ayatMealText":{"tr":"\"Yâ Rabbi! Beni ve ailemi onların yapageldiklerin(in vebalin)den kurtar.\"","nl":"Mijn Heer, red mij en mijn familie van wat zij doen.\"","en":"My Lord! Save me and my family from ˹the consequences of˺ what they do.”"},"surah":null},{"id":3102,"surahId":26,"ayatId":170,"ayatNo":"١٧٠","pageNo":374,"ayatText":"فَنَجَّيْنَاهُ وَاَهْلَـهُٓ اَجْمَعٖينَۙ","ayatMealText":{"tr":"Biz de onu ve ailesinin tamamını kurtardık,","nl":"En Wij hebben hem en zijn familie allen gered.","en":"So We saved him and all of his family"},"surah":null},{"id":3103,"surahId":26,"ayatId":171,"ayatNo":"١٧١","pageNo":374,"ayatText":"اِلَّا عَجُوزاً فِي الْغَابِرٖينَۚ","ayatMealText":{"tr":"Ancak (geride) bir yaşlı kadın kaldı.","nl":"Behalve een oude vrouw onder de achterblijvers.","en":"except an old woman, who was one of the doomed"},"surah":null},{"id":3104,"surahId":26,"ayatId":172,"ayatNo":"١٧٢","pageNo":374,"ayatText":"ثُمَّ دَمَّرْنَا الْاٰخَرٖينَۚ","ayatMealText":{"tr":"Sonra geridekilerin hepsini helak ettik.","nl":"Toen vernietigden Wij de anderen.","en":"Then We utterly destroyed the rest"},"surah":null},{"id":3105,"surahId":26,"ayatId":173,"ayatNo":"١٧٣","pageNo":374,"ayatText":"وَاَمْطَرْنَا عَلَيْهِمْ مَطَراًۚ فَسَٓاءَ مَطَرُ الْمُنْذَرٖينَ","ayatMealText":{"tr":"Ve üzerlerine öyle bir yağmur yağdırdık ki, (uyarılanların) o yağmuru ne kötü bir yağmurdu!","nl":"En Wij deden een (vulkanische) regen op hen neerstromen, hoe slecht was de regen voor de gewaarschuwden!","en":"pouring upon them a rain ˹of brimstone˺. How evil was the rain of those who had been warned"},"surah":null},{"id":3106,"surahId":26,"ayatId":174,"ayatNo":"١٧٤","pageNo":374,"ayatText":"اِنَّ فٖي ذٰلِكَ لَاٰيَةًؕ وَمَا كَانَ اَكْثَرُهُمْ مُؤْمِنٖينَ","ayatMealText":{"tr":"Şüphesiz bunda bir âyet (alınacak bir ders) vardır. Ama çokları iman etmiş değillerdir.","nl":"Voorwaar, daarin is zeker een Teken, maar de meesten van hen zijn geen gelovigen.","en":"Surely in this is a sign. Yet most of them would not believe"},"surah":null},{"id":3107,"surahId":26,"ayatId":175,"ayatNo":"١٧٥","pageNo":374,"ayatText":"وَاِنَّ رَبَّكَ لَهُوَ الْعَزٖيزُ الرَّحٖيمُࣖ","ayatMealText":{"tr":"Ve şüphesiz Rabbin, işte O mutlak galip ve engin merhamet sahibidir.","nl":"En voorwaar, jouw Heer (O Moehammad), is zeker Hij, de Almachtige, de Meest Bamhartige.","en":"And your Lord is certainly the Almighty, Most Merciful"},"surah":null},{"id":3108,"surahId":26,"ayatId":176,"ayatNo":"١٧٦","pageNo":374,"ayatText":"كَذَّبَ اَصْحَابُ لْـَٔيْكَةِ الْمُرْسَلٖينَۚ","ayatMealText":{"tr":"Eyke halkı da peygamberleri yalancılıkla itham etti.","nl":"De bewoners van Aikah loochenden de Boodschappers.","en":"The residents of the Forest rejected the messengers"},"surah":null},{"id":3109,"surahId":26,"ayatId":177,"ayatNo":"١٧٧","pageNo":374,"ayatText":"اِذْ قَالَ لَهُمْ شُعَيْبٌ اَلَا تَتَّقُونَۚ","ayatMealText":{"tr":"Hani Şuayb onlara şöyle demişti: \"Siz Allah'tan korkmaz mısınız?\"","nl":"(Gedenk) toen Sjoe'aib tot hen zei: \"Vrezen jullie (Allah) niet?","en":"when Shu’aib said to them, “Will you not fear ˹Allah˺"},"surah":null},{"id":3110,"surahId":26,"ayatId":178,"ayatNo":"١٧٨","pageNo":374,"ayatText":"اِنّٖي لَكُمْ رَسُولٌ اَمٖينٌۙ","ayatMealText":{"tr":"\"Haberiniz olsun ki ben size gönderilmiş güvenilir bir peygamberim.\"","nl":"Voorwaar, ik ben voor jullie een betrouwbare Boodschapper.","en":"I am truly a trustworthy messenger to you"},"surah":null},{"id":3111,"surahId":26,"ayatId":179,"ayatNo":"١٧٩","pageNo":374,"ayatText":"فَاتَّقُوا اللّٰهَ وَاَطٖيعُونِۚ","ayatMealText":{"tr":"\"Gelin, Allah'tan korkun ve bana itaat edin.\"","nl":"Vreest daarom Allah en gehoorzaamt mij.","en":"So fear Allah, and obey me"},"surah":null},{"id":3112,"surahId":26,"ayatId":180,"ayatNo":"١٨٠","pageNo":374,"ayatText":"وَمَٓا اَسْـَٔلُكُمْ عَلَيْهِ مِنْ اَجْرٍۚ اِنْ اَجْرِيَ اِلَّا عَلٰى رَبِّ الْعَالَمٖينَؕ","ayatMealText":{"tr":"\"Buna karşılık ben sizden bir ücret istemiyorum. Benim mükafatımı verecek olan yalnız âlemlerin Rabbidir.\"","nl":"En ik vraag jullie er geen beloning voor, mijn beloning berust slechts bij de Heer der Werelden.","en":"I do not ask you for any reward for this ˹message˺. My reward is only from the Lord of all worlds"},"surah":null},{"id":3113,"surahId":26,"ayatId":181,"ayatNo":"١٨١","pageNo":374,"ayatText":"اَوْفُوا الْكَيْلَ وَلَا تَكُونُوا مِنَ الْمُخْسِرٖينَۚ","ayatMealText":{"tr":"\"Ölçeği tam ölçün de hak yiyenlerden olmayın.\"","nl":"En geeft de volle maat een behoort niet tot hen die tekort doen.","en":"Give full measure, and cause no loss ˹to others˺"},"surah":null},{"id":3114,"surahId":26,"ayatId":182,"ayatNo":"١٨٢","pageNo":374,"ayatText":"وَزِنُوا بِالْقِسْطَاسِ الْمُسْتَقٖيمِۚ","ayatMealText":{"tr":"\"Ve doğru terazi ile tartın.\"","nl":"En weegt met juiste weegschalen.","en":"Weigh with an even balance"},"surah":null},{"id":3115,"surahId":26,"ayatId":183,"ayatNo":"١٨٣","pageNo":374,"ayatText":"وَلَا تَبْخَسُوا النَّاسَ اَشْيَٓاءَهُمْ وَلَا تَعْثَوْا فِي الْاَرْضِ مُفْسِدٖينَۚ","ayatMealText":{"tr":"\"Halkın eşyalarını değerinden düşürmeyin. Yeryüzünde bozgunculuk yaparak karışıklık çıkarmayın.\"","nl":"En benadeelt niet de mensen in hun zaken en verricht geen kwaad op aarde, als verderfzaaiers.","en":"and do not defraud people of their property. Nor go about spreading corruption in the land"},"surah":null}]}