{"juzNo":19,"pageNo":375,"arCuzNo":"۱۹","arPageNo":"۳۷٥","quranAyats":[{"id":3116,"surahId":26,"ayatId":184,"ayatNo":"١٨٤","pageNo":375,"ayatText":"وَاتَّقُوا الَّذٖي خَلَقَكُمْ وَالْجِبِلَّةَ الْاَوَّلٖينَؕ","ayatMealText":{"tr":"\"O sizi ve sizden önceki nesilleri yaratan Allah'tan korkun.\"","nl":"En vreest Degene Die jullie en de vroegere generaties geschapen heeft.\"","en":"And fear the One Who created you and ˹all˺ earlier peoples.”"},"surah":{"surahId":26,"name":"Şuarâ","nameAr":"الشُّعَرَاءِ","revelationOrder":47,"verseCount":227,"juzNo":19,"firstPage":367}},{"id":3117,"surahId":26,"ayatId":185,"ayatNo":"١٨٥","pageNo":375,"ayatText":"قَالُٓوا اِنَّـمَٓا اَنْتَ مِنَ الْمُسَحَّرٖينَۙ","ayatMealText":{"tr":"Onlar şöyle dediler: \"Sen, olsa olsa iyice büyülenmiş birisin.\"","nl":"Zij zeiden: \"Voorwaar, jij behoort slechts tot de betoverden.","en":"They replied, “You are simply bewitched"},"surah":null},{"id":3118,"surahId":26,"ayatId":186,"ayatNo":"١٨٦","pageNo":375,"ayatText":"وَمَٓا اَنْتَ اِلَّا بَشَرٌ مِثْلُنَا وَاِنْ نَظُنُّكَ لَمِنَ الْكَاذِبٖينَۚ","ayatMealText":{"tr":"\"Sen de bizim gibi bir beşerden başka nesin? Bil ki, biz seni ancak yalancılardan biri sayıyoruz.\"","nl":"En jij bent slechts een mens als wij ein wij vinden dat jij zeker tot de leugenaars behoort.","en":"Also, you are only a human being like us, and we think you are indeed a liar"},"surah":null},{"id":3119,"surahId":26,"ayatId":187,"ayatNo":"١٨٧","pageNo":375,"ayatText":"فَاَسْقِطْ عَلَيْنَا كِسَفاً مِنَ السَّمَٓاءِ اِنْ كُنْتَ مِنَ الصَّادِقٖينَؕ","ayatMealText":{"tr":"\"Şayet doğru sözlülerden isen, üstümüze gökten bir parça düşürüver.\"","nl":"Laat dan eens een stuk van de hemel op ons vallen, als jij tot de waarachtigen behoort.\"","en":"So cause ˹deadly˺ pieces of the sky to fall upon us, if what you say is true.”"},"surah":null},{"id":3120,"surahId":26,"ayatId":188,"ayatNo":"١٨٨","pageNo":375,"ayatText":"قَالَ رَبّٖٓي اَعْلَمُ بِمَا تَعْمَلُونَ","ayatMealText":{"tr":"Şuayb, \"Rabbim, yaptıklarınızı en iyi bilendir\" dedi.","nl":"Hij zei: \"Mijn Heer weet het beste wat jullie doen.\"","en":"Shu’aib responded, “My Lord knows best whatever you do.”"},"surah":null},{"id":3121,"surahId":26,"ayatId":189,"ayatNo":"١٨٩","pageNo":375,"ayatText":"فَكَذَّبُوهُ فَاَخَذَهُمْ عَذَابُ يَوْمِ الظُّلَّةِؕ اِنَّهُ كَانَ عَذَابَ يَوْمٍ عَظٖيمٍ","ayatMealText":{"tr":"Hülasa, onu yalancı saydılar da kendilerini o gölge gününün azabı yakalayıverdi. O cidden büyük bir günün azabı idi!","nl":"Maar zij loochenden hem, waarop een bestraffing hen trofop een zwaarbewolkte dag. Voorwaar, het was een bestraffing van een geweldige dag.","en":"So they rejected him, and ˹so˺ were overtaken by the torment of the day of the ˹deadly˺ cloud. That was really a torment of a tremendous day"},"surah":null},{"id":3122,"surahId":26,"ayatId":190,"ayatNo":"١٩٠","pageNo":375,"ayatText":"اِنَّ فٖي ذٰلِكَ لَاٰيَةًؕ وَمَا كَانَ اَكْثَرُهُمْ مُؤْمِنٖينَ","ayatMealText":{"tr":"Şüphesiz bunda bir âyet (alınacak bir ders) vardır. Ama çokları iman etmiş değillerdir.","nl":"Voorwaar, daarin is zeker een Teken, maar de meesten van ben zijn geen gelovigen.","en":"Surely in this is a sign. Yet most of them would not believe"},"surah":null},{"id":3123,"surahId":26,"ayatId":191,"ayatNo":"١٩١","pageNo":375,"ayatText":"وَاِنَّ رَبَّكَ لَهُوَ الْعَزٖيزُ الرَّحٖيمُࣖ","ayatMealText":{"tr":"Ve şüphesiz Rabbin, işte O, mutlak galip ve engin merhamet sahibidir.","nl":"En voorwaar, jouw Heer (O Moehammad) is zeker Hij, de Almachtige, de Meest Bamhartige.","en":"And your Lord is certainly the Almighty, Most Merciful"},"surah":null},{"id":3124,"surahId":26,"ayatId":192,"ayatNo":"١٩٢","pageNo":375,"ayatText":"وَاِنَّهُ لَتَنْزٖيلُ رَبِّ الْعَالَمٖينَؕ","ayatMealText":{"tr":"Ve muhakkak ki bu (Kur'ân) âlemlerin Rabbinin indirmesidir.","nl":"En voorwaar, hij (de Koran) is zeker een neerzending van de Heer der Werelden.","en":"This is certainly a revelation from the Lord of all worlds"},"surah":null},{"id":3125,"surahId":26,"ayatId":193,"ayatNo":"١٩٣","pageNo":375,"ayatText":"نَزَلَ بِهِ الرُّوحُ الْاَمٖينُۙ","ayatMealText":{"tr":"(Resulüm!) Onu Rûhu'lemin (Cebrail) indirdi;","nl":"Met hem (de Koran) daalde de getrouwe Geest (Djibrîl) neer.","en":"which the trustworthy spirit ˹Gabriel˺ brought down"},"surah":null},{"id":3126,"surahId":26,"ayatId":194,"ayatNo":"١٩٤","pageNo":375,"ayatText":"عَلٰى قَلْبِكَ لِتَكُونَ مِنَ الْمُنْذِرٖينَۙ","ayatMealText":{"tr":"Uyarıcılardan olasın diye senin kalbin üzerine;","nl":"Op jouw hart (O Moehammad), opdat jij tot de waarschuwers behoort.","en":"into your heart ˹O Prophet˺—so that you may be one of the warners—"},"surah":null},{"id":3127,"surahId":26,"ayatId":195,"ayatNo":"١٩٥","pageNo":375,"ayatText":"بِلِسَانٍ عَرَبِيٍّ مُبٖينٍؕ","ayatMealText":{"tr":"Açık parlak bir Arapça lisan ile.","nl":"In een duidelijke Arabische taal.","en":"in a clear Arabic tongue"},"surah":null},{"id":3128,"surahId":26,"ayatId":196,"ayatNo":"١٩٦","pageNo":375,"ayatText":"وَاِنَّهُ لَفٖي زُبُرِ الْاَوَّلٖينَ","ayatMealText":{"tr":"O, şüphesiz daha öncekilerin kitaplarında da vardı.","nl":"En voorwaar, hij (de Koran) is zeker (aangekondigd) in de Schriften van de vroegeren.","en":"And it has indeed been ˹foretold˺ in the Scriptures of those before"},"surah":null},{"id":3129,"surahId":26,"ayatId":197,"ayatNo":"١٩٧","pageNo":375,"ayatText":"اَوَلَمْ يَكُنْ لَهُمْ اٰيَةً اَنْ يَعْلَمَهُ عُلَمٰٓؤُ۬ا بَنٖٓي اِسْرَٓائٖلَؕ","ayatMealText":{"tr":"İsrailoğulları bilginlerinin onu bilmesi, onlar için bir âyet (delil) değil midir?","nl":"Is het voor hen dan geen teken dat de geleerden van de Kinderen van Israël hem kennen?","en":"Was it not sufficient proof for the deniers that it has been recognized by the knowledgeable among the Children of Israel"},"surah":null},{"id":3130,"surahId":26,"ayatId":198,"ayatNo":"١٩٨","pageNo":375,"ayatText":"وَلَوْ نَزَّلْنَاهُ عَلٰى بَعْضِ الْاَعْجَمٖينَۙ","ayatMealText":{"tr":"Biz onu Arapça bilmeyenlerden birine indirseydik de, bunu o okusaydı, yine de ona iman etmezlerdi.","nl":"En als Wij hem am de niet-Arabieren hadden doen neerdalen.","en":"Had We revealed it to a non-Arab"},"surah":null},{"id":3131,"surahId":26,"ayatId":199,"ayatNo":"١٩٩","pageNo":375,"ayatText":"فَقَرَاَهُ عَلَيْهِمْ مَا كَانُوا بِهٖ مُؤْمِنٖينَؕ","ayatMealText":{"tr":"Biz onu Arapça bilmeyenlerden birine indirseydik de, bunu o okusaydı, yine de ona iman etmezlerdi.","nl":"(En als) hij hem dan aan ben voorgedragen had, dan hadden zij er niet in geloofd.","en":"who would then recite it to the deniers ˹in fluent Arabic˺, still they would not have believed in it"},"surah":null},{"id":3132,"surahId":26,"ayatId":200,"ayatNo":"٢٠٠","pageNo":375,"ayatText":"كَذٰلِكَ سَلَكْنَاهُ فٖي قُلُوبِ الْمُجْرِمٖينَؕ","ayatMealText":{"tr":"Böylece onu günahkarların kalplerine soktuk. (okuyup anladılar, ama yine de) acıklı azabı görünceye kadar ona iman etmezler.","nl":"Op deze wijze deden Wij hem binnendringen in de barten van de misdadigers.","en":"This is how We allow denial ˹to steep˺ into the hearts of the wicked"},"surah":null},{"id":3133,"surahId":26,"ayatId":201,"ayatNo":"٢٠١","pageNo":375,"ayatText":"لَا يُؤْمِنُونَ بِهٖ حَتّٰى يَرَوُا الْعَذَابَ الْاَلٖيمَۙ","ayatMealText":{"tr":"Böylece onu günahkarların kalplerine soktuk. (okuyup anladılar, ama yine de) acıklı azabı görünceye kadar ona iman etmezler.","nl":"Zij zullen er niet in geloven totdat zij de pijnlijke bestraffing zien.","en":"They will not believe in it until they see the painful punishment"},"surah":null},{"id":3134,"surahId":26,"ayatId":202,"ayatNo":"٢٠٢","pageNo":375,"ayatText":"فَيَأْتِيَهُمْ بَغْتَةً وَهُمْ لَا يَشْعُرُونَۙ","ayatMealText":{"tr":"İşte bu (azab) onlara, kendileri farkında olmadan, ansızın geliverecektir.","nl":"Die plotseling tot ben zal komen, terwijl zij het niet beseffen.","en":"which will take them by surprise when they least expect ˹it˺"},"surah":null},{"id":3135,"surahId":26,"ayatId":203,"ayatNo":"٢٠٣","pageNo":375,"ayatText":"فَيَقُولُوا هَلْ نَحْنُ مُنْظَرُونَؕ","ayatMealText":{"tr":"O zaman \"Bize (iman etmemiz için) mühlet verilir mi acaba?... diyeceklerdir.","nl":"Dan zeggen zij: \"Krijgen wij uitstel?\"","en":"Then they will cry, “Can we be allowed more time?”"},"surah":null},{"id":3136,"surahId":26,"ayatId":204,"ayatNo":"٢٠٤","pageNo":375,"ayatText":"اَفَبِعَذَابِنَا يَسْتَعْجِلُونَ","ayatMealText":{"tr":"(Oysa dünyada iken) Onlar bizim azabımızı çarçabuk istiyorlardı.","nl":"Vragen zij dan dat Onze bestraffing bespoedigd wordt?","en":"Do they ˹really˺ seek to hasten Our torment"},"surah":null},{"id":3137,"surahId":26,"ayatId":205,"ayatNo":"٢٠٥","pageNo":375,"ayatText":"اَفَرَاَيْتَ اِنْ مَتَّعْنَاهُمْ سِنٖينَۙ","ayatMealText":{"tr":"Gördün ya artık onlara senelerce zevk ettirsek,","nl":"Wat denk jij dan, als Wij hun (enige) jaren laten genieten?","en":"Imagine ˹O Prophet˺ if We allowed them enjoyment for years"},"surah":null},{"id":3138,"surahId":26,"ayatId":206,"ayatNo":"٢٠٦","pageNo":375,"ayatText":"ثُمَّ جَٓاءَهُمْ مَا كَانُوا يُوعَدُونَۙ","ayatMealText":{"tr":"Sonra kendilerine vaad edilen (azab) gelip çatarsa,","nl":"En daarop tot hen komt wat beloofd was?","en":"then there came to them what they had been threatened with"},"surah":null}]}