{"juzNo":2,"pageNo":38,"arCuzNo":"۲","arPageNo":"۳۸","quranAyats":[{"id":241,"surahId":2,"ayatId":234,"ayatNo":"٢٣٤","pageNo":38,"ayatText":"وَالَّذٖينَ يُتَوَفَّوْنَ مِنْكُمْ وَيَذَرُونَ اَزْوَاجاً يَتَرَبَّصْنَ بِاَنْفُسِهِنَّ اَرْبَعَةَ اَشْهُرٍ وَعَشْراًۚ فَاِذَا بَلَغْنَ اَجَلَهُنَّ فَلَا جُنَاحَ عَلَيْكُمْ فٖيمَا فَعَلْنَ فٖٓي اَنْفُسِهِنَّ بِالْمَعْرُوفِؕ وَاللّٰهُ بِمَا تَعْمَلُونَ خَبٖيرٌ","ayatMealText":{"tr":"İçinizden vefat edip de geride eşler bırakan kimselerin hanımları, kendi başlarına dört ay on gün beklerler. İddet (bekleme) sürelerini bitirdikleri zaman, artık kendileri hakkında meşru bir şekilde yapacakları hareketten size bir günah yoktur. Allah, yaptıklarınızdan haberdardır.","nl":"En degenen van jullie die worden weggenomen (overlijden) en echtgenoten achterlaten, zij moeten dan voor zichzelf een termijn in acht nemen van vier maanden en tien dagen. En wanneer zij hun termijn hebben bereikt, dan rust er geen zonde op hen ten aanzien van wat zij met zichzelf doen, volgens de voorschriften. En Allah is Alwetend over wat jullie doen.","en":"As for those of you who die and leave widows behind, let them observe a waiting period of four months and ten days. When they have reached the end of this period, then you are not accountable for what they decide for themselves in a reasonable manner. And Allah is All-Aware of what you do"},"surah":{"surahId":2,"name":"Bakara","nameAr":"الْبَقَرَةِ","revelationOrder":87,"verseCount":286,"juzNo":1,"firstPage":2}},{"id":242,"surahId":2,"ayatId":235,"ayatNo":"٢٣٥","pageNo":38,"ayatText":"وَلَا جُنَاحَ عَلَيْكُمْ فٖيمَا عَرَّضْتُمْ بِهٖ مِنْ خِطْبَةِ النِّسَٓاءِ اَوْ اَ كْنَنْتُمْ فٖٓي اَنْفُسِكُمْؕ عَلِمَ اللّٰهُ اَنَّكُمْ سَتَذْكُرُونَهُنَّ وَلٰكِنْ لَا تُوَاعِدُوهُنَّ سِراًّ اِلَّٓا اَنْ تَقُولُوا قَوْلاً مَعْرُوفاًؕ وَلَا تَعْزِمُوا عُقْدَةَ النِّكَاحِ حَتّٰى يَبْلُغَ الْكِتَابُ اَجَلَهُؕ وَاعْلَمُٓوا اَنَّ اللّٰهَ يَعْلَمُ مَا فٖٓي اَنْفُسِكُمْ فَاحْذَرُوهُۚ وَاعْلَمُٓوا اَنَّ اللّٰهَ غَفُورٌ حَلٖيمٌࣖ","ayatMealText":{"tr":"Böyle kadınlara evlenme isteğinizi üstü kapalı biçimde çıtlatmanızda veya gönlünüzde tutmanızda size bir vebal yoktur. Allah biliyor ki siz onları mutlaka anacaksınız. Fakat meşru bir söz söylemekten başka bir şekilde kendileriyle gizlice sözleşmeyin. Farz olan iddet sona erinceye kadar da nikâh akdine azmetmeyin (kesin karar vermeyin). Bilin ki Allah gönlünüzdekini bilir. Öyle ise O'nun azabından sakının. Yine bilin ki Allah çok bağışlayıcıdır, çok yumuşaktır.","nl":"En er rust geen zonde op jullie wanneer jullie de vrouwen indirect huwelijksaanzoeken doen, of jullie het verbergen in jullie harten. Allah weet dat jullie hen zuilen noemen, maar doet hen geen beloften in het geheim, behalve om een behoorlijk woord te spreken. En besluit niet tot de huwelijksvoltrekking totdat de voorgeschreven termijn is bereikt. En weet dat Allah weet wat zich in jullie harten bevindt. Hoedt jullie daarom voor Hem en weet dat Allah Vergevensgezind, Zachtmoedig is.","en":"There is no blame on you for subtly showing interest in ˹divorced or widowed˺ women or for hiding ˹the intention˺ in your hearts. Allah knows that you are considering them ˹for marriage˺. But do not make a secret commitment with them—you can only show interest in them appropriately. Do not commit to the bond of marriage until the waiting period expires. Know that Allah is aware of what is in your hearts, so beware of Him. And know that Allah is All-Forgiving, Most Forbearing"},"surah":null},{"id":243,"surahId":2,"ayatId":236,"ayatNo":"٢٣٦","pageNo":38,"ayatText":"لَا جُنَاحَ عَلَيْكُمْ اِنْ طَلَّقْتُمُ النِّسَٓاءَ مَا لَمْ تَمَسُّوهُنَّ اَوْ تَفْرِضُوا لَهُنَّ فَرٖيضَةًۚ وَمَتِّعُوهُنَّۚ عَلَى الْمُوسِعِ قَدَرُهُ وَعَلَى الْمُقْتِرِ قَدَرُهُۚ مَتَـاعاً بِالْمَعْرُوفِۚ حَقاًّ عَلَى الْمُحْسِنٖينَ","ayatMealText":{"tr":"Eğer kadınları, kendilerine dokunmadan veya onlara bir mehir takdir etmeden boşarsanız (bunda) size bir vebal yoktur. Şu kadar ki onlara (mal verip) faydalandırın. Eli geniş olan hâline göre, eli dar olan da haline göre ve güzellikle faydalandırmalıdır. Bu, iyilik yapanlar üzerine bir borçtur.","nl":"Er rust geen zonde op jullie wanneer jullie de vrouwen scheiding geven voordat jullie hen hebben aangeraakt (geslachtsgemeenschap) of jullie voor hen een bruidschat hebben vastgesteld, En geeft hun een geschenk, de rijke volgens zijn vermogen en de arme volgens zijn vermogen. Een redelijk geschenk: als een plicht voor de weldoeners.","en":"There is no blame if you divorce women before the marriage is consummated or the dowry is settled. But give them a ˹suitable˺ compensation—the rich according to his means and the poor according to his. A reasonable compensation is an obligation on the good-doers"},"surah":null},{"id":244,"surahId":2,"ayatId":237,"ayatNo":"٢٣٧","pageNo":38,"ayatText":"وَاِنْ طَلَّقْتُمُوهُنَّ مِنْ قَبْلِ اَنْ تَمَسُّوهُنَّ وَقَدْ فَرَضْتُمْ لَهُنَّ فَرٖيضَةً فَنِصْفُ مَا فَرَضْتُمْ اِلَّٓا اَنْ يَعْفُونَ اَوْ يَعْفُوَا الَّذٖي بِيَدِهٖ عُقْدَةُ النِّكَاحِؕ وَاَنْ تَعْفُٓوا اَقْرَبُ لِلتَّقْوٰىؕ وَلَا تَنْسَوُا الْفَضْلَ بَيْنَكُمْؕ اِنَّ اللّٰهَ بِمَا تَعْمَلُونَ بَصٖيرٌ","ayatMealText":{"tr":"Eğer onları, kendilerine dokunmadan önce boşar ve mehri de kesmiş bulunursanız, o zaman borç, o kestiğiniz miktarın yarısıdır. Ancak kadınlar veya nikâh akdini elinde bulunduran kimse bağışlarsa başka. Ey erkekler! sizin bağışlamanız ise takvaya daha yakındır. Aranızdaki fazileti unutmayın şüphesiz ki Allah, her ne yaparsanız hakkiyle görür.","nl":"En wanneer jullie hun scheiding geven voor-dat jullie hen hebben aangeraakt en terwijl jullie voor hen een bruidschat hebben vastgesteld: (geeft dan) de helft van wat jullie hebben vastgesteld behalve wanneer zij kwijtschelding geven of degene in wiens hand de huwelijksvoltrekking rust. En dat jullie kwijtschelding geven is dichter bij Taqwa. En vergeet niet elkaars goede eigenschappen. Voorwaar, Allah is Alziende over wat jullie doen.","en":"And if you divorce them before consummating the marriage but after deciding on a dowry, pay half of the dowry, unless the wife graciously waives it or the husband graciously pays in full. Graciousness is closer to righteousness. And do not forget kindness among yourselves. Surely Allah is All-Seeing of what you do"},"surah":null}]}