{"juzNo":19,"pageNo":381,"arCuzNo":"۱۹","arPageNo":"۳۸۱","quranAyats":[{"id":3204,"surahId":27,"ayatId":45,"ayatNo":"٤٥","pageNo":381,"ayatText":"وَلَقَدْ اَرْسَلْـنَٓا اِلٰى ثَمُودَ اَخَـاهُمْ صَـالِحاً اَنِ اعْبُـدُوا اللّٰهَ فَاِذَا هُمْ فَرٖيقَانِ يَخْتَصِمُونَ","ayatMealText":{"tr":"Andolsun ki, Allah'a ibadet edin diye Semud'a da kardeşleri Salih'i gönderdik. Hemen birbirleriyle çekişen iki zümre oluverdiler.","nl":"En voorzeker, Wij zonden hun broeder Shâlih naar de Tsamôcd. (Hij zei:) \"Aanbidt Allah!\" Toen werden zij twee groepen die met elkaar redetwistten.","en":"And We certainly sent to the people of Thamûd their brother Ṣâliḥ, proclaiming, “Worship Allah,” but they suddenly split into two opposing groups"},"surah":{"surahId":27,"name":"Neml","nameAr":"النَّمْلِ","revelationOrder":48,"verseCount":93,"juzNo":19,"firstPage":377}},{"id":3205,"surahId":27,"ayatId":46,"ayatNo":"٤٦","pageNo":381,"ayatText":"قَالَ يَا قَوْمِ لِمَ تَسْتَعْجِلُونَ بِالسَّيِّئَةِ قَبْلَ الْحَسَنَةِۚ لَوْلَا تَسْتَغْفِرُونَ اللّٰهَ لَعَلَّكُمْ تُرْحَمُونَ","ayatMealText":{"tr":"Salih dedi ki: \"Ey benim kavmim! İyilik dururken niçin kötülüğe koşuyorsunuz? Ne olur Allah'a istiğfar etseniz, belki rahmetine ulaşırdınız.\"","nl":"Hij zei: \"O mijn volk, waarom zouden jullie het slechte vóór het goede bespoedigen? Hadden jullie maar om vergeving gevraagd. Hopelijk worden jullie begenadigd.\"","en":"He urged ˹the disbelieving group˺, “O my people! Why do you ˹seek to˺ hasten the torment rather than grace? If only you sought Allah’s forgiveness so you may be shown mercy!”"},"surah":null},{"id":3206,"surahId":27,"ayatId":47,"ayatNo":"٤٧","pageNo":381,"ayatText":"قَالُوا اطَّيَّرْنَا بِكَ وَبِمَنْ مَعَكَؕ قَالَ طَٓائِرُكُمْ عِنْدَ اللّٰهِ بَلْ اَنْتُمْ قَوْمٌ تُفْتَنُونَ","ayatMealText":{"tr":"Cevap verdiler: \"Senin ve beraberindekilerin yüzünden uğursuzluğa uğradık.\" Salih: \"Size çöken uğursuzluk (sebebi) Allah katında (yazılı)dır. Belki siz imtihana çekilen bir kavimsiniz\" dedi.","nl":"Zij zeiden: \"Wij verwachtten van jou en degenen die met jou zijn een slecht lot.\" Hij zei: \"Jullie lot is bij Allah. Jullie zijn beslist een volk dat op de proef gesteld wordt.\"","en":"They replied, “You and your followers are a bad omen for us.” He responded, “Your omens are destined by Allah. In fact, you are ˹only˺ a people being tested.”"},"surah":null},{"id":3207,"surahId":27,"ayatId":48,"ayatNo":"٤٨","pageNo":381,"ayatText":"وَكَانَ فِي الْمَدٖينَةِ تِسْعَةُ رَهْطٍ يُفْسِدُونَ فِي الْاَرْضِ وَلَا يُصْلِحُونَ","ayatMealText":{"tr":"O şehirde dokuz çete vardı ki, bunlar yeryüzünde bozgunculuk yapıyorlar, iyilik tarafına hiç yanaşmıyorlardı.","nl":"En in de stad was een groep van negen, die verderf zaaide op aarde en die zich niet beterde.","en":"And there were in the city nine ˹elite˺ men who spread corruption in the land, never doing what is right"},"surah":null},{"id":3208,"surahId":27,"ayatId":49,"ayatNo":"٤٩","pageNo":381,"ayatText":"قَالُوا تَقَاسَمُوا بِاللّٰهِ لَنُبَيِّتَنَّهُ وَاَهْلَهُ ثُمَّ لَنَقُولَنَّ لِوَلِيِّهٖ مَا شَهِدْنَا مَهْلِكَ اَهْلِهٖ وَاِنَّا لَصَادِقُونَ","ayatMealText":{"tr":"Allah'a and içerek birbirlerine şöyle dediler: \"Gece ona ve ailesine baskın yapalım; sonra da velisine, 'Biz o ailenin yok edilişi sırasında orada değildik, inanın ki doğru söylüyoruz' diyelim.\"","nl":"Zij zeiden: \"Zweert onder elkaar bi Allah dat wij zeker een nachtelijke aanval doen tegen hem(Shâlih) en zijn familie; daarna zeggen wij zeker tot zijn verwant: \"Wij waren geen getuigen van de uitroeiing van zijn familie, en voorwaar, wij zijn waarachtigen.\"","en":"They vowed, “Let us swear by Allah that we will take him and his family down by night. Then we will certainly say to his ˹closest˺ heirs, ‘We did not witness the murder of his family. We are definitely telling the truth.’”"},"surah":null},{"id":3209,"surahId":27,"ayatId":50,"ayatNo":"٥٠","pageNo":381,"ayatText":"وَمَكَرُوا مَكْراً وَمَكَرْنَا مَكْراً وَهُمْ لَا يَشْعُرُونَ","ayatMealText":{"tr":"Onlar böyle bir tuzak kurdular, biz de kendileri farkında olmadan onların planlarını altüst ettik.","nl":"En zij beraamden een list en Wij beraamden een list, terwijl zij het niet beseften.","en":"And ˹so˺ they made a plan, but We too made a plan, while they were unaware"},"surah":null},{"id":3210,"surahId":27,"ayatId":51,"ayatNo":"٥١","pageNo":381,"ayatText":"فَانْظُرْ كَيْفَ كَانَ عَاقِبَةُ مَكْرِهِمْۙ اَنَّا دَمَّرْنَاهُمْ وَقَوْمَهُمْ اَجْمَعٖينَ","ayatMealText":{"tr":"İşte bak! Tuzaklarının akibeti nice oldu: Onları da, kavimlerini de toptan helak ettik.","nl":"En zie hoe het einde vaa hun list was: dat Wij hen vernietigden en hun vo Ik, allemaal.","en":"See then what the consequences of their plan were: We ˹utterly˺ destroyed them and their people all together"},"surah":null},{"id":3211,"surahId":27,"ayatId":52,"ayatNo":"٥٢","pageNo":381,"ayatText":"فَتِلْكَ بُيُوتُهُمْ خَاوِيَةً بِمَا ظَلَمُواؕ اِنَّ فٖي ذٰلِكَ لَاٰيَةً لِقَوْمٍ يَعْلَمُونَ","ayatMealText":{"tr":"İşte haksızlıkları yüzünden çökmüş evleri! Bilen bir kavim için elbette bunda bir ibret vardır.","nl":"Dat zijn nu hun huizen, tot ruïnes geworden, omdat zij onrecht pleegden. Voorwaar, daarin is zeker een Teken voor een volk dat begrijpt.","en":"So their homes are there, ˹but completely˺ ruined because of their wrongdoing. Surely in this is a lesson for people of knowledge"},"surah":null},{"id":3212,"surahId":27,"ayatId":53,"ayatNo":"٥٣","pageNo":381,"ayatText":"وَاَنْجَيْنَا الَّذٖينَ اٰمَنُوا وَكَانُوا يَتَّقُونَ","ayatMealText":{"tr":"İman edip Allah'a karşı gelmekten sakınanları da kurtardık.","nl":"En Wij redden hen die geloofden en zij plachten (Allah) te vrezen.","en":"And We delivered those who were faithful and were mindful ˹of Allah˺"},"surah":null},{"id":3213,"surahId":27,"ayatId":54,"ayatNo":"٥٤","pageNo":381,"ayatText":"وَلُوطاً اِذْ قَالَ لِقَوْمِهٖٓ اَتَأْتُونَ الْفَاحِشَةَ وَاَنْتُمْ تُبْصِرُونَ","ayatMealText":{"tr":"Lût'u da (peygamber olarak kavmine gönderdik). O, kavmine şöyle demişti: \"Göz göre göre hala o hayasızlığı yapacak mısınız?\"","nl":"En (gedenkt) Lôeth, toen hij tot zijn volk zei: \"Begaan jullie gruweldaden hoewel jullie het inzien?","en":"And ˹remember˺ Lot, when he rebuked ˹the men of˺ his people, “Do you commit that shameful deed while you can see ˹one another˺"},"surah":null},{"id":3214,"surahId":27,"ayatId":55,"ayatNo":"٥٥","pageNo":381,"ayatText":"اَئِنَّكُمْ لَتَأْتُونَ الرِّجَالَ شَهْوَةً مِنْ دُونِ النِّسَٓاءِؕ بَلْ اَنْتُمْ قَوْمٌ تَجْهَلُونَ","ayatMealText":{"tr":"\"Siz ille de kadınları bırakıp şehvetle erkeklere yaklaşacak mısınız? Doğrusu siz beyinsizlikte devam edegelen bir kavimsiniz!\"","nl":"Waarom benaderen jullie uit begeerte mannen in plaats van vrouwen? Jullie zijn beslist een onwetend volk.\"","en":"Do you really lust after men instead of women? In fact, you are ˹only˺ a people acting ignorantly.”"},"surah":null}]}