{"juzNo":20,"pageNo":391,"arCuzNo":"۲۰","arPageNo":"۳۹۱","quranAyats":[{"id":3296,"surahId":28,"ayatId":44,"ayatNo":"٤٤","pageNo":391,"ayatText":"وَمَا كُنْتَ بِجَانِبِ الْغَرْبِيِّ اِذْ قَضَيْنَٓا اِلٰى مُوسَى الْاَمْرَ وَمَا كُنْتَ مِنَ الشَّاهِدٖينَۙ","ayatMealText":{"tr":"(Resulüm!) Musa'ya emrimizi vahyettiğimiz sırada sen batı yönünde bulunmuyordun ve (o hadiseyi) görenlerden değildin.","nl":"En jij (O Moehammad) was niet op de westkant van (de berg) \"Thôer, toen Wij aan Môesa het bevel openbaarden, en jij behoorde niet toT de gettuigen.","en":"You were not there ˹O Prophet˺ on the western side of the mountain when We entrusted the Commandments to Moses, nor were you present ˹in his time˺"},"surah":{"surahId":28,"name":"Kasas","nameAr":"الْقَصَصِ","revelationOrder":49,"verseCount":88,"juzNo":20,"firstPage":385}},{"id":3297,"surahId":28,"ayatId":45,"ayatNo":"٤٥","pageNo":391,"ayatText":"وَلٰكِنَّٓا اَنْشَأْنَا قُرُوناً فَتَطَاوَلَ عَلَيْهِمُ الْعُمُرُۚ وَمَا كُنْتَ ثَاوِياً فٖٓي اَهْلِ مَدْيَنَ تَتْلُوا عَلَيْهِمْ اٰيَاتِنَاۙ وَلٰكِنَّا كُنَّا مُرْسِلٖينَ","ayatMealText":{"tr":"Bilakis biz (o zamandan senin zamanına kadar) nice nesiller var ettik de, onların üzerinden uzun zamanlar geçti. Sen onlara âyetlerimizi okuyarak, Medyen halkı arasında bulunanlardan da değildin; aksine biz (başka) peygamber göndermiştik.","nl":"Maar Wij brachten nieuwe generaties voort en hun levens werden verlengd. En jij woonde niet bij de bewoners van Madyan om Onze Verzen aan hen voor te dragen. En Wij zijn het Die (Boodschappers) zouden.","en":"But We ˹later˺ raised ˹several˺ generations, and the ages took their toll on them. Nor were you living among the people of Midian, rehearsing Our revelations with them. But it is We Who have sent ˹this revelation to you˺"},"surah":null},{"id":3298,"surahId":28,"ayatId":46,"ayatNo":"٤٦","pageNo":391,"ayatText":"وَمَا كُنْتَ بِجَانِبِ الطُّورِ اِذْ نَادَيْنَا وَلٰكِنْ رَحْمَةً مِنْ رَبِّكَ لِتُنْذِرَ قَوْماً مَٓا اَتٰيهُمْ مِنْ نَذٖيرٍ مِنْ قَبْلِكَ لَعَلَّهُمْ يَتَذَكَّرُونَ","ayatMealText":{"tr":"(Musa'ya) seslendiğimiz zaman da, Tûr'un yanında değildin. Bilakis senden önce kendilerine uyarıcı (peygamber) gelmeyen bir kavmi uyarman için Rabbinden bir rahmet olarak (orada geçenleri sana bildirdik), ola ki onlar düşünüp öğüt alırlar.","nl":"En jij was niet op de zijkant van Thôer toen Wij riepen. Maar het is dank zij de Barmhartigheid van jouw Heer dat jij er bent om een volk, waartoe vóór jou geen waarschuwer kwam, te waarschuwen. Hopelijk zullen zij zich laten vermanen.","en":"And you were not at the side of Mount Ṭûr when We called out ˹to Moses˺. But ˹you have been sent˺ as a mercy from your Lord to warn a people to whom no warner has come before you, so perhaps they may be mindful"},"surah":null},{"id":3299,"surahId":28,"ayatId":47,"ayatNo":"٤٧","pageNo":391,"ayatText":"وَلَوْلَٓا اَنْ تُصٖيبَهُمْ مُصٖيبَةٌ بِمَا قَدَّمَتْ اَيْدٖيهِمْ فَيَقُولُوا رَبَّـنَا لَوْلَٓا اَرْسَلْتَ اِلَيْنَا رَسُولاً فَنَتَّبِـعَ اٰيَاتِكَ وَنَكُونَ مِنَ الْمُؤْمِنٖينَ","ayatMealText":{"tr":"Bizzat kendi yaptıklarından dolayı başlarına bir musibet geldiğinde, \"Rabbimiz! Ne olurdu bize bir peygamber gönderseydin de, âyetlerine uysak ve müminlerden olsaydık\" diyecek olmasalardı (seni göndermezdik).","nl":"Opdat, wanneer een ramp door wat hun handen eerder verricht hebben hen treft, zij niet zouden zeggen: \"Onze Heer, had U maar een Boodschapper gestuurd, dan zouden Wij Uw Tekenen gevolgd hebben en wij zouden tot de gelovigen behoren.\"","en":"Also so they would not say, if struck by an affliction for what their hands have done: “Our Lord! If only You had sent us a messenger, we would have followed Your revelations and become believers.”"},"surah":null},{"id":3300,"surahId":28,"ayatId":48,"ayatNo":"٤٨","pageNo":391,"ayatText":"فَلَمَّا جَٓاءَهُمُ الْحَقُّ مِنْ عِنْدِنَا قَالُوا لَوْلَٓا اُو۫تِيَ مِثْلَ مَٓا اُو۫تِيَ مُوسٰىؕ اَوَلَمْ يَكْفُرُوا بِمَٓا اُو۫تِيَ مُوسٰى مِنْ قَبْلُۚ قَالُوا سِحْرَانِ تَظَاهَرَاࣞ وَقَالُٓوا اِنَّا بِكُلٍّ كَافِرُونَ","ayatMealText":{"tr":"Fakat onlara tarafımızdan o hak (peygamber) gelince, \"Musa'ya verilen (mucizeler) gibi ona da verilmeli değil miydi?\" dediler. Peki daha önce Musa'ya verileni de inkâr etmemişler miydi? \"Birbirini destekleyen iki sihir\" demişler ve şunu söylemişlerdi: \"Doğrusu biz hiçbirine inanmıyoruz.\"","nl":"Toen dan de Waarheid van Onze Zijde tot hen kwam, zeiden zij: \"Was hem (Moehammad) maar hetzelfde gegeven als wat Môesa gegeven was! Maar loochenden zij dan niet eerder wat Môesa gegeven was? Zij zeiden: \"Dit zijn twee tovenaars, die elkaar helpen.\" En zij zeiden: \"Wij geloven geen van allen!\"","en":"But when the truth came to them from Us, they said, “If only he was given the like of what Moses had been given.” Did they not deny what had been given to Moses earlier? They claimed, “Both ˹Scriptures˺ are works of magic, supporting each other!” Adding, “We truly deny both.”"},"surah":null},{"id":3301,"surahId":28,"ayatId":49,"ayatNo":"٤٩","pageNo":391,"ayatText":"قُلْ فَأْتُوا بِكِتَابٍ مِنْ عِنْدِ اللّٰهِ هُوَ اَهْدٰى مِنْهُمَٓا اَتَّبِعْهُ اِنْ كُنْتُمْ صَادِقٖينَ","ayatMealText":{"tr":"(Resulüm!) De ki: \"Eğer doğru sözlüler iseniz, Allah katından bu ikisinden (bana ve Musa'ya inen kitaplardan) daha doğru bir kitap getirin de ben ona uyayım!\"","nl":"Zeg (O Moehammad): \"Breng dan een Boek van Allah dat een betere Leiding geeft dan deze twee, dan zal ik het volgen, als jullie waarachtigen zijn!\"","en":"Say, ˹O Prophet,˺ “Bring then a scripture from Allah which is a better guide than these two so I may follow it, if your claim is true.”"},"surah":null},{"id":3302,"surahId":28,"ayatId":50,"ayatNo":"٥٠","pageNo":391,"ayatText":"فَاِنْ لَمْ يَسْتَجٖيبُوا لَكَ فَاعْلَمْ اَنَّمَا يَتَّبِعُونَ اَهْوَٓاءَهُمْؕ وَمَنْ اَضَلُّ مِمَّنِ اتَّبَعَ هَوٰيهُ بِغَيْرِ هُدًى مِنَ اللّٰهِؕ اِنَّ اللّٰهَ لَا يَهْدِي الْقَوْمَ الظَّالِمٖينَ","ayatMealText":{"tr":"Eğer sana cevap vermezlerse, bil ki onlar, sırf heveslerine uymaktadırlar. Allah'tan bir yol gösterici olmaksızın kendi hevesine uyandan daha sapık kim olabilir? Elbette Allah zalim kavmi doğru yola iletmez.","nl":"Als zij jou den geen antwoord geven, weet dan dat zij slechts hun begeerten volgen. En wie dwaalt er meer dan wie er zonder Leiding van Allah zijn begeerten volgt? Voorwaar, Allah leidt het onrechtvaardige volk niet.","en":"So if they fail to respond to you, then know that they only follow their desires. And who could be more astray than those who follow their desires with no guidance from Allah? Surely Allah does not guide the wrongdoing people"},"surah":null}]}