{"juzNo":20,"pageNo":392,"arCuzNo":"۲۰","arPageNo":"۳۹۲","quranAyats":[{"id":3303,"surahId":28,"ayatId":51,"ayatNo":"٥١","pageNo":392,"ayatText":"وَلَقَدْ وَصَّلْنَا لَهُمُ الْقَوْلَ لَعَلَّهُمْ يَتَذَكَّرُونَؕࣖ","ayatMealText":{"tr":"Andolsun ki biz, düşünüp öğüt alsınlar diye, sözü (vahyi) birbiri ardınca ulamışızdır.","nl":"En voorzeker, Wij openbaarden hun achtereenvolgens het Woord, hopelijk zullen zij zich laten vermanen.","en":"Indeed, We have steadily delivered the Word ˹of Allah˺ to the people so they may be mindful"},"surah":{"surahId":28,"name":"Kasas","nameAr":"الْقَصَصِ","revelationOrder":49,"verseCount":88,"juzNo":20,"firstPage":385}},{"id":3304,"surahId":28,"ayatId":52,"ayatNo":"٥٢","pageNo":392,"ayatText":"اَلَّذٖينَ اٰتَيْنَاهُمُ الْكِتَابَ مِنْ قَبْلِهٖ هُمْ بِهٖ يُؤْمِنُونَ","ayatMealText":{"tr":"Ondan (Kur'ân'dan) önce kendilerine kitap verdiklerimiz, ona da iman ederler.","nl":"Degenen die Wij daarvóór (vóór de Koran) de Schrift gegeven hebben: zij geloven erin.","en":"˹As for˺ those ˹faithful˺ to whom We had given the Scripture before this ˹Quran˺, they do believe in it"},"surah":null},{"id":3305,"surahId":28,"ayatId":53,"ayatNo":"٥٣","pageNo":392,"ayatText":"وَاِذَا يُتْلٰى عَلَيْهِمْ قَالُٓوا اٰمَنَّا بِهٖٓ اِنَّهُ الْحَقُّ مِنْ رَبِّنَٓا اِنَّا كُنَّا مِنْ قَبْلِهٖ مُسْلِمٖينَ","ayatMealText":{"tr":"Onlara (Kur'ân) okunduğu zaman \"O'na iman ettik. Çünkü o, Rabbimizden gelmiş hakikattir. Esasen biz daha önce de müslüman idik\" derler.","nl":"En wanneer hij (de Koran) aan hen voorgedragen wordt, zeggen zij: \"Wij geloven erin. Voorwaar, het is de Waarheid van onze Heer. Voorwaar, wij hadden ons ervóór al overgegeven (aan Allah).\" En welke dingen jullie ook gegeven werden: zij zijn de genietingen van het wereldse leven en haar versiering. Maar wat van de Zijde van Allah komt is beter en blijvender. Begrijpen jullie dan niet?","en":"When it is recited to them, they declare, “We believe in it. This is definitely the truth from our Lord. We had already submitted ˹even˺ before this.”"},"surah":null},{"id":3306,"surahId":28,"ayatId":54,"ayatNo":"٥٤","pageNo":392,"ayatText":"اُو۬لٰٓئِكَ يُؤْتَوْنَ اَجْرَهُمْ مَرَّتَيْنِ بِمَا صَبَرُوا وَيَدْرَؤُ۫نَ بِالْحَسَنَةِ السَّيِّئَةَ وَمِمَّا رَزَقْنَاهُمْ يُنْفِقُونَ","ayatMealText":{"tr":"İşte onlara, sabretmelerinden ötürü mükafatları iki defa verilecektir. Bunlar kötülüğü iyilikle savarlar, kendilerine verdiğimiz rızıktan da Allah rızası için harcarlar.","nl":"Diegenen zal tweemaal hun beloning gegeven worden: omdat zij geduldig waren en zij met het goede het kwade afwendden; en omdat zij uitgeven van dat waar Wij hen mee voorzien hebben.","en":"These ˹believers˺ will be given a double reward for their perseverance, responding to evil with good, and for donating from what We have provided for them"},"surah":null},{"id":3307,"surahId":28,"ayatId":55,"ayatNo":"٥٥","pageNo":392,"ayatText":"وَاِذَا سَمِعُوا اللَّغْوَ اَعْرَضُوا عَنْهُ وَقَالُوا لَـنَٓا اَعْمَالُنَا وَلَكُمْ اَعْمَالُكُمْؗ سَلَامٌ عَلَيْكُمْؗ لَا نَبْتَغِي الْجَاهِلٖينَ","ayatMealText":{"tr":"Onlar, boş söz işittikleri zaman, ondan yüz çevirirler ve \"Bizim işlerimiz bize, sizin işleriniz size. Size selam olsun. Biz kendini bilmezleri istemeyiz\" derler.","nl":"En wanneer zij nutteloos gepraat hoorden, wendden zij zich af, en zeiden: \"Voor ons onze daden en voor jullie jullie daden, vrede zij met jullie, wij zoeken de onwetenden niet op.\"","en":"When they hear slanderous talk, they turn away from it, saying, “We are accountable for our deeds and you for yours. Peace ˹is our only response˺ to you! We want nothing to do with those who act ignorantly.”"},"surah":null},{"id":3308,"surahId":28,"ayatId":56,"ayatNo":"٥٦","pageNo":392,"ayatText":"اِنَّكَ لَا تَهْدٖي مَنْ اَحْبَبْتَ وَلٰكِنَّ اللّٰهَ يَهْدٖي مَنْ يَشَٓاءُۚ وَهُوَ اَعْلَمُ بِالْمُهْتَدٖينَ","ayatMealText":{"tr":"(Resulüm!) Sen sevdiğini hidayete eriştiremezsin; bilakis, Allah dilediğine hidayet verir ve hidayete girecek olanları en iyi O bilir.","nl":"Voorwaar, jij kunt degene die jij liefhebt geen leiding geven. Maar Allah leidt wie Hij wil, en Hij kent degenen die leiding volgen het best.","en":"You surely cannot guide whoever you like ˹O Prophet˺, but it is Allah Who guides whoever He wills, and He knows best who are ˹fit to be˺ guided"},"surah":null},{"id":3309,"surahId":28,"ayatId":57,"ayatNo":"٥٧","pageNo":392,"ayatText":"وَقَالُٓوا اِنْ نَتَّبِـعِ الْهُدٰى مَعَكَ نُتَخَطَّفْ مِنْ اَرْضِنَاؕ اَوَلَمْ نُمَكِّنْ لَهُمْ حَرَماً اٰمِناً يُجْبٰٓى اِلَيْهِ ثَمَرَاتُ كُلِّ شَيْءٍ رِزْقاً مِنْ لَدُنَّا وَلٰكِنَّ اَكْثَرَهُمْ لَا يَعْلَمُونَ","ayatMealText":{"tr":"\"Biz seninle beraber doğru yola uyarsak, yurdumuzdan atılırız\" dediler. Biz onları, kendi katımızdan bir rızık olarak her şeyin ürünlerinin toplanıp getirildiği, güvenli, dokunulmaz bir yere (Mekkei Mükerreme'ye) yerleştirmedik mi? Fakat onların çoğu bilmezler.","nl":"En zij zeiden: \"Als wij de leiding met jou volgen, dan worden wij uit ons land gedreven.\" Hebben Wij hen dan niet op een gewijde en een veilige plaats doen vestigen, waaheen allerlei soorten vruchten worden gebracht, als een levensvoorziening van Onze zijde? Maar de meesten van hen weten het niet.","en":"They say ˹to the Prophet˺, “If we were to follow ˹true˺ guidance with you, we would certainly be snatched away from our land.” Have We not established for them a safe haven ˹in Mecca˺ to which fruits of all kinds are brought as a provision from Us? But most of them do not know ˹this favour˺"},"surah":null},{"id":3310,"surahId":28,"ayatId":58,"ayatNo":"٥٨","pageNo":392,"ayatText":"وَكَمْ اَهْلَكْنَا مِنْ قَرْيَةٍ بَطِرَتْ مَعٖيشَتَهَاۚ فَتِلْكَ مَسَاكِنُهُمْ لَمْ تُسْكَنْ مِنْ بَعْدِهِمْ اِلَّا قَلٖيلاًؕ وَكُنَّا نَحْنُ الْوَارِثٖينَ","ayatMealText":{"tr":"Biz, maişetleriyle şımarmış nice memleketi helak etmişizdir. İşte yerleri! Kendilerinden sonra oralarda pek az oturulabilmiştir. Onlara biz varis olmuşuzdur.","nl":"En hoeveel steden hebben Wij niet vernietigd die overdreven met hun genietingen? En dat zijn hun woningen, er wonen na hen slechts weinigen. En Wij waren de erfgenamen.","en":"˹Imagine˺ how many societies We have destroyed that had been spoiled by their ˹comfortable˺ living! Those are their residences, never inhabited after them except passingly. And We ˹alone˺ were the Successor"},"surah":null},{"id":3311,"surahId":28,"ayatId":59,"ayatNo":"٥٩","pageNo":392,"ayatText":"وَمَا كَانَ رَبُّكَ مُهْلِكَ الْقُرٰى حَتّٰى يَبْعَثَ فٖٓي اُمِّهَا رَسُولاً يَتْلُوا عَلَيْهِمْ اٰيَاتِنَاۚ وَمَا كُنَّا مُهْلِكِي الْقُرٰٓى اِلَّا وَاَهْلُهَا ظَالِمُونَ","ayatMealText":{"tr":"Rabbin, kendilerine âyetlerimizi okuyan bir peygamberi memleketlerin ana merkezlerine göndermedikçe, memleketleri helâk edici değildir. Zaten biz, ancak halkı zalim olan memleketleri helâk etmişizdir.","nl":"En jouw Heer was geen vernietiger van de steden vóórdat Hij tot hun hoofdstad een boodschapper had gestuurd die hen Onze verzen voordroeg. En Wij waren geen vernietiger van de stad, tenzij haar bewoners onrechtvaardig waren.","en":"Your Lord would never destroy a society until He had sent to its capital a messenger, reciting Our revelations to them. Nor would We ever destroy a society unless its people persisted in wrongdoing"},"surah":null}]}