{"juzNo":20,"pageNo":394,"arCuzNo":"۲۰","arPageNo":"۳۹٤","quranAyats":[{"id":3323,"surahId":28,"ayatId":71,"ayatNo":"٧١","pageNo":394,"ayatText":"قُلْ اَرَاَيْتُمْ اِنْ جَعَلَ اللّٰهُ عَلَيْكُمُ الَّيْلَ سَرْمَداً اِلٰى يَوْمِ الْقِيٰمَةِ مَنْ اِلٰهٌ غَيْرُ اللّٰهِ يَأْتٖيكُمْ بِضِيَٓاءٍؕ اَفَلَا تَسْمَعُونَ","ayatMealText":{"tr":"(Resulüm!) De ki: \"Düşündünüz mü hiç, eğer Allah üzerinizde geceyi tâ kıyamet gününe kadar aralıksız devam ettirse, Allah'tan başka size ışık getirecek tanrı kimdir? Hâlâ işitmeyecek misiniz?\"","nl":"Zeg (O Moehammad): \"Wat dachten jullie: als Allah de nacht zou doen voortduren tot aan de Dag der Opstanding; welke god, anders dan Allah, zou er zijn die jullie licht brengt? Luisteren jullie dan niet?\"","en":"Ask ˹them, O Prophet˺, “Imagine if Allah were to make the night perpetual for you until the Day of Judgment, which god other than Allah could bring you sunlight? Will you not then listen?”"},"surah":{"surahId":28,"name":"Kasas","nameAr":"الْقَصَصِ","revelationOrder":49,"verseCount":88,"juzNo":20,"firstPage":385}},{"id":3324,"surahId":28,"ayatId":72,"ayatNo":"٧٢","pageNo":394,"ayatText":"قُلْ اَرَاَيْتُمْ اِنْ جَعَلَ اللّٰهُ عَلَيْكُمُ النَّهَارَ سَرْمَداً اِلٰى يَوْمِ الْقِيٰمَةِ مَنْ اِلٰهٌ غَيْرُ اللّٰهِ يَأْتٖيكُمْ بِلَيْلٍ تَسْكُنُونَ فٖيهِؕ اَفَلَا تُبْصِرُونَ","ayatMealText":{"tr":"De ki: \"Haber verin bakayım, eğer Allah üzerinizde gündüzü ta kıyamet gününe kadar aralıksız devam ettirse, Allah'tan başka, istirahat edeceğiniz geceyi size getirecek tanrı kimdir? Hâlâ görmeyecek misiniz?\"","nl":"Zeg: \"Wat dachten jullie: als Allah de dag zou doen voortduren tot de Dag der Opstanding, welke god, anders den Allah, zou er zijn die jullie een nacht geeft om in uit te rusten? Zien jullie dan niet?","en":"Ask ˹them also˺, “Imagine if Allah were to make the day perpetual for you until the Day of Judgment, which god other than Allah could bring you night to rest in? Will you not then see?”"},"surah":null},{"id":3325,"surahId":28,"ayatId":73,"ayatNo":"٧٣","pageNo":394,"ayatText":"وَمِنْ رَحْمَتِهٖ جَعَلَ لَكُمُ الَّيْلَ وَالنَّهَارَ لِتَسْكُنُوا فٖيهِ وَلِتَبْتَغُوا مِنْ فَضْلِهٖ وَلَعَلَّكُمْ تَشْكُرُونَ","ayatMealText":{"tr":"Rahmetinden dolayı, Allah, geceyi ve gündüzü yarattı ki geceleyin dinlenesiniz (gündüzün) ise O'nun lütuf ve kereminden (rızkınızı) arayasınız. Umulur ki şükredersiniz.","nl":"En het behoort tot Zijn Barmhartigheid dat Hij voor jullie de nacht en de dag gemaakt heeft om in uit te rusten en Zijn gunsten te zoeken. Hopelijk zullen jullie dankbaar zijn.","en":"It is out of His mercy that He has made for you the day and night so that you may rest ˹in the latter˺ and seek His bounty ˹in the former˺, and perhaps you will be grateful"},"surah":null},{"id":3326,"surahId":28,"ayatId":74,"ayatNo":"٧٤","pageNo":394,"ayatText":"وَيَوْمَ يُنَادٖيهِمْ فَيَقُولُ اَيْنَ شُرَكَٓاءِيَ الَّذٖينَ كُنْتُمْ تَزْعُمُونَ","ayatMealText":{"tr":"Ve hele o gün Allah onları çağırarak: \"Benim ortaklarım olduklarını iddia ettikleriniz hani, nerede?\" diyecektir.","nl":"En op die Dag mept Hij hen, en zegt: \"Waar zijn Mijn deelgenoten, degenen die jullie veronderstelden (te bestaan)?\"","en":"And ˹watch for˺ the Day He will call to them, “Where are those you claimed were My associate-gods?”"},"surah":null},{"id":3327,"surahId":28,"ayatId":75,"ayatNo":"٧٥","pageNo":394,"ayatText":"وَنَزَعْنَا مِنْ كُلِّ اُمَّةٍ شَهٖيداً فَقُلْنَا هَاتُوا بُرْهَانَكُمْ فَعَلِمُٓوا اَنَّ الْحَقَّ لِلّٰهِ وَضَلَّ عَنْهُمْ مَا كَانُوا يَفْتَرُونَࣖ","ayatMealText":{"tr":"(O gün) her ümmetten bir şahit çıkarır, \"Haydin, kesin delilinizi getirin!\" deriz. O zaman bilirler ki, hakikat Allah'a aittir ve uydurageldikleri şeyler (putlar) de kendilerinden ayrılıp kaybolmuşlardır.","nl":"En Wij brengen uit iedere gemeenschap een getuige (een Profeet) naar voren en Wij zeggen: \"Brengt jullie bewijzen!\" Dan zullen zij weten dat de Waarheid aan Allah toebehoort. En wat zij plachten te verzinnen is van hen verdwenen.","en":"And We will bring forth a witness from every faith-community and ask ˹the polytheists˺, “Show ˹Us˺ your proof.” Then they will ˹come to˺ know that the truth is with Allah ˹alone˺. And whatever ˹gods˺ they fabricated will fail them"},"surah":null},{"id":3328,"surahId":28,"ayatId":76,"ayatNo":"٧٦","pageNo":394,"ayatText":"اِنَّ قَارُونَ كَانَ مِنْ قَوْمِ مُوسٰى فَبَغٰى عَلَيْهِمْࣕ وَاٰتَيْنَاهُ مِنَ الْكُنُوزِ مَٓا اِنَّ مَفَاتِحَهُ لَتَنُٓوأُ بِالْعُصْبَةِ اُو۬لِي الْقُوَّةِࣗ اِذْ قَالَ لَهُ قَوْمُهُ لَا تَفْرَحْ اِنَّ اللّٰهَ لَا يُحِبُّ الْفَرِحٖينَ","ayatMealText":{"tr":"Karun, Musa'nın kavminden idi de, onlara karşı azgınlık etmişti. Biz ona öyle hazineler vermiştik ki, anahtarlarını güçlü kuvvetli bir topluluk zor taşırdı. Kavmi ona demişti ki: \"Şımarma! Bil ki Allah şımarıkları sevmez.\"","nl":"Voorwaar, Qârôen behoorde tot het volk van Môesa, maar Hij bedroog hen. En Wij schonken hem zoveel schatten dat hun sleutels met moeite door een groep sterke mannen gedragen zouden kunnen worden. (Gedenkt) toen zijn volk tot hem zei: \"Wees niet hoogmoedig: voorwaar, Allah houdt niet van de hoogmoedigen.","en":"Indeed, Korah was from the people of Moses, but he behaved arrogantly towards them. We had granted him such treasures that even their keys would burden a group of strong men. ˹Some of˺ his people advised him, “Do not be prideful! Surely Allah does not like the prideful"},"surah":null},{"id":3329,"surahId":28,"ayatId":77,"ayatNo":"٧٧","pageNo":394,"ayatText":"وَابْتَغِ فٖيمَٓا اٰتٰيكَ اللّٰهُ الدَّارَ الْاٰخِرَةَ وَلَا تَنْسَ نَصٖيبَكَ مِنَ الدُّنْيَا وَاَحْسِنْ كَمَٓا اَحْسَنَ اللّٰهُ اِلَيْكَ وَلَا تَبْغِ الْفَسَادَ فِي الْاَرْضِؕ اِنَّ اللّٰهَ لَا يُحِبُّ الْمُفْسِدٖينَ","ayatMealText":{"tr":"\"Allah'ın sana verdiğinden (O'nun yolunda harcayarak) ahiret yurdunu gözet, ama dünyadan da nasibini unutma! Allah'ın sana ihsan ettiği gibi, sen de (insanlara) iyilik et. Yeryüzünde bozgunculuğu arzulama. Şüphesiz ki Allah, bozguncuları sevmez.\"","nl":"En zoek met wat Allah jou gegeven heeft het Huis van het Hiernamaals en vergeet niet jouw deel in de wereld. En doe goed zoals Allah jou goed heeft gedaan en zoek geen verderf op de aarde. Voorwaar. Allah houdt niet van de verderfzaaiers.\"","en":"Rather, seek the ˹reward˺ of the Hereafter by means of what Allah has granted you, without forgetting your share of this world. And be good ˹to others˺ as Allah has been good to you. Do not seek to spread corruption in the land, for Allah certainly does not like the corruptors.”"},"surah":null}]}