{"juzNo":20,"pageNo":397,"arCuzNo":"۲۰","arPageNo":"۳۹۷","quranAyats":[{"id":3347,"surahId":29,"ayatId":7,"ayatNo":"٧","pageNo":397,"ayatText":"وَالَّذٖينَ اٰمَنُوا وَعَمِلُوا الصَّالِحَاتِ لَنُكَفِّرَنَّ عَنْهُمْ سَيِّـَٔاتِهِمْ وَلَنَجْزِيَنَّهُمْ اَحْسَنَ الَّذٖي كَانُوا يَعْمَلُونَ","ayatMealText":{"tr":"İman edip iyi işler yapanların kötülüklerini elbette örteriz ve onlara, yaptıklarının daha güzeli ile karşılık veririz.","nl":"En degenen die geloven en goede daden verrichtten zullen Wij zeker hun slechte daden kwijtschelden en Wij zullen hun zeker belonen voor het beste van wat zij plachten te doen.","en":"As for those who believe and do good, We will certainly absolve them of their sins, and reward them according to the best of what they used to do"},"surah":{"surahId":29,"name":"Ankebût","nameAr":"الْعَنْكَبُوتِ","revelationOrder":85,"verseCount":69,"juzNo":20,"firstPage":396}},{"id":3348,"surahId":29,"ayatId":8,"ayatNo":"٨","pageNo":397,"ayatText":"وَوَصَّيْنَا الْاِنْسَانَ بِوَالِدَيْهِ حُسْناًؕ وَاِنْ جَاهَدَاكَ لِتُشْرِكَ بٖي مَا لَيْسَ لَكَ بِهٖ عِلْمٌ فَلَا تُطِعْهُمَاؕ اِلَيَّ مَرْجِعُكُمْ فَاُنَبِّئُكُمْ بِمَا كُنْتُمْ تَعْمَلُونَ","ayatMealText":{"tr":"Biz insana, ana babasına iyi davranmasını tavsiye etmişizdir. Eğer onlar, seni, hakkında bilgin olmayan bir şeyi (körü körüne) bana ortak koşman için zorlarlarsa, onlara itaat etme. Dönüşünüz ancak banadır. O zaman, size yapmış olduklarınızı haber vereceğim.","nl":"En Wij hebben de mens bevolen goed te zijn voor zijn ouders, maar indien zij jou dwingen om deelgenoten toe te kennen aan Mij, waarvan jij geen kennis hebt, gehoorzaam hen dan niet. Tot Mij is jullie terugkeer, daarna zal Ik jullie op de hoogte brengen van wat jullie plachten te doen.","en":"We have commanded people to honour their parents. But if they urge you to associate with Me what you have no knowledge of, then do not obey them. To Me you will ˹all˺ return, and then I will inform you of what you used to do"},"surah":null},{"id":3349,"surahId":29,"ayatId":9,"ayatNo":"٩","pageNo":397,"ayatText":"وَالَّذٖينَ اٰمَنُوا وَعَمِلُوا الصَّالِحَاتِ لَنُدْخِلَنَّهُمْ فِي الصَّالِحٖينَ","ayatMealText":{"tr":"İman edip iyi işler yapanları, muhakkak salihler (zümresi) içine katarız.","nl":"En degenen die geloven en goede daden verrichtten zullen Wij zeker doen binnengaan in (het gezelschap) van de oprechten,","en":"Those who believe and do good will surely be admitted by Us into ˹the company of˺ the righteous"},"surah":null},{"id":3350,"surahId":29,"ayatId":10,"ayatNo":"١٠","pageNo":397,"ayatText":"وَمِنَ النَّاسِ مَنْ يَقُولُ اٰمَنَّا بِاللّٰهِ فَاِذَٓا اُو۫ذِيَ فِي اللّٰهِ جَعَلَ فِتْنَةَ النَّاسِ كَعَذَابِ اللّٰهِؕ وَلَئِنْ جَٓاءَ نَصْرٌ مِنْ رَبِّكَ لَيَقُولُنَّ اِنَّا كُنَّا مَعَكُمْؕ اَوَلَيْسَ اللّٰهُ بِاَعْلَمَ بِمَا فٖي صُدُورِ الْعَالَمٖينَ","ayatMealText":{"tr":"İnsanlardan kimi vardır ki, \"Allah'a inandık\" der; fakat Allah uğrunda eziyete uğratıldığı zaman, insanların işkencesini Allah'ın azabı gibi tutar. Halbuki Rabbinden bir yardım gelecek olsa, mutlaka, \"Doğrusu biz de sizinle beraberdik\" derler. Acaba Allah, herkesin kalbindekileri en iyi bilen değil midir?","nl":"En er zijn er onder de mensen, die zeggen: \"Wij geloven in Allah,\" en als zij dan door (te geloven in) Allah gekweld worden, beschouwen zij de beproeving van de mensen als een bestraffing van Allah; en als er een overwinning van jouw Heer komt, zeggen zij zeker: \"Voorwaar, wij waren met Jullie!\" En is het niet Allah, Die het beste weet wat er in de harten van de mensen is?","en":"There are some who say, “We believe in Allah,” but when they suffer in the cause of Allah, they mistake ˹this˺ persecution at the hands of people for the punishment of Allah. But when victory comes from your Lord, they surely say ˹to the believers˺, “We have always been with you.” Does Allah not know best what is in the hearts of all beings"},"surah":null},{"id":3351,"surahId":29,"ayatId":11,"ayatNo":"١١","pageNo":397,"ayatText":"وَلَيَعْلَمَنَّ اللّٰهُ الَّذٖينَ اٰمَنُوا وَلَيَعْلَمَنَّ الْمُنَافِقٖينَ","ayatMealText":{"tr":"Allah, elbette (O'na gönülden) iman edenleri de, iki yüzlüleri de bilir.","nl":"En Allah kent zeker degenen die geloven en Hij kent zeker de huichelaars.","en":"Allah will certainly distinguish between those who have ˹sure˺ faith and the hypocrites"},"surah":null},{"id":3352,"surahId":29,"ayatId":12,"ayatNo":"١٢","pageNo":397,"ayatText":"وَقَالَ الَّذٖينَ كَفَرُوا لِلَّذٖينَ اٰمَنُوا اتَّبِعُوا سَبٖيلَنَا وَلْنَحْمِلْ خَطَايَاكُمْؕ وَمَا هُمْ بِحَامِلٖينَ مِنْ خَطَايَاهُمْ مِنْ شَيْءٍؕ اِنَّهُمْ لَكَاذِبُونَ","ayatMealText":{"tr":"Kâfirler, iman edenlere, \"Bizim yolumuza uyun, sizin günahlarınızı biz yüklenelim\" derler. Halbuki onların hiçbir günahını yüklenecek değillerdir. Gerçekte onlar, kesinlikle yalan söylemektedirler.","nl":"En degenen die ongelovig zijn, zeggen tegen degenen die geloven: \"Volgt onze weg, dan zullen wij zeker jullie zonden dragen.\" Maar zij dragen geen enkele zonde van hen. Voorwaar, zij zijn zeker leugenaars.","en":"The disbelievers say to the believers, “˹Just˺ follow our way, and we will bear ˹the burden of˺ your sins.” But they would never ˹want to˺ bear any of the believers’ sins. They are simply lying"},"surah":null},{"id":3353,"surahId":29,"ayatId":13,"ayatNo":"١٣","pageNo":397,"ayatText":"وَلَيَحْمِلُنَّ اَثْقَالَهُمْ وَاَثْقَالاً مَعَ اَثْقَالِهِمْؗ وَلَيُسْـَٔلُنَّ يَوْمَ الْقِيٰمَةِ عَمَّا كَانُوا يَفْتَرُونَࣖ","ayatMealText":{"tr":"(Fakat gerçek şu ki) elbette kendi yüklerini, kendi yükleriyle birlikte nice yükleri (başkalarını saptırmanın vebalini) taşıyacaklar ve uydurup durdukları şeylerden kıyamet günü mutlaka sorguya çekileceklerdir.","nl":"En zij zullen zeker hun (eigen) lasten dragen, en lasten naast hun lasten. En zij zullen op de Dag der Opstanding ondervraagd worden over wat zij plachten te verzinnen.","en":"Yet they will certainly ˹be made to˺ carry their own burdens, as well as other burdens along with their own. And they will surely be questioned on Judgment Day about what they used to fabricate"},"surah":null},{"id":3354,"surahId":29,"ayatId":14,"ayatNo":"١٤","pageNo":397,"ayatText":"وَلَقَدْ اَرْسَلْنَا نُوحاً اِلٰى قَوْمِهٖ فَلَبِثَ فٖيهِمْ اَلْفَ سَنَةٍ اِلَّا خَمْسٖينَ عَاماًؕ فَاَخَذَهُمُ الطُّوفَانُ وَهُمْ ظَالِمُونَ","ayatMealText":{"tr":"Andolsun ki Nuh'u kendi kavmine gönderdik de, o dokuz yüz elli yıl onların arasında kaldı. Sonunda, onlar zulümlerini sürdürürken tufan kendilerini yakalayıverdi.","nl":"En voorzeker, Wij hebben Nôeh tot zijn volk gezonden en hij verbleef duizend jaar bij hen, op vijftig jaar na. Toen overviel de zondvloed hen, terwijl zij onrechtvaardigen waren.","en":"Indeed, We sent Noah to his people, and he remained among them for a thousand years, less fifty. Then the Flood overtook them, while they persisted in wrongdoing"},"surah":null}]}