{"juzNo":21,"pageNo":402,"arCuzNo":"۲۱","arPageNo":"٤۰۲","quranAyats":[{"id":3386,"surahId":29,"ayatId":46,"ayatNo":"٤٦","pageNo":402,"ayatText":"وَلَا تُجَادِلُٓوا اَهْلَ الْكِتَابِ اِلَّا بِالَّتٖي هِيَ اَحْسَنُࣗ اِلَّا الَّذٖينَ ظَلَمُوا مِنْهُمْ وَقُولُٓوا اٰمَنَّا بِالَّـذٖٓي اُنْزِلَ اِلَيْنَا وَاُنْزِلَ اِلَيْكُمْ وَاِلٰهُنَا وَاِلٰهُكُمْ وَاحِدٌ وَنَحْنُ لَهُ مُسْلِمُونَ","ayatMealText":{"tr":"İçlerinden zulmedenleri bir yana, ehli kitapla ancak, en güzel yoldan mücadele edin ve deyin ki: \"Bize indirilene de, size indirilene de iman ettik. Bizim ilâhımız da, sizin ilâhınız da birdir ve biz O'na teslim olmuşuzdur.\"","nl":"En redetwist niet anders dan op de beste wijze met de lieden van de Schrift, behalve met de onrechtplegers onder hen. En zegt: \"Wij geloven in wat aan ons is neergezonden en in wat aan jullie is neergezonden; en onze God en jullie God is Één, en wij hebben ons am Hem overgegeven.","en":"Do not argue with the People of the Book unless gracefully, except with those of them who act wrongfully. And say, “We believe in what has been revealed to us and what was revealed to you. Our God and your God is ˹only˺ One. And to Him we ˹fully˺ submit.”"},"surah":{"surahId":29,"name":"Ankebût","nameAr":"الْعَنْكَبُوتِ","revelationOrder":85,"verseCount":69,"juzNo":20,"firstPage":396}},{"id":3387,"surahId":29,"ayatId":47,"ayatNo":"٤٧","pageNo":402,"ayatText":"وَكَذٰلِكَ اَنْزَلْـنَٓا اِلَيْكَ الْكِتَابَؕ فَالَّذٖينَ اٰتَيْنَاهُمُ الْكِتَابَ يُؤْمِنُونَ بِهٖۚ وَمِنْ هٰٓؤُ۬لَٓاءِ مَنْ يُؤْمِنُ بِهٖؕ وَمَا يَجْحَدُ بِاٰيَاتِنَٓا اِلَّا الْكَافِرُونَ","ayatMealText":{"tr":"(Resulüm!) İşte sana (önceki kitapları tasdik eden) bu kitabı indirdik. Onun için, kendilerine kitap verdiklerimiz ona iman ediyorlar. Şunlardan da ona iman eden nice kimseler vardır. Ayetlerimizi ancak kâfirler bile bile inkâr eder.","nl":"En zo hebben Wij aan jou het Boek neergezonden. Degenen aan wie Wij de Schrift (de Taurât) hebben gegeven. zij geloven erin (in de Koran) en onder dezen (de bewoners van Mekkah) zijn er die erin geloven. En niemand verwerpt Onze Verzen dan de ongelovigen.","en":"Similarly ˹to earlier messengers˺, We have revealed to you a Book ˹O Prophet˺. ˹The faithful of˺ those to whom We gave the Scriptures believe in it, as do some of these ˹pagan Arabs˺. And none denies Our revelations except the ˹stubborn˺ disbelievers"},"surah":null},{"id":3388,"surahId":29,"ayatId":48,"ayatNo":"٤٨","pageNo":402,"ayatText":"وَمَا كُنْتَ تَتْلُوا مِنْ قَبْلِهٖ مِنْ كِتَابٍ وَلَا تَخُطُّهُ بِيَمٖينِكَ اِذاً لَارْتَابَ الْمُبْطِلُونَ","ayatMealText":{"tr":"Sen bundan önce, ne bir yazı okur, ne de elinle onu yazardın. Öyle olsaydı, batıla uyanlar kuşku duyarlardı.","nl":"En daarvóór heb jij nooit een boek gelezen, en jij hebt nooit iets ervan met je rechterhand geschreven. Anders zouden de ontkenners zeker twijfelen.","en":"You ˹O Prophet˺ could not read any writing ˹even˺ before this ˹revelation˺, nor could you write at all. Otherwise, the people of falsehood would have been suspicious"},"surah":null},{"id":3389,"surahId":29,"ayatId":49,"ayatNo":"٤٩","pageNo":402,"ayatText":"بَلْ هُوَ اٰيَاتٌ بَيِّنَاتٌ فٖي صُدُورِ الَّذٖينَ اُو۫تُوا الْعِلْمَؕ وَمَا يَجْحَدُ بِاٰيَاتِنَٓا اِلَّا الظَّالِمُونَ","ayatMealText":{"tr":"Hayır, o (Kur'ân), kendilerine ilim verilenlerin sinelerinde (yer eden) apaçık âyetlerdir. Ayetlerimizi ancak ve ancak zalimler bile bile inkâr eder.","nl":"Het zijn zelfs duidelijke Verzen in de harten van degenen aan wie de kennis is gegeven. En niemand verwerpt Onze Verzen dan de onrechtvaardigen.","en":"But this ˹Quran˺ is ˹a set of˺ clear revelations ˹preserved˺ in the hearts of those gifted with knowledge. And none denies Our revelations except the ˹stubborn˺ wrongdoers"},"surah":null},{"id":3390,"surahId":29,"ayatId":50,"ayatNo":"٥٠","pageNo":402,"ayatText":"وَقَالُوا لَوْلَٓا اُنْزِلَ عَلَيْهِ اٰيَاتٌ مِنْ رَبِّهٖؕ قُلْ اِنَّمَا الْاٰيَاتُ عِنْدَ اللّٰهِؕ وَاِنَّـمَٓا اَنَا۬ نَذٖيرٌ مُبٖينٌ","ayatMealText":{"tr":"\"Ona Rabbinden (başkaca) mucize indirilmeli değil miydi?\" derler. Cevaben de ki: \"Mucizeler ancak Allah'ın katındadır. Ben ise sadece apaçık bir uyarıcıyım.\"","nl":"En zij zeiden: \"Was er maar een Teken (wonder) van zijn Heer aan hem gezonden?\" Zeg: \"Voorwaar, de Tekenen zijn slechts bij Allah. En voorwaar, ik ben slechts een duidelijke waarschuwer.\"","en":"They say, “If only ˹some˺ signs had been sent down to him from his Lord!” Say, ˹O Prophet,˺ “Signs are only with Allah. And I am only sent with a clear warning.”"},"surah":null},{"id":3391,"surahId":29,"ayatId":51,"ayatNo":"٥١","pageNo":402,"ayatText":"اَوَلَمْ يَكْفِهِمْ اَنَّٓا اَنْزَلْنَا عَلَيْكَ الْكِتَابَ يُتْلٰى عَلَيْهِمْؕ اِنَّ فٖي ذٰلِكَ لَرَحْمَةً وَذِكْرٰى لِقَوْمٍ يُؤْمِنُونَࣖ","ayatMealText":{"tr":"Sana indirdiğimiz ve onlara okunmakta olan kitap, kendilerine yetmedi mi? Bunda iman edecek bir kavim için elbette bir rahmet ve öğüt vardır.","nl":"Is het voor hen niet voldoende dat Wij aan jou het Boek hebben neergezonden, dat aan hen wordt voorgedragen? Voomaar, daarin is zeker barmhartigheid en een vermaning voor een volk dat gelooft.","en":"Is it not enough for them that We have sent down to you the Book, ˹which is˺ recited to them. Surely in this ˹Quran˺ is a mercy and reminder for people who believe"},"surah":null},{"id":3392,"surahId":29,"ayatId":52,"ayatNo":"٥٢","pageNo":402,"ayatText":"قُلْ كَفٰى بِاللّٰهِ بَيْنٖي وَبَيْنَكُمْ شَهٖيداًۚ يَعْلَمُ مَا فِي السَّمٰوَاتِ وَالْاَرْضِؕ وَالَّذٖينَ اٰمَنُوا بِالْبَاطِلِ وَكَفَرُوا بِاللّٰهِۙ اُو۬لٰٓئِكَ هُمُ الْخَاسِرُونَ","ayatMealText":{"tr":"De ki: Benimle sizin aranızda şahit olarak Allah yeter. O, göklerde ve yerde ne varsa bilir. Batıla inanıp inkâr edenler var ya, işte ziyana uğrayacaklar onlardır.","nl":"Zeg: \"Allah is voldoende als Getuige tussen mij en jullie.\" Hij kent wat er in de hemelen en op de aarde is. En degenen die in de valsheid geloven en aan Allah ongelovig zijn: zij zijn de verliezers.","en":"Say, ˹O Prophet,˺ “Sufficient is Allah as a Witness between me and you. He ˹fully˺ knows whatever is in the heavens and the earth. And those who believe in falsehood and disbelieve in Allah, it is they who are the ˹true˺ losers.”"},"surah":null}]}