{"juzNo":2,"pageNo":41,"arCuzNo":"۲","arPageNo":"٤۱","quranAyats":[{"id":256,"surahId":2,"ayatId":249,"ayatNo":"٢٤٩","pageNo":41,"ayatText":"فَلَمَّا فَصَلَ طَالُوتُ بِالْجُنُودِۙ قَالَ اِنَّ اللّٰهَ مُبْتَلٖيكُمْ بِنَهَرٍۚ فَمَنْ شَرِبَ مِنْهُ فَلَيْسَ مِنّٖيۚ وَمَنْ لَمْ يَطْعَمْهُ فَاِنَّهُ مِنّٖٓي اِلَّا مَنِ اغْتَرَفَ غُرْفَةً بِيَدِهٖۚ فَشَرِبُوا مِنْهُ اِلَّا قَلٖيلاً مِنْهُمْؕ فَلَمَّا جَاوَزَهُ هُوَ وَالَّذٖينَ اٰمَنُوا مَعَهُۙ قَالُوا لَا طَاقَةَ لَنَا الْيَوْمَ بِجَالُوتَ وَجُنُودِهٖؕ قَالَ الَّذٖينَ يَظُنُّونَ اَنَّهُمْ مُلَاقُوا اللّٰهِۙ كَمْ مِنْ فِئَةٍ قَلٖيلَةٍ غَلَبَتْ فِئَةً كَثٖيرَةً بِاِذْنِ اللّٰهِؕ وَاللّٰهُ مَعَ الصَّابِرٖينَ","ayatMealText":{"tr":"Talut, ordu ile hareket edince dedi ki: \"Allah sizi mutlaka bir nehirle imtihan edecek. Kim ondan içerse, benden değildir. Kim de onu tatmazsa, işte o bendendir. Ancak eliyle bir avuç alan başka (bu kadarına ruhsat vardır).\" Derken içlerinden pek azı hariç, hepsi de varır varmaz ondan içtiler. Talut ve beraberindeki iman eden kimseler nehri geçtiklerinde. \"Bizim bugün, Calut ile ordusuna karşı duracak gücümüz yok.\" dediler. Allah'a kavuşacaklarına inanıp, bilenler ise şu cevabı verdiler: \"Nice az topluluklar, Allah'ın izniyle nice çok topluluklara galip gelmişlerdir. Allah, sabırlılarla beraberdir.\"","nl":"En toen Tâlôet met de legers was uitgetrokken, zei hij: \"Voorwaar, Allah zal jullie zeker beproeven door middel van een rivier. Wie er dan van drinkt, die is niet een van mij en wie er niet (meer) van proeft, dan een slokje uit zijn hand, die is een van mij.\" Toen dronken zij ervan, met uitzondering van een klein aantal van hen. Toen hij en degenen die met hem geloofden (de rivier) waren overgestoken, zeiden zij: \"Wij hebben vandaag geen kracht om Djâlôet (Goliat) en zijn legers te bevechten.\" Degenen die overtuigd waren dat zij Allah zeker zullen ontmoeten, zeiden: \"Hoeveel kleine troepen hebben niet grote troepen overwonnen, met het verlof van Allah. En Allah is met de geduldigen.\"","en":"When Saul marched forth with his army, he cautioned: “Allah will test you with a river. So whoever drinks ˹his fill˺ from it is not with me, and whoever does not taste it—except a sip from the hollow of his hands—is definitely with me.” They all drank ˹their fill˺ except for a few! When he and the ˹remaining˺ faithful with him crossed the river, they said, “Now we are no match for Goliath and his warriors.” But those ˹believers˺ who were certain they would meet Allah reasoned, “How many times has a small force vanquished a mighty army by the Will of Allah! And Allah is ˹always˺ with the steadfast.”"},"surah":{"surahId":2,"name":"Bakara","nameAr":"الْبَقَرَةِ","revelationOrder":87,"verseCount":286,"juzNo":1,"firstPage":2}},{"id":257,"surahId":2,"ayatId":250,"ayatNo":"٢٥٠","pageNo":41,"ayatText":"وَلَمَّا بَرَزُوا لِجَالُوتَ وَجُنُودِهٖ قَالُوا رَبَّنَٓا اَفْرِ غْ عَلَيْنَا صَبْراً وَثَبِّتْ اَقْدَامَنَا وَانْصُرْنَا عَلَى الْقَوْمِ الْكَافِرٖينَؕ","ayatMealText":{"tr":"Calut ve ordusuna karşı savaş meydanına çıktıkları zaman da şöyle dediler: \"Ey Rabbimiz! Üzerlerimize sabır dök, ayaklarımızı sabit tut ve kâfirler topluluğuna karşı bize yardım et!\"","nl":"En toen wij optrokken tegen Djâlôet en zijn legers, zeiden zij: \"Onze Heer, schenk ons geduld en maak onze voeten standvastig en sta ons bij tegen het ongelovige volk.\"","en":"When they advanced to face Goliath and his warriors, they prayed, “Our Lord! Shower us with perseverance, make our steps firm, and give us victory over the disbelieving people.”"},"surah":null},{"id":258,"surahId":2,"ayatId":251,"ayatNo":"٢٥١","pageNo":41,"ayatText":"فَهَزَمُوهُمْ بِاِذْنِ اللّٰهِۙ وَقَتَلَ دَاوُ۫دُ جَالُوتَ وَاٰتٰيهُ اللّٰهُ الْمُلْكَ وَالْحِكْمَةَ وَعَلَّمَهُ مِمَّا يَشَٓاءُؕ وَلَوْلَا دَفْعُ اللّٰهِ النَّاسَ بَعْضَهُمْ بِبَعْضٍ لَفَسَدَتِ الْاَرْضُ وَلٰكِنَّ اللّٰهَ ذُو فَضْلٍ عَلَى الْعَالَمٖينَ","ayatMealText":{"tr":"Derken, Allah'ın izniyle onları tamamen bozdular. Davud, Calut'u öldürdü ve Allah, kendisine hükümdarlık ve hikmet (peygamberlik) verdi ve ona dilediği şeylerden de öğretti. Eğer Allah'ın, insanları birbirleriyle savması olmasaydı, yeryüzü mutlaka bozulur giderdi. Fakat Allah, bütün âlemlere karşı büyük bir lütuf sahibidir.","nl":"Toen versloegen zij hen met het verlof van Allah en Dâwôed doodde Djâlôet en Allah gaf hem het koningschap en de Wijsheid (het Profectsehap) en Hij onderwees hem wat Hij wilde. En als Allah niet een deel van de mensen door een ander (deel) zou verstoten, din zou de aarde ten onder gaan. Maar Allah is de Bezitta van gunsten voor de werelden.","en":"So they defeated them by Allah’s Will, and David killed Goliath. And Allah blessed David with kingship and wisdom and taught him what He willed. Had Allah not repelled a group of people by ˹the might of˺ another, corruption would have dominated the earth, but Allah is Gracious to all"},"surah":null},{"id":259,"surahId":2,"ayatId":252,"ayatNo":"٢٥٢","pageNo":41,"ayatText":"تِلْكَ اٰيَاتُ اللّٰهِ نَتْلُوهَا عَلَيْكَ بِالْحَقِّؕ وَاِنَّكَ لَمِنَ الْمُرْسَلٖينَ","ayatMealText":{"tr":"İşte bunlar, Allah'ın âyetleridir. Onları sana hakkıyla okuyoruz. Şüphesiz ki sen o gönderilen resullerdensin.","nl":"Dit zijn Verzen van Allah die Wij in de Waarneid aan jullie voorlezen, En voorwaar, jij (O Moehammad) behoort tot de Gezondenen.","en":"These are Allah’s revelations which We recite to you ˹O Prophet˺ in truth. And you are truly one of the messengers"},"surah":null}]}