{"juzNo":23,"pageNo":446,"arCuzNo":"۲۳","arPageNo":"٤٤٦","quranAyats":[{"id":3789,"surahId":37,"ayatId":1,"ayatNo":"١","pageNo":446,"ayatText":"وَالصَّٓافَّاتِ صَفاًّۙ","ayatMealText":{"tr":"Andolsun o saf bağlayıp duranlara.","nl":"Bij hen die in rijen staan (de Engelen).","en":"By those ˹angels˺ lined up in ranks"},"surah":{"surahId":37,"name":"Sâffât","nameAr":"الصَّاۤفَّاتِ","revelationOrder":56,"verseCount":182,"juzNo":23,"firstPage":446}},{"id":3790,"surahId":37,"ayatId":2,"ayatNo":"٢","pageNo":446,"ayatText":"فَالزَّاجِرَاتِ زَجْراًۙ","ayatMealText":{"tr":"O haykırıp da sürenlere.","nl":"Die de wolken voortdrijven.","en":"and those who diligently drive ˹the clouds˺"},"surah":null},{"id":3791,"surahId":37,"ayatId":3,"ayatNo":"٣","pageNo":446,"ayatText":"فَالتَّالِيَاتِ ذِ كْراًۙ","ayatMealText":{"tr":"Ve o yolda zikir okuyanlara.","nl":"Die de Vermaning (de Koran) voordragen.","en":"and those who recite the Reminder"},"surah":null},{"id":3792,"surahId":37,"ayatId":4,"ayatNo":"٤","pageNo":446,"ayatText":"اِنَّ اِلٰهَكُمْ لَوَاحِدٌؕ","ayatMealText":{"tr":"Ki sizin ilâhınız birdir.","nl":"Voorwaar, jullie God is zeker Eén.","en":"Surely your God is One"},"surah":null},{"id":3793,"surahId":37,"ayatId":5,"ayatNo":"٥","pageNo":446,"ayatText":"رَبُّ السَّمٰوَاتِ وَالْاَرْضِ وَمَا بَيْنَهُمَا وَرَبُّ الْمَشَارِقِؕ","ayatMealText":{"tr":"O, göklerin, yerin ve aralarındakilerin Rabbidir, bütün doğuların da Rabbidir.","nl":"De Heer van de hemelen en de aarde en wat er tussen is en de Heer van de plaatsen van zonsopgang.","en":"˹He is˺ the Lord of the heavens and the earth and everything in between, and the Lord of all points of sunrise"},"surah":null},{"id":3794,"surahId":37,"ayatId":6,"ayatNo":"٦","pageNo":446,"ayatText":"اِنَّا زَيَّنَّا السَّمَٓاءَ الدُّنْيَا بِزٖينَةٍۨ الْكَوَاكِبِۙ","ayatMealText":{"tr":"Gerçekten biz dünya göğünü (o yakın göğü) bir zinetle, yıldızlarla süsledik.","nl":"Voorwaar, Wij hebben de nabije hemel gesierd met een veniering: de sterren.","en":"Indeed, We have adorned the lowest heaven with the stars for decoration"},"surah":null},{"id":3795,"surahId":37,"ayatId":7,"ayatNo":"٧","pageNo":446,"ayatText":"وَحِفْظاً مِنْ كُلِّ شَيْطَانٍ مَارِدٍۚ","ayatMealText":{"tr":"Onu her inatçı şeytandan koruduk.","nl":"En als bescherming tegen alle opstandige Satans.","en":"and ˹for˺ protection from every rebellious devil"},"surah":null},{"id":3796,"surahId":37,"ayatId":8,"ayatNo":"٨","pageNo":446,"ayatText":"لَا يَسَّمَّعُونَ اِلَى الْمَلَأِ الْاَعْلٰى وَيُقْذَفُونَ مِنْ كُلِّ جَانِبٍࣗ","ayatMealText":{"tr":"Onlar yüksek (melekler) topluluğunu dinleyemezler. Her taraftan kovulup atılırlar.","nl":"Zij kunnen niet luisteren bij de hoogste groep (de Engelen). Er wordt naar hen geworpen vanuit alle kanten.","en":"They cannot listen to the highest assembly ˹of angels˺ for they are pelted from every side"},"surah":null},{"id":3797,"surahId":37,"ayatId":9,"ayatNo":"٩","pageNo":446,"ayatText":"دُحُوراً وَلَهُمْ عَذَابٌ وَاصِبٌۙ","ayatMealText":{"tr":"Uzaklaştırılırlar. Onlara ardı arkası kesilmez bir azab vardır.","nl":"Ter verjaging. En voor hen is er een ononderbroken bestraffing.","en":"˹fiercely˺ driven away. And they will suffer an everlasting torment"},"surah":null},{"id":3798,"surahId":37,"ayatId":10,"ayatNo":"١٠","pageNo":446,"ayatText":"اِلَّا مَنْ خَطِفَ الْخَطْفَةَ فَاَتْبَعَهُ شِهَابٌ ثَاقِبٌ","ayatMealText":{"tr":"Ancak kulak hırsızlığı yapanlar olur. Onu da yakıcı bir alev takip eder.","nl":"Behalve wie afluisterend luistert: een gloeiende vlam achtervolgt hem.","en":"But whoever manages to stealthily eavesdrop is ˹instantly˺ pursued by a piercing flare"},"surah":null},{"id":3799,"surahId":37,"ayatId":11,"ayatNo":"١١","pageNo":446,"ayatText":"فَاسْتَفْتِهِمْ اَهُمْ اَشَدُّ خَلْقاً اَمْ مَنْ خَلَقْنَاؕ اِنَّا خَلَقْنَاهُمْ مِنْ طٖينٍ لَازِبٍ","ayatMealText":{"tr":"Şimdi onlara sor: \"Yaradılışça kendileri mi daha çetin, yoksa bizim yarattıklarımız mı?\" Gerçekten biz onları cıvık bir çamurdan yarattık.","nl":"Vraag hen: \"Zijn zij (de mensen) moeilijker om te scheppen of dat (hemel en aarde en wat er tussen is) wat wij hebben geschapen?\" Voorwaar, Wij hebben hen van kleverige klei geschapen.","en":"So ask them ˹O Prophet˺, which is harder to create: them or other marvels of Our creation? Indeed, We created them from a sticky clay"},"surah":null},{"id":3800,"surahId":37,"ayatId":12,"ayatNo":"١٢","pageNo":446,"ayatText":"بَلْ عَجِبْتَ وَيَسْخَرُونَࣕ","ayatMealText":{"tr":"Fakat sen onlara şaşıyorsun, ama onlar (seninle) eğleniyorlar.","nl":"Jij verbaastje zelfs omdat zij (de door jou gebracht boodschap) bespotten.","en":"In fact, you are astonished ˹by their denial˺, while they ridicule ˹you˺"},"surah":null},{"id":3801,"surahId":37,"ayatId":13,"ayatNo":"١٣","pageNo":446,"ayatText":"وَاِذَا ذُكِّرُوا لَا يَذْكُرُونَࣕ","ayatMealText":{"tr":"Kendilerine hatırlatıldığında da düşünmüyorlar.","nl":"En wanneer zij vermaand worden, dan nemen zij de Vemaning niet tot zich.","en":"When they are reminded, they are never mindful"},"surah":null},{"id":3802,"surahId":37,"ayatId":14,"ayatNo":"١٤","pageNo":446,"ayatText":"وَاِذَا رَاَوْا اٰيَةً يَسْتَسْخِرُونَࣕ","ayatMealText":{"tr":"Bir mucize gördükleri zaman da eğlenceye alıyorlar.","nl":"En wanneer zij een Teken (een goddelijk wonder) zien, dan bespotten zij.","en":"And whenever they see a sign, they make fun of it"},"surah":null},{"id":3803,"surahId":37,"ayatId":15,"ayatNo":"١٥","pageNo":446,"ayatText":"وَقَالُٓوا اِنْ هٰذَٓا اِلَّا سِحْرٌ مُبٖينٌۚ","ayatMealText":{"tr":"Ve diyorlar ki: \"Bu apaçık büyüden başka bir şey değildir.\"","nl":"En zij zeggen: \"Dit is niets dan duidelijke tovenarij.\"","en":"saying, “This is nothing but pure magic"},"surah":null},{"id":3804,"surahId":37,"ayatId":16,"ayatNo":"١٦","pageNo":446,"ayatText":"ءَاِذَا مِتْنَا وَكُنَّا تُرَاباً وَعِظَاماً ءَاِنَّا لَمَبْعُوثُونَۙ","ayatMealText":{"tr":"\"Öldüğümüz ve bir toprakla bir yığın kemik olduğumuz zaman mı biz tekrar dirilecekmişiz?\"","nl":"Als wij al dood zijn en tot aarde en beenderen zijn geworden; zullen wij dan zeker opgewekt worden?","en":"When we are dead and reduced to dust and bones, will we really be resurrected"},"surah":null},{"id":3805,"surahId":37,"ayatId":17,"ayatNo":"١٧","pageNo":446,"ayatText":"اَوَاٰبَٓاؤُ۬نَا الْاَوَّلُونَؕ","ayatMealText":{"tr":"\"Önceki atalarımız da mı?..\"","nl":"En ook onze voorvaderen?\"","en":"And our forefathers as well?”"},"surah":null},{"id":3806,"surahId":37,"ayatId":18,"ayatNo":"١٨","pageNo":446,"ayatText":"قُلْ نَعَمْ وَاَنْتُمْ دَاخِرُونَۚ","ayatMealText":{"tr":"De ki: \"Evet, hem de sizler çok aşağılanmış olarak (dirileceksiniz).\"","nl":"Zeg: \"Ja, en jullie zullen vemederd zijn.\"","en":"Say, “Yes! And you will be fully humbled.”"},"surah":null},{"id":3807,"surahId":37,"ayatId":19,"ayatNo":"١٩","pageNo":446,"ayatText":"فَاِنَّمَا هِيَ زَجْرَةٌ وَاحِدَةٌ فَاِذَا هُمْ يَنْظُرُونَ","ayatMealText":{"tr":"Çünkü O (sura üfürmek) zorlu bir kumandadan ibarettir ki, derhal onların gözleri açılıverir.","nl":"Het is dan slechts één bliksemslag, waarna zij om zich heen kijken.","en":"It will only take one Blast, then at once they will see ˹it all˺"},"surah":null},{"id":3808,"surahId":37,"ayatId":20,"ayatNo":"٢٠","pageNo":446,"ayatText":"وَقَالُوا يَا وَيْلَنَا هٰذَا يَوْمُ الدّٖينِ","ayatMealText":{"tr":"\"Eyvah bizlere! İşte bu hesap günüdür.\" derler.","nl":"En zij zullen zeggen: \"Wee ons, dit is de Dag des Oordeels.\"","en":"They will cry, “Oh, woe to us! This is the Day of Judgment!”"},"surah":null},{"id":3809,"surahId":37,"ayatId":21,"ayatNo":"٢١","pageNo":446,"ayatText":"هٰذَا يَوْمُ الْفَصْلِ الَّذٖي كُنْتُمْ بِهٖ تُكَذِّبُونَࣖ","ayatMealText":{"tr":"(Onlara): \"İşte bu, sizin yalanlamakta olduğunuz (iyi ve kötüyü) ayırt etme günüdür\" denir.","nl":"Dit is de Dag van de beslissing, die jullie plachten te loochenen.","en":"˹They will be told,˺ “This is the Day of ˹Final˺ Decision which you used to deny.”"},"surah":null},{"id":3810,"surahId":37,"ayatId":22,"ayatNo":"٢٢","pageNo":446,"ayatText":"اُحْشُرُوا الَّذٖينَ ظَلَمُوا وَاَزْوَاجَهُمْ وَمَا كَانُوا يَعْبُدُونَۙ","ayatMealText":{"tr":"Toplayın mahşere o zulmedenleri, eşlerini ve Allah'tan başka taptıkları şeyleri. Toplayın da götürün onları sırata (cehennem köprüsüne) doğru.","nl":"(Tot de Engelen wordt gezegd:) \"Verzamelt degenen die onrecht pleegden en hun gelijken en wat zij plachten te aanbidden.","en":"˹Allah will say to the angels,˺ “Gather ˹all˺ the wrongdoers along with their peers, and whatever they used to worship"},"surah":null},{"id":3811,"surahId":37,"ayatId":23,"ayatNo":"٢٣","pageNo":446,"ayatText":"مِنْ دُونِ اللّٰهِ فَاهْدُوهُمْ اِلٰى صِرَاطِ الْجَحٖيمِۙ","ayatMealText":{"tr":"Toplayın mahşere o zulmedenleri, eşlerini ve Allah'tan başka taptıkları şeyleri. Toplayın da götürün onları sırata (cehennem köprüsüne) doğru.","nl":"Naast Allah. Leidt ben dan naar de weg naar Djahîm (de Hel).","en":"instead of Allah, then lead them ˹all˺ to the path of Hell"},"surah":null},{"id":3812,"surahId":37,"ayatId":24,"ayatNo":"٢٤","pageNo":446,"ayatText":"وَقِفُوهُمْ اِنَّهُمْ مَسْؤُ۫لُونَۙ","ayatMealText":{"tr":"Ve durdurun onları, çünkü sorguya çekilecekler.","nl":"En houdt hen vast: voorwaar, zij zullen ondervraagd worden.\"","en":"And detain them, for they must be questioned.”"},"surah":null}]}