{"juzNo":23,"pageNo":447,"arCuzNo":"۲۳","arPageNo":"٤٤۷","quranAyats":[{"id":3813,"surahId":37,"ayatId":25,"ayatNo":"٢٥","pageNo":447,"ayatText":"مَا لَكُمْ لَا تَنَاصَرُونَ","ayatMealText":{"tr":"(Onlara): \"Ne oldu sizlere de yardımlaşmıyorsunuz?\" (denilir.)","nl":"(Er zal aan hen gevraagd worden:) \"Wat is er met jullie, waarom helpen jullie elkaar niet?\"","en":"˹Then they will be asked,˺ “What is the matter with you that you can no longer help each other?”"},"surah":{"surahId":37,"name":"Sâffât","nameAr":"الصَّاۤفَّاتِ","revelationOrder":56,"verseCount":182,"juzNo":23,"firstPage":446}},{"id":3814,"surahId":37,"ayatId":26,"ayatNo":"٢٦","pageNo":447,"ayatText":"بَلْ هُمُ الْيَوْمَ مُسْتَسْلِمُونَ","ayatMealText":{"tr":"Hayır, bugün onlar teslim olmuşlardır.","nl":"Op die Dag zullen zij zich zelfs overgeven.","en":"In fact, on that Day they will be ˹fully˺ submissive"},"surah":null},{"id":3815,"surahId":37,"ayatId":27,"ayatNo":"٢٧","pageNo":447,"ayatText":"وَاَقْبَلَ بَعْضُهُمْ عَلٰى بَعْضٍ يَتَسَٓاءَلُونَ","ayatMealText":{"tr":"Onlar, birbirine dönmüş soruşuyorlar.","nl":"En zij zullen zich tot elkaar wenden en elkaar ondervragen.","en":"They will turn on each other, throwing blame"},"surah":null},{"id":3816,"surahId":37,"ayatId":28,"ayatNo":"٢٨","pageNo":447,"ayatText":"قَالُٓوا اِنَّكُمْ كُنْتُمْ تَأْتُونَنَا عَنِ الْيَمٖينِ","ayatMealText":{"tr":"Onlar: \"Siz bize (uğurlu görünerek) sağdan gelir dururdunuz\" derler.","nl":"Zij (de volgelingen) zullen zeggen: \"Voorwaar, jullie zijn van de rechterkant tot ons gekomen.\"","en":"The misled will say, “It was you who deluded us away from what is right.”"},"surah":null},{"id":3817,"surahId":37,"ayatId":29,"ayatNo":"٢٩","pageNo":447,"ayatText":"قَالُوا بَلْ لَمْ تَكُونُوا مُؤْمِنٖينَۚ","ayatMealText":{"tr":"(İleri gelenler de) derler ki: \"Hayır, siz inanmamıştınız.\"","nl":"Zij (de leiders) zullen antwoorden: \"Jullie was waren zelfs geen gelovigen.","en":"The misleaders will reply, “No! You disbelieved on your own"},"surah":null},{"id":3818,"surahId":37,"ayatId":30,"ayatNo":"٣٠","pageNo":447,"ayatText":"وَمَا كَانَ لَنَا عَلَيْكُمْ مِنْ سُلْطَانٍۚ بَلْ كُنْتُمْ قَوْماً طَاغٖينَ","ayatMealText":{"tr":"\"Bizim de size karşı bir gücümüz yoktu. Fakat siz azmış bir kavimdiniz.\"","nl":"Ea wij hadden geen macht over jullie. Jullie waren zelfs een overtredend volk.","en":"We had no authority over you. In fact, you yourselves were a transgressing people"},"surah":null},{"id":3819,"surahId":37,"ayatId":31,"ayatNo":"٣١","pageNo":447,"ayatText":"فَحَقَّ عَلَيْنَا قَوْلُ رَبِّنَاࣗ اِنَّا لَذَٓائِقُونَ","ayatMealText":{"tr":"\"Onun için üzerimize Rabbimizin azab sözü hak oldu. Şüphesiz azabımızı tadacağız.\"","nl":"Het Woord (van bestraffing) tot ons van Onze Heer zal daarom bewaarheid worden. Voorwaar, wij zullen het zeker proeven.","en":"The decree of our Lord has come to pass against us ˹all˺: we will certainly taste ˹the punishment˺"},"surah":null},{"id":3820,"surahId":37,"ayatId":32,"ayatNo":"٣٢","pageNo":447,"ayatText":"فَاَغْوَيْنَاكُمْ اِنَّا كُنَّا غَاوٖينَ","ayatMealText":{"tr":"\"Evet biz, sizi kışkırttık. Çünkü biz azgındık.\"","nl":"Wij misleidden jullie toen: voorwaar, wij waren misleiders.\"","en":"We caused you to deviate, for we ourselves were deviant.”"},"surah":null},{"id":3821,"surahId":37,"ayatId":33,"ayatNo":"٣٣","pageNo":447,"ayatText":"فَاِنَّهُمْ يَوْمَئِذٍ فِي الْعَذَابِ مُشْتَرِكُونَ","ayatMealText":{"tr":"O halde hepsi o gün azabda ortaktırlar.","nl":"Voorwaar, zij zullen dan op die Dag in de bestraffing bijelkaar zijn.","en":"Surely on that Day they will ˹all˺ share in the punishment"},"surah":null},{"id":3822,"surahId":37,"ayatId":34,"ayatNo":"٣٤","pageNo":447,"ayatText":"اِنَّا كَذٰلِكَ نَفْعَلُ بِالْمُجْرِمٖينَ","ayatMealText":{"tr":"İşte biz günahkarlara böyle yaparız.","nl":"Voorwaar, zo behandelen Wij de misdadigers.","en":"That is certainly how We deal with the wicked"},"surah":null},{"id":3823,"surahId":37,"ayatId":35,"ayatNo":"٣٥","pageNo":447,"ayatText":"اِنَّهُمْ كَانُٓوا اِذَا قٖيلَ لَهُمْ لَٓا اِلٰهَ اِلَّا اللّٰهُ يَسْتَكْبِرُونَۙ","ayatMealText":{"tr":"Çünkü onlar, kendilerine: \"Allah'tan başka ilâh yoktur\" denildiği zaman kafa tutuyorlardı.","nl":"Voorwaar, toen er tot hen gezegd werd: \"Er is geen god dan Allah,\" toen waren zij hoogmoedig.","en":"For whenever it was said to them ˹in the world˺, “There is no god ˹worthy of worship˺ except Allah,” they acted arrogantly"},"surah":null},{"id":3824,"surahId":37,"ayatId":36,"ayatNo":"٣٦","pageNo":447,"ayatText":"وَيَقُولُونَ اَئِنَّا لَتَارِكُٓوا اٰلِهَتِنَا لِشَاعِرٍ مَجْنُونٍؕ","ayatMealText":{"tr":"Ve: \"Biz, hiçbir mecnun (deli) şair için ilâhlarımızı bırakır mıyız?\" diyorlardı.","nl":"En zij zeggen: \"Zullen wij dan onze goden achterlaten vanwege een bezeten dichter?\"","en":"and argued, “Should we really abandon our gods for a mad poet?”"},"surah":null},{"id":3825,"surahId":37,"ayatId":37,"ayatNo":"٣٧","pageNo":447,"ayatText":"بَلْ جَٓاءَ بِالْحَقِّ وَصَدَّقَ الْمُرْسَلٖينَ","ayatMealText":{"tr":"Hayır o, hak ile geldi ve bütün peygamberleri tasdik etti.","nl":"Nee! Hij (Moehammad) is met de Waarheid gekomen en hij heeft de Gezondenen (de Profeten vóór hem) bevestigd.","en":"In fact, he came with the truth, confirming ˹earlier˺ messengers"},"surah":null},{"id":3826,"surahId":37,"ayatId":38,"ayatNo":"٣٨","pageNo":447,"ayatText":"اِنَّكُمْ لَذَٓائِقُوا الْعَذَابِ الْاَلٖيمِۚ","ayatMealText":{"tr":"Elbette siz o acı azabı tadacaksınız.","nl":"Voorwaar, jullie proeven zeker de pijnlijke bestraffing.","en":"You will certainly taste the painful torment"},"surah":null},{"id":3827,"surahId":37,"ayatId":39,"ayatNo":"٣٩","pageNo":447,"ayatText":"وَمَا تُجْزَوْنَ اِلَّا مَا كُنْتُمْ تَعْمَلُونَۙ","ayatMealText":{"tr":"Bununla beraber başka değil, hep yaptığınız amellerinizle cezalandırılacaksınız.","nl":"En jullie worden slechts vergolden voor wat jullie hebben gedaan.","en":"and will only be rewarded for what you used to do"},"surah":null},{"id":3828,"surahId":37,"ayatId":40,"ayatNo":"٤٠","pageNo":447,"ayatText":"اِلَّا عِبَادَ اللّٰهِ الْمُخْلَصٖينَ","ayatMealText":{"tr":"Sadece Allah'ın ihlaslı kulları müstesnadır.","nl":"Behalve de dienaren van Allah die zuiver in hun aanbidding zijn.","en":"But not the chosen servants of Allah"},"surah":null},{"id":3829,"surahId":37,"ayatId":41,"ayatNo":"٤١","pageNo":447,"ayatText":"اُو۬لٰٓئِكَ لَهُمْ رِزْقٌ مَعْلُومٌۙ","ayatMealText":{"tr":"İşte onlar için belli bir rızık vardır.","nl":"Zij zijn degenen voor wie er een bekende voorziening is (het Paradijs).","en":"They will have a known provision"},"surah":null},{"id":3830,"surahId":37,"ayatId":42,"ayatNo":"٤٢","pageNo":447,"ayatText":"فَوَاكِهُۚ وَهُمْ مُكْرَمُونَۙ","ayatMealText":{"tr":"Meyveler (vardır), Naîm cennetlerinde onlara hep ikram edilir.","nl":"Vruchten. En zij zijn de geëerden.","en":"fruits ˹of every type˺. And they will be honoured"},"surah":null},{"id":3831,"surahId":37,"ayatId":43,"ayatNo":"٤٣","pageNo":447,"ayatText":"فٖي جَنَّاتِ النَّعٖيمِۙ","ayatMealText":{"tr":"Meyveler (vardır), Naîm cennetlerinde onlara hep ikram edilir.","nl":"In Tuinen van Gelukzaligheid (het Paradijs).","en":"in the Gardens of Bliss"},"surah":null},{"id":3832,"surahId":37,"ayatId":44,"ayatNo":"٤٤","pageNo":447,"ayatText":"عَلٰى سُرُرٍ مُتَقَابِلٖينَ","ayatMealText":{"tr":"(Onlar) Karşılıklı tahtlar üzerindedirler.","nl":"Op rustbanken tegenover elkaar.","en":"facing each other on thrones"},"surah":null},{"id":3833,"surahId":37,"ayatId":45,"ayatNo":"٤٥","pageNo":447,"ayatText":"يُطَافُ عَلَيْهِمْ بِكَأْسٍ مِنْ مَعٖينٍۙ","ayatMealText":{"tr":"İçenlere lezzet veren, pınardan doldurulmuş bembeyaz bir kadehle onların etrafında dolaşılır.","nl":"Onder hen wordt rondgegaan met een beker met Ma'in (van de bron van het Paradij).","en":"A drink ˹of pure wine˺ will be passed around to them from a flowing stream"},"surah":null},{"id":3834,"surahId":37,"ayatId":46,"ayatNo":"٤٦","pageNo":447,"ayatText":"بَيْضَٓاءَ لَذَّةٍ لِلشَّارِبٖينَۚ","ayatMealText":{"tr":"İçenlere lezzet veren, pınardan doldurulmuş bembeyaz bir kadehle onların etrafında dolaşılır.","nl":"Helder wit, smakelijk voor de drinkers.","en":"crystal-white, delicious to drink"},"surah":null},{"id":3835,"surahId":37,"ayatId":47,"ayatNo":"٤٧","pageNo":447,"ayatText":"لَا فٖيهَا غَوْلٌ وَلَا هُمْ عَنْهَا يُنْزَفُونَ","ayatMealText":{"tr":"Onda ne bir zararlı sonuç vardır, ne de sarhoşluk verir.","nl":"Deze (drank) kent geen beneveling en zij worden er niet dronken van.","en":"It will neither harm ˹them˺, nor will they be intoxicated by it"},"surah":null},{"id":3836,"surahId":37,"ayatId":48,"ayatNo":"٤٨","pageNo":447,"ayatText":"وَعِنْدَهُمْ قَاصِرَاتُ الطَّرْفِ عٖينٌۙ","ayatMealText":{"tr":"Yanlarında iri gözlü, bakışlarını kocalarından başkalarına çevirmeyen hanımlar vardır.","nl":"En bij hen zijn schonen met ingetogen blikken, met mooie ogen.","en":"And with them will be maidens of modest gaze and gorgeous eyes"},"surah":null},{"id":3837,"surahId":37,"ayatId":49,"ayatNo":"٤٩","pageNo":447,"ayatText":"كَاَنَّهُنَّ بَيْضٌ مَكْنُونٌ","ayatMealText":{"tr":"Sanki onlar örtülüp saklanmış yumurta gibidirler.","nl":"Als waren zij welbewaarde eieren.","en":"as if they were pristine pearls"},"surah":null},{"id":3838,"surahId":37,"ayatId":50,"ayatNo":"٥٠","pageNo":447,"ayatText":"فَاَقْبَلَ بَعْضُهُمْ عَلٰى بَعْضٍ يَتَسَٓاءَلُونَ","ayatMealText":{"tr":"Derken birbirine dönüp sorarlar:","nl":"Zij wenden zich dan tot elkaar en stellen elkaar vragen.","en":"Then they will turn to one another inquisitively"},"surah":null},{"id":3839,"surahId":37,"ayatId":51,"ayatNo":"٥١","pageNo":447,"ayatText":"قَالَ قَٓائِلٌ مِنْهُمْ اِنّٖي كَانَ لٖي قَرٖينٌۙ","ayatMealText":{"tr":"İçlerinden bir sözcü der ki: \"Gerçekten benim bir arkadaşım vardı.\"","nl":"Een spreker onder hen zal zeggen: \"Voorwaar, ik had een vriend.","en":"One of them will say, “I once had a companion ˹in the world˺"},"surah":null}]}