{"juzNo":23,"pageNo":448,"arCuzNo":"۲۳","arPageNo":"٤٤۸","quranAyats":[{"id":3840,"surahId":37,"ayatId":52,"ayatNo":"٥٢","pageNo":448,"ayatText":"يَقُولُ اَئِنَّكَ لَمِنَ الْمُصَدِّقٖينَ","ayatMealText":{"tr":"Derdi ki: \"Sen gerçekten inananlardan mısın?\"","nl":"Hij zei (vroeger tegen mij): \"Voorwaar, behoor jij tot hen die (de Opstanding) bevestigen?","en":"who used to ask ˹me˺, ‘Do you actually believe ˹in resurrection˺"},"surah":{"surahId":37,"name":"Sâffât","nameAr":"الصَّاۤفَّاتِ","revelationOrder":56,"verseCount":182,"juzNo":23,"firstPage":446}},{"id":3841,"surahId":37,"ayatId":53,"ayatNo":"٥٣","pageNo":448,"ayatText":"ءَاِذَا مِتْنَا وَكُنَّا تُرَاباً وَعِظَاماً ءَاِنَّا لَمَدٖينُونَ","ayatMealText":{"tr":"\"Öldüğümüz ve bir toprakla bir yığın kemik olduğumuz zaman biz hakikaten cezalanacak mıyız?\"","nl":"Als wij dan al dood zijn, en tot aarde en beenderen zijn geworden, zullen wij dan zeker worden beoordeld?\"'","en":"When we are dead and reduced to dust and bones, will we really be brought to judgment?’”"},"surah":null},{"id":3842,"surahId":37,"ayatId":54,"ayatNo":"٥٤","pageNo":448,"ayatText":"قَالَ هَلْ اَنْتُمْ مُطَّلِعُونَ","ayatMealText":{"tr":"\"Siz onu tanır mısınız?\" der.","nl":"Hij zei (tegen de anderen in hct Paradijs): \"Hebben jullie (dit) gezien?\"","en":"He will ˹then˺ ask, “Would you care to see ˹his fate˺?”"},"surah":null},{"id":3843,"surahId":37,"ayatId":55,"ayatNo":"٥٥","pageNo":448,"ayatText":"فَاطَّـلَعَ فَرَاٰهُ فٖي سَوَٓاءِ الْجَحٖيمِ","ayatMealText":{"tr":"Derken bakınır ve onu cehennemin ta ortasında görür.","nl":"Toen keek hij en zag hem in het midden van Djahîm (de Hel).","en":"Then he ˹and the others˺ will look and spot him in the midst of the Hellfire"},"surah":null},{"id":3844,"surahId":37,"ayatId":56,"ayatNo":"٥٦","pageNo":448,"ayatText":"قَالَ تَاللّٰهِ اِنْ كِدْتَ لَتُرْدٖينِۙ","ayatMealText":{"tr":"Ona şöyle der: \"Allah'a yemin ederim ki, doğrusu sen az daha beni helak edecektin.\"","nl":"Hij zei: \"Bij Allah, jij hebt mij bijna in het ongeluk gestort.","en":"He will ˹then˺ say, “By Allah! You nearly ruined me"},"surah":null},{"id":3845,"surahId":37,"ayatId":57,"ayatNo":"٥٧","pageNo":448,"ayatText":"وَلَوْلَا نِعْمَةُ رَبّٖي لَكُنْتُ مِنَ الْمُحْضَرٖينَ","ayatMealText":{"tr":"\"Rabbimin nimeti olmasaydı, ben de bu tutuklananlardan olacaktım.\"","nl":"En als er niet de genade van mijn Heer geweest was, dan zou ik zeker tot de voorgeleiden (voor de Hel) behoren.","en":"Had it not been for the grace of my Lord, I ˹too˺ would have certainly been among those brought ˹to Hell˺.”"},"surah":null},{"id":3846,"surahId":37,"ayatId":58,"ayatNo":"٥٨","pageNo":448,"ayatText":"اَفَمَا نَحْنُ بِمَيِّتٖينَۙ","ayatMealText":{"tr":"\"Nasılmış bak. Biz ilk ölümümüzden başka bir daha ölmeyecek miymişiz? Biz azaba uğratılmayacak mıymışız?","nl":"Zullen wij dan niet sterven?","en":"˹Then he will ask his fellow believers,˺ “Can you imagine that we will never die"},"surah":null},{"id":3847,"surahId":37,"ayatId":59,"ayatNo":"٥٩","pageNo":448,"ayatText":"اِلَّا مَوْتَتَنَا الْاُو۫لٰى وَمَا نَحْنُ بِمُعَذَّبٖينَ","ayatMealText":{"tr":"\"Nasılmış bak. Biz ilk ölümümüzden başka bir daha ölmeyecek miymişiz? Biz azaba uğratılmayacak mıymışız?","nl":"Naut ons eerste sterven? En zullen wij niet worden bestraft?\"","en":"except our first death, nor be punished ˹like the others˺?”"},"surah":null},{"id":3848,"surahId":37,"ayatId":60,"ayatNo":"٦٠","pageNo":448,"ayatText":"اِنَّ هٰذَا لَهُوَ الْفَوْزُ الْعَظٖيمُ","ayatMealText":{"tr":"İşte bu büyük kurtuluştur.","nl":"Voorwaar, dat is zeker de geweldige overwinning.","en":"This is truly the ultimate triumph"},"surah":null},{"id":3849,"surahId":37,"ayatId":61,"ayatNo":"٦١","pageNo":448,"ayatText":"لِمِثْلِ هٰذَا فَلْيَعْمَلِ الْعَامِلُونَ","ayatMealText":{"tr":"Çalışanlar işte böyle bir kurtuluş için çalışsınlar.","nl":"Voor zoiets, laten de werkenden daarvoor werken.","en":"For such ˹honour˺ all should strive"},"surah":null},{"id":3850,"surahId":37,"ayatId":62,"ayatNo":"٦٢","pageNo":448,"ayatText":"اَذٰلِكَ خَيْرٌ نُزُلاً اَمْ شَجَرَةُ الزَّقُّومِ","ayatMealText":{"tr":"Nasıl, bu mu daha hayırlı konukluk için, yoksa zakkum ağacı mı?","nl":"Is die ontvangst beter, of de Zaqqôem-boom (in de Hel)?","en":"Is this ˹bliss˺ a better accommodation or the tree of Zaqqûm"},"surah":null},{"id":3851,"surahId":37,"ayatId":63,"ayatNo":"٦٣","pageNo":448,"ayatText":"اِنَّا جَعَلْنَاهَا فِتْنَةً لِلظَّالِمٖينَ","ayatMealText":{"tr":"Gerçekten biz onu zalimler için bir fitne (imtihan) yaptık.","nl":"Voorwaar, Wij hebben hem tot een beproeving voor de onrechtvaardigen gemaakt.","en":"We have surely made it a test for the wrongdoers"},"surah":null},{"id":3852,"surahId":37,"ayatId":64,"ayatNo":"٦٤","pageNo":448,"ayatText":"اِنَّهَا شَجَرَةٌ تَخْرُجُ فٖٓي اَصْلِ الْجَحٖيمِۙ","ayatMealText":{"tr":"O bir ağaçtır ki cehennemin dibinde çıkar.","nl":"Voorwaar, het is een boom die voortkomt uit de bodem van Djahîm (de Hel).","en":"Indeed, it is a tree that grows in the depths of Hell"},"surah":null},{"id":3853,"surahId":37,"ayatId":65,"ayatNo":"٦٥","pageNo":448,"ayatText":"طَلْعُهَا كَاَنَّهُ رُؤُ۫سُ الشَّيَاطٖينِ","ayatMealText":{"tr":"Tomurcukları şeytanların başları gibidir.","nl":"De kolven ervan zijn als satanskoppen.","en":"bearing fruit like devils’ heads"},"surah":null},{"id":3854,"surahId":37,"ayatId":66,"ayatNo":"٦٦","pageNo":448,"ayatText":"فَاِنَّهُمْ لَاٰكِلُونَ مِنْهَا فَمَالِؤُ۫نَ مِنْهَا الْبُطُونَؕ","ayatMealText":{"tr":"Mutlaka onlar, ondan yiyecekler de karınlarını bundan dolduracaklardır.","nl":"Voorwaar, dan zullen zij er van eten zodat zij er de buiken mee vullen.","en":"The evildoers will certainly ˹be left to˺ eat from it, filling up their bellies with it"},"surah":null},{"id":3855,"surahId":37,"ayatId":67,"ayatNo":"٦٧","pageNo":448,"ayatText":"ثُمَّ اِنَّ لَهُمْ عَلَيْهَا لَشَوْباً مِنْ حَمٖيمٍۚ","ayatMealText":{"tr":"Sonra üzerine onlar için kaynar bir içecek vardır.","nl":"Daarna is er voor hen een drank, gemengd met kokend water.","en":"Then on top of that they will be given a blend of boiling drink"},"surah":null},{"id":3856,"surahId":37,"ayatId":68,"ayatNo":"٦٨","pageNo":448,"ayatText":"ثُمَّ اِنَّ مَرْجِعَهُمْ لَاِلَى الْجَحٖيمِ","ayatMealText":{"tr":"Sonra da dönecekleri yer, şüphesiz cehennemdir.","nl":"Tenslotte is hun terugkeer zeker naar Djahîm.","en":"Then they will ultimately return to ˹their place in˺ Hell"},"surah":null},{"id":3857,"surahId":37,"ayatId":69,"ayatNo":"٦٩","pageNo":448,"ayatText":"اِنَّهُمْ اَلْفَوْا اٰبَٓاءَهُمْ ضَٓالّٖينَۙ","ayatMealText":{"tr":"Çünkü onlar, atalarını sapıklıkta buldular.","nl":"Voorwaar, zij troffen hun vaderen in dwaling verkerend aan.","en":"Indeed, they found their forefathers astray"},"surah":null},{"id":3858,"surahId":37,"ayatId":70,"ayatNo":"٧٠","pageNo":448,"ayatText":"فَهُمْ عَلٰٓى اٰثَارِهِمْ يُهْرَعُونَ","ayatMealText":{"tr":"Şimdi de kendileri onların izlerinde koşturuyorlar.","nl":"Toen volgden zij hen haastig in hun voetsporen.","en":"so they rushed in their footsteps"},"surah":null},{"id":3859,"surahId":37,"ayatId":71,"ayatNo":"٧١","pageNo":448,"ayatText":"وَلَقَدْ ضَلَّ قَبْلَهُمْ اَكْثَرُ الْاَوَّلٖينَۙ","ayatMealText":{"tr":"Andolsun ki, onlardan öncekilerin çoğu sapıklıkta idiler.","nl":"En voorzeker dwaalden vóór hen de meesten van de vroegeren.","en":"And surely most of the earlier generations had strayed before them"},"surah":null},{"id":3860,"surahId":37,"ayatId":72,"ayatNo":"٧٢","pageNo":448,"ayatText":"وَلَقَدْ اَرْسَلْنَا فٖيهِمْ مُنْذِرٖينَ","ayatMealText":{"tr":"Gerçekten biz onlara içlerinden uyarıcı peygamberler de gönderdik.","nl":"En voorzeker hebben Wij uit hun midden waarschuwers gezonden,","en":"although We had certainly sent warners among them"},"surah":null},{"id":3861,"surahId":37,"ayatId":73,"ayatNo":"٧٣","pageNo":448,"ayatText":"فَانْظُرْ كَيْفَ كَانَ عَاقِبَةُ الْمُنْذَرٖينَۙ","ayatMealText":{"tr":"Sonra da bak o uyarılanların sonu nasıl oldu?","nl":"Zie dan (O Moehammad) hoe het einde was van de gewaamshuwden.","en":"See then what was the end of those who had been warned"},"surah":null},{"id":3862,"surahId":37,"ayatId":74,"ayatNo":"٧٤","pageNo":448,"ayatText":"اِلَّا عِبَادَ اللّٰهِ الْمُخْلَصٖينَࣖ","ayatMealText":{"tr":"Ancak Allah'ın ihlas ile seçilen kulları başka.","nl":"Behalve (het einde van) de dienaren van Allah die, zuiver in hun aanbidding zijn.","en":"But not the chosen servants of Allah"},"surah":null},{"id":3863,"surahId":37,"ayatId":75,"ayatNo":"٧٥","pageNo":448,"ayatText":"وَلَقَدْ نَادٰينَا نُوحٌ فَلَنِعْمَ الْمُجٖيبُونَۚ","ayatMealText":{"tr":"Andolsun ki Nuh bize seslenip dua etmişti de biz de ne güzel kabul etmiştik.","nl":"En voorzeker, Nôeh riep Ons aan, en Wij zijn zeker de beste verhorenden.","en":"Indeed, Noah cried out to Us, and how excellent are We in responding"},"surah":null},{"id":3864,"surahId":37,"ayatId":76,"ayatNo":"٧٦","pageNo":448,"ayatText":"وَنَجَّيْنَاهُ وَاَهْلَهُ مِنَ الْكَرْبِ الْعَظٖيمِؗ","ayatMealText":{"tr":"Biz hem onu, hem ailesini o büyük sıkıntıdan kurtardık.","nl":"En Wij redden hem en zijn volgelingen van de geweldige ramp.","en":"We delivered him and his family from the great distress"},"surah":null}]}