{"juzNo":23,"pageNo":449,"arCuzNo":"۲۳","arPageNo":"٤٤۹","quranAyats":[{"id":3865,"surahId":37,"ayatId":77,"ayatNo":"٧٧","pageNo":449,"ayatText":"وَجَعَلْنَا ذُرِّيَّتَهُ هُمُ الْبَاقٖينَؗ","ayatMealText":{"tr":"Hem onun neslini bâki kalanlar kıldık.","nl":"En Wij maakte zijn nakomelingen tot voortlevenden.","en":"and made his descendants the sole survivors"},"surah":{"surahId":37,"name":"Sâffât","nameAr":"الصَّاۤفَّاتِ","revelationOrder":56,"verseCount":182,"juzNo":23,"firstPage":446}},{"id":3866,"surahId":37,"ayatId":78,"ayatNo":"٧٨","pageNo":449,"ayatText":"وَتَرَكْنَا عَلَيْهِ فِي الْاٰخِرٖينَؗ","ayatMealText":{"tr":"Hem de sonradan gelenler içinde güzel bir namını bıraktık.","nl":"En Wij maakten voor hem (zijn goede naam) blijvend onder de lateren.","en":"And We blessed him ˹with honourable mention˺ among later generations"},"surah":null},{"id":3867,"surahId":37,"ayatId":79,"ayatNo":"٧٩","pageNo":449,"ayatText":"سَلَامٌ عَلٰى نُوحٍ فِي الْعَالَمٖينَ","ayatMealText":{"tr":"Bütün âlemler içinde Nuh'a selam olsun.","nl":"Vrede zij met Nôeh in de werelden.","en":"“Peace be upon Noah among all peoples.”"},"surah":null},{"id":3868,"surahId":37,"ayatId":80,"ayatNo":"٨٠","pageNo":449,"ayatText":"اِنَّا كَذٰلِكَ نَجْزِي الْمُحْسِنٖينَ","ayatMealText":{"tr":"İşte biz iyilik yapanları böyle mükafatlandırırız.","nl":"Voorwaar, zo belonen Wij de weldoeners.","en":"Indeed, this is how We reward the good-doers"},"surah":null},{"id":3869,"surahId":37,"ayatId":81,"ayatNo":"٨١","pageNo":449,"ayatText":"اِنَّهُ مِنْ عِبَادِنَا الْمُؤْمِنٖينَ","ayatMealText":{"tr":"Çünkü o bizim mümin kullarımızdandı.","nl":"Voorwaar, hij behoort tot Onze gelovip dienaren.","en":"˹For˺ he was truly one of Our faithful servants"},"surah":null},{"id":3870,"surahId":37,"ayatId":82,"ayatNo":"٨٢","pageNo":449,"ayatText":"ثُمَّ اَغْرَقْنَا الْاٰخَرٖينَ","ayatMealText":{"tr":"Sonra diğerlerini suda boğduk.","nl":"Wij verdonken toen de anderen.","en":"Then We drowned the others"},"surah":null},{"id":3871,"surahId":37,"ayatId":83,"ayatNo":"٨٣","pageNo":449,"ayatText":"وَاِنَّ مِنْ شٖيعَتِهٖ لَاِبْرٰهٖيمَۘ","ayatMealText":{"tr":"Şüphesiz ki İbrahim de onun kolundandı.","nl":"En voorwaar, tot zijn groep behoorde zeker Ibrâhîm.","en":"And indeed, one of those who followed his way was Abraham"},"surah":null},{"id":3872,"surahId":37,"ayatId":84,"ayatNo":"٨٤","pageNo":449,"ayatText":"اِذْ جَٓاءَ رَبَّهُ بِقَلْبٍ سَلٖيمٍ","ayatMealText":{"tr":"Çünkü o, Rabbine tertemiz bir kalb ile gelmişti.","nl":"(Gedenk) toen hij tot zijn Heer kwam met een zuiver hart.","en":"˹Remember˺ when he came to his Lord with a pure heart"},"surah":null},{"id":3873,"surahId":37,"ayatId":85,"ayatNo":"٨٥","pageNo":449,"ayatText":"اِذْ قَالَ لِاَبٖيهِ وَقَوْمِهٖ مَاذَا تَعْبُدُونَۚ","ayatMealText":{"tr":"O babasına ve kavmine şöyle demişti: \"Siz nelere tapıyorsunuz?\"","nl":"Toen hij tot zijn vader en zijn volk zei: \"Wat aanbidden jullie?","en":"and said to his father and his people, “What are you worshipping"},"surah":null},{"id":3874,"surahId":37,"ayatId":86,"ayatNo":"٨٦","pageNo":449,"ayatText":"اَئِفْكاً اٰلِهَةً دُونَ اللّٰهِ تُرٖيدُونَؕ","ayatMealText":{"tr":"\"Yalancılık etmek için mi Allah'tan başka ilâhlar istiyorsunuz?\"","nl":"Wensen jullie als een verzinsel goden naast Allah?","en":"Is it false gods that you desire instead of Allah"},"surah":null},{"id":3875,"surahId":37,"ayatId":87,"ayatNo":"٨٧","pageNo":449,"ayatText":"فَمَا ظَنُّكُمْ بِرَبِّ الْعَالَمٖينَ","ayatMealText":{"tr":"\"Siz âlemlerin Rabbini ne zannediyorsunuz?\"","nl":"Wat stellen jullie je voor over de Heer der Werelden?\"","en":"What then do you expect from the Lord of all worlds?”"},"surah":null},{"id":3876,"surahId":37,"ayatId":88,"ayatNo":"٨٨","pageNo":449,"ayatText":"فَنَظَرَ نَظْرَةً فِي النُّجُومِۙ","ayatMealText":{"tr":"Derken yıldızlara bir baktı da: \"Ben gerçekten hastayım\" dedi.","nl":"Hij keek toen een ogenblik naar de sterren.","en":"He later looked up to the stars ˹in contemplation˺"},"surah":null},{"id":3877,"surahId":37,"ayatId":89,"ayatNo":"٨٩","pageNo":449,"ayatText":"فَقَالَ اِنّٖي سَقٖيمٌ","ayatMealText":{"tr":"Derken yıldızlara bir baktı da: \"Ben gerçekten hastayım\" dedi.","nl":"Hij zei toen: \"Voorwaar, ik ben ziek.\"","en":"then said, “I am really sick.”"},"surah":null},{"id":3878,"surahId":37,"ayatId":90,"ayatNo":"٩٠","pageNo":449,"ayatText":"فَتَوَلَّوْا عَنْهُ مُدْبِرٖينَ","ayatMealText":{"tr":"O zaman arkalarını dönerek başından kaçışıverdiler.","nl":"Toen wendden zij zich af, hem de rug toekerend.","en":"So they turned their backs on him and went away"},"surah":null},{"id":3879,"surahId":37,"ayatId":91,"ayatNo":"٩١","pageNo":449,"ayatText":"فَرَاغَ اِلٰٓى اٰلِهَتِهِمْ فَقَالَ اَلَا تَأْكُلُونَۚ","ayatMealText":{"tr":"Derken bir kurnazlıkla onların ilâhlarına vardı da, \"Buyursanıza, yemez misiniz?\" dedi.","nl":"Toen ging hij heimelijk naar hun goden en zei: \"Eten jullie (dit voedsel) niet?","en":"Then he ˹stealthily˺ advanced towards their gods, and said ˹mockingly˺, “Will you not eat ˹your offerings˺"},"surah":null},{"id":3880,"surahId":37,"ayatId":92,"ayatNo":"٩٢","pageNo":449,"ayatText":"مَا لَكُمْ لَا تَنْطِقُونَ","ayatMealText":{"tr":"(Cevap vermediklerini görünce de): \"Neyiniz var da konuşmuyorsunuz?\" (dedi).","nl":"Wat is er met jullie dat jullie niet spreken?\"","en":"What is wrong with you that you cannot speak?”"},"surah":null},{"id":3881,"surahId":37,"ayatId":93,"ayatNo":"٩٣","pageNo":449,"ayatText":"فَرَاغَ عَلَيْهِمْ ضَرْباً بِالْيَمٖينِ","ayatMealText":{"tr":"Nihayet bir yolunu bulup onlara kuvvetli bir darbe indirdi.","nl":"Toen liep hij op hen toe en sloeg (hen) met de rechterhand.","en":"Then he swiftly turned on them, striking ˹them˺ with his right hand"},"surah":null},{"id":3882,"surahId":37,"ayatId":94,"ayatNo":"٩٤","pageNo":449,"ayatText":"فَاَقْبَلُٓوا اِلَيْهِ يَزِفُّونَ","ayatMealText":{"tr":"Bunun üzerine birbirlerine girerek ona yürüdüler.","nl":"Daarop liepen zij (de veelgodenaanbidders) snel naar hem toe.","en":"Later, his people came rushing towards him ˹furiously˺"},"surah":null},{"id":3883,"surahId":37,"ayatId":95,"ayatNo":"٩٥","pageNo":449,"ayatText":"قَالَ اَتَعْبُدُونَ مَا تَنْحِتُونَۙ","ayatMealText":{"tr":"İbrahim dedi ki: \"A, siz kendi yonttuğunuz şeylere mi tapıyorsunuz?\"","nl":"Hij zei: \"Aanbidden jullie wat jullie hebben uitgehouwen?","en":"He argued, “How can you worship what you carve ˹with your own hands˺"},"surah":null},{"id":3884,"surahId":37,"ayatId":96,"ayatNo":"٩٦","pageNo":449,"ayatText":"وَاللّٰهُ خَلَقَكُمْ وَمَا تَعْمَلُونَ","ayatMealText":{"tr":"\"Halbuki sizi de yaptıklarınızı da Allah yaratmıştır.\"","nl":"Terwijl Allah jullie heeft geschapen en wat jullie maken.\"","en":"when it is Allah Who created you and whatever you do?”"},"surah":null},{"id":3885,"surahId":37,"ayatId":97,"ayatNo":"٩٧","pageNo":449,"ayatText":"قَالُوا ابْنُوا لَهُ بُنْيَاناً فَاَلْقُوهُ فِي الْجَحٖيمِ","ayatMealText":{"tr":"Onlar: \"Haydin onun için bir yapı yapın da onu ateşe atın.\" dediler.","nl":"Zij zeiden: \"Bouwt voor hem een bouwwerk (brandstapel) en werpt hem in liet laaiende vuur.\"","en":"They said ˹to one another˺, “Build him a furnace and cast him into the blazing fire.”"},"surah":null},{"id":3886,"surahId":37,"ayatId":98,"ayatNo":"٩٨","pageNo":449,"ayatText":"فَاَرَادُوا بِهٖ كَيْداً فَجَعَلْنَاهُمُ الْاَسْفَلٖينَ","ayatMealText":{"tr":"Böylece ona bir tuzak kurmak istediler. Biz de kendilerini daha alçak düşürdük.","nl":"Toen zij een list tegen hem wensten te beramen maakten Wij hen tot de allerlaagsten.","en":"And so they sought to harm him, but We made them inferior"},"surah":null},{"id":3887,"surahId":37,"ayatId":99,"ayatNo":"٩٩","pageNo":449,"ayatText":"وَقَالَ اِنّٖي ذَاهِبٌ اِلٰى رَبّٖي سَيَهْدٖينِ","ayatMealText":{"tr":"Bir de dedi ki: \"Ben Rabbime gidiyorum, o bana yolunu gösterir.\"","nl":"En hij zei (toen hun pogingen mislukt waren): \"Ik wend mij tot mijn Heer, Hij zal mij leiden.","en":"He later said, “I am leaving ˹in obedience˺ to my Lord. He will guide me"},"surah":null},{"id":3888,"surahId":37,"ayatId":100,"ayatNo":"١٠٠","pageNo":449,"ayatText":"رَبِّ هَبْ لٖي مِنَ الصَّالِحٖينَ","ayatMealText":{"tr":"\"Ey Rabbim! Bana salihlerden (bir oğul) ihsan et!\"","nl":"Mijn Heer, schenk mij (een zoon) van de rechtschapenen.\"","en":"My Lord! Bless me with righteous offspring.”"},"surah":null},{"id":3889,"surahId":37,"ayatId":101,"ayatNo":"١٠١","pageNo":449,"ayatText":"فَبَشَّرْنَاهُ بِغُلَامٍ حَلٖيمٍ","ayatMealText":{"tr":"Biz de kendisine yumuşak huylu bir oğul müjdeledik.","nl":"Toen verkondigden Wij hem de verheugende tijding van een zachtmoedige jongen (Ismâ'îl).","en":"So We gave him good news of a forbearing son"},"surah":null},{"id":3890,"surahId":37,"ayatId":102,"ayatNo":"١٠٢","pageNo":449,"ayatText":"فَلَمَّا بَلَغَ مَعَهُ السَّعْيَ قَالَ يَا بُنَيَّ اِنّٖٓي اَرٰى فِي الْمَنَامِ اَنّٖٓي اَذْبَحُكَ فَانْظُرْ مَاذَا تَرٰىؕ قَالَ يَٓا اَبَتِ افْعَلْ مَا تُؤْمَرُؗ سَتَجِدُنٖٓي اِنْ شَٓاءَ اللّٰهُ مِنَ الصَّابِرٖينَ","ayatMealText":{"tr":"Oğlu, yanında koşacak çağa gelince: \"Ey oğlum! Ben seni rüyamda boğazladığımı görüyorum. Artık bak, ne düşünürsün?\" dedi. Çocuk da: \"Babacığım sana ne emrediliyorsa yap, inşaallah beni sabredenlerden bulacaksın\" dedi.","nl":"Toen hij de leeftijd had bereikt waarop hij hem (Ibrâhîm) kon helpen, zei hij: \"O mijn zoon, voorwaar, ik heb in een droom gezien dat ik jou zal offeren, zeg mij hoe jij daarover denkt,\" Hij zei: \"O mijn vader, doe wat u is bevolen, U zult vinden dat ik, als Allah het wil, tot de geduldigen behoor.\"","en":"Then when the boy reached the age to work with him, Abraham said, “O my dear son! I have seen in a dream that I ˹must˺ sacrifice you. So tell me what you think.” He replied, “O my dear father! Do as you are commanded. Allah willing, you will find me steadfast.”"},"surah":null}]}