{"juzNo":23,"pageNo":450,"arCuzNo":"۲۳","arPageNo":"٤٥۰","quranAyats":[{"id":3891,"surahId":37,"ayatId":103,"ayatNo":"١٠٣","pageNo":450,"ayatText":"فَلَمَّٓا اَسْلَمَا وَتَلَّهُ لِلْجَبٖينِۚ","ayatMealText":{"tr":"Ne zaman ki ikisi de bu şekilde Allah'a teslim oldular, İbrahim oğlunu şakağı üzerine yatırdı.","nl":"Toen zij zich (aan Allah) hadden overgegeven en hij hem op zijn slaap had gelegd (om te offeren).","en":"Then when they submitted ˹to Allah’s Will˺, and Abraham laid him on the side of his forehead ˹for sacrifice˺"},"surah":{"surahId":37,"name":"Sâffât","nameAr":"الصَّاۤفَّاتِ","revelationOrder":56,"verseCount":182,"juzNo":23,"firstPage":446}},{"id":3892,"surahId":37,"ayatId":104,"ayatNo":"١٠٤","pageNo":450,"ayatText":"وَنَادَيْنَاهُ اَنْ يَٓا اِبْرٰهٖيمُۙ","ayatMealText":{"tr":"Biz de ona şöyle seslendik: \"Ey İbrahim! \"","nl":"Toen riepen Wij tot hem: \"O Ibrâhîm!","en":"We called out to him, “O Abraham"},"surah":null},{"id":3893,"surahId":37,"ayatId":105,"ayatNo":"١٠٥","pageNo":450,"ayatText":"قَدْ صَدَّقْتَ الرُّءْيَاۚ اِنَّا كَذٰلِكَ نَجْزِي الْمُحْسِنٖينَ","ayatMealText":{"tr":"\"Rüyana gerçekten sadakat gösterdin, şüphesiz ki, biz iyilik yapanları böyle mükafatlandırırız.\"","nl":"Waarlijk, jij hebt de droom in waarheid vervuld. Voorwaar, zo belonen Wij de weldoeners.\"","en":"You have already fulfilled the vision.” Indeed, this is how We reward the good-doers"},"surah":null},{"id":3894,"surahId":37,"ayatId":106,"ayatNo":"١٠٦","pageNo":450,"ayatText":"اِنَّ هٰذَا لَهُوَ الْبَلٰٓؤُا الْمُبٖينُ","ayatMealText":{"tr":"\"Şüphesiz ki bu apaçık bir imtihandı.\" (dedik)","nl":"Voorwaar, dat is zeker de duidelijke beproeving.","en":"That was truly a revealing test"},"surah":null},{"id":3895,"surahId":37,"ayatId":107,"ayatNo":"١٠٧","pageNo":450,"ayatText":"وَفَدَيْنَاهُ بِذِبْحٍ عَظٖيمٍ","ayatMealText":{"tr":"Ve ona büyük bir kurbanlık fidye verdik.","nl":"En Wij gaven hem ter vervanging een groot offerdier.","en":"And We ransomed his son with a great sacrifice"},"surah":null},{"id":3896,"surahId":37,"ayatId":108,"ayatNo":"١٠٨","pageNo":450,"ayatText":"وَتَرَكْنَا عَلَيْهِ فِي الْاٰخِرٖينَ","ayatMealText":{"tr":"Kendisine sonradan gelenler içinde iyi bir nâm bıraktık.","nl":"En Wij maakten voor hem (zijn goede naam) blijvend onder de lateren.","en":"and blessed Abraham ˹with honourable mention˺ among later generations"},"surah":null},{"id":3897,"surahId":37,"ayatId":109,"ayatNo":"١٠٩","pageNo":450,"ayatText":"سَلَامٌ عَلٰٓى اِبْرٰهٖيمَ","ayatMealText":{"tr":"Selam olsun İbrahim'e...","nl":"Vrede zij met Ibrâhîm.","en":"“Peace be upon Abraham.”"},"surah":null},{"id":3898,"surahId":37,"ayatId":110,"ayatNo":"١١٠","pageNo":450,"ayatText":"كَذٰلِكَ نَجْزِي الْمُحْسِنٖينَ","ayatMealText":{"tr":"İşte biz iyilik yapanları böyle mükafatlandırırız.","nl":"Zo belonen Wij de weldoeners.","en":"This is how We reward the good-doers"},"surah":null},{"id":3899,"surahId":37,"ayatId":111,"ayatNo":"١١١","pageNo":450,"ayatText":"اِنَّهُ مِنْ عِبَادِنَا الْمُؤْمِنٖينَ","ayatMealText":{"tr":"Çünkü o bizim mümin kullarımızdandı.","nl":"Voorwaar, hij behoort tot Onze gelovige dienaren.","en":"He was truly one of Our faithful servants"},"surah":null},{"id":3900,"surahId":37,"ayatId":112,"ayatNo":"١١٢","pageNo":450,"ayatText":"وَبَشَّرْنَاهُ بِاِسْحٰقَ نَبِياًّ مِنَ الصَّالِحٖينَ","ayatMealText":{"tr":"Ona bir de salihlerden bir peygamber olmak üzere İshak'ı müjdeledik.","nl":"En Wij verkondigden hem de verheugende tijding over (de geboorte van) Ishâq, als een Profeet van de rechtschapenen.","en":"We ˹later˺ gave him good news of Isaac—a prophet, and one of the righteous"},"surah":null},{"id":3901,"surahId":37,"ayatId":113,"ayatNo":"١١٣","pageNo":450,"ayatText":"وَبَارَكْنَا عَلَيْهِ وَعَلٰٓى اِسْحٰقَؕ وَمِنْ ذُرِّيَّتِهِمَا مُحْسِنٌ وَظَالِمٌ لِنَفْسِهٖ مُبٖينٌࣖ","ayatMealText":{"tr":"Hem ona hem İshak'a bereketler verdik. Her ikisinin neslinden de hem iyilik yapanlar var, hem de açıkça kendi nefsine zulmedenler var.","nl":"En Wij zegenden hem en Ishâq. En onder kun nakomelingen zijn er die weldoener zijn en (ook) die duidelijk onrechtvaardig voor zichzelf zijn.","en":"We blessed him and Isaac as well. Some of their descendants did good, while others clearly wronged themselves"},"surah":null},{"id":3902,"surahId":37,"ayatId":114,"ayatNo":"١١٤","pageNo":450,"ayatText":"وَلَقَدْ مَنَنَّا عَلٰى مُوسٰى وَهٰرُونَۚ","ayatMealText":{"tr":"Andolsun ki biz Musa ile Harun'a da nimetler verdik.","nl":"En voorzeker, Wij hebben Môesa en Hârôen begenadigd.","en":"And We certainly showed favour to Moses and Aaron"},"surah":null},{"id":3903,"surahId":37,"ayatId":115,"ayatNo":"١١٥","pageNo":450,"ayatText":"وَنَجَّيْنَاهُمَا وَقَوْمَهُمَا مِنَ الْكَرْبِ الْعَظٖيمِۚ","ayatMealText":{"tr":"Hem kendilerini ve kavimlerini o büyük sıkıntıdan kurtardık.","nl":"En Wij hebben hen beiden en hun volk gered van de geweldige ramp.","en":"and delivered them and their people from the great distress"},"surah":null},{"id":3904,"surahId":37,"ayatId":116,"ayatNo":"١١٦","pageNo":450,"ayatText":"وَنَصَرْنَاهُمْ فَكَانُوا هُمُ الْغَالِبٖينَۚ","ayatMealText":{"tr":"Hem yardım ettik onlara da, galip gelenler onlar oldular.","nl":"En Wij hielpen hen, waarop zij de overwinnaars werden.","en":"We helped them so it was they who prevailed"},"surah":null},{"id":3905,"surahId":37,"ayatId":117,"ayatNo":"١١٧","pageNo":450,"ayatText":"وَاٰتَيْنَاهُمَا الْكِتَابَ الْمُسْتَبٖينَۚ","ayatMealText":{"tr":"Hem kendilerine o belli kitabı (Tevrat'ı) verdik.","nl":"En Wij gaven hun de verduidelijkende Schrift (de Taurât).","en":"We gave them the clear Scripture"},"surah":null},{"id":3906,"surahId":37,"ayatId":118,"ayatNo":"١١٨","pageNo":450,"ayatText":"وَهَدَيْنَاهُمَا الصِّرَاطَ الْمُسْتَقٖيمَۚ","ayatMealText":{"tr":"Kendilerini doğru yola çıkardık.","nl":"En Wij hebben Hen op het rechte Pad geleid.","en":"and guided them to the Straight Path"},"surah":null},{"id":3907,"surahId":37,"ayatId":119,"ayatNo":"١١٩","pageNo":450,"ayatText":"وَتَرَكْنَا عَلَيْهِمَا فِي الْاٰخِرٖينَ","ayatMealText":{"tr":"Sonrakiler içinde onlara iyi bir nam bıraktık:","nl":"En Wij maakten voor hen (hun goede naam) blijvend onder de lateren.","en":"And We blessed them ˹with honourable mention˺ among later generations"},"surah":null},{"id":3908,"surahId":37,"ayatId":120,"ayatNo":"١٢٠","pageNo":450,"ayatText":"سَلَامٌ عَلٰى مُوسٰى وَهٰرُونَ","ayatMealText":{"tr":"Selam olsun, Musa ile Harun'a.","nl":"Vrede zij met Môcsa en Harôen.","en":"“Peace be upon Moses and Aaron.”"},"surah":null},{"id":3909,"surahId":37,"ayatId":121,"ayatNo":"١٢١","pageNo":450,"ayatText":"اِنَّا كَذٰلِكَ نَجْزِي الْمُحْسِنٖينَ","ayatMealText":{"tr":"İşte biz iyilik yapanları böyle mükafatlandırırız.","nl":"Voorwaar, zo belonen Wij de weldoeners.","en":"Indeed, this is how We reward the good-doers"},"surah":null},{"id":3910,"surahId":37,"ayatId":122,"ayatNo":"١٢٢","pageNo":450,"ayatText":"اِنَّهُمَا مِنْ عِبَادِنَا الْمُؤْمِنٖينَ","ayatMealText":{"tr":"Çünkü onların ikisi de bizim mümin kullarımızdandı.","nl":"Voorwaar, zij behoren tot Onze gelovige dienaren.","en":"They were truly ˹two˺ of Our faithful servants"},"surah":null},{"id":3911,"surahId":37,"ayatId":123,"ayatNo":"١٢٣","pageNo":450,"ayatText":"وَاِنَّ اِلْيَاسَ لَمِنَ الْمُرْسَلٖينَؕ","ayatMealText":{"tr":"Şüphesiz İlyas da gönderilen peygamberlerdendir.","nl":"En voorwaar. Ilyâs behoort zeker tot de Gezondenen.","en":"And Elias was indeed one of the messengers"},"surah":null},{"id":3912,"surahId":37,"ayatId":124,"ayatNo":"١٢٤","pageNo":450,"ayatText":"اِذْ قَالَ لِقَوْمِهٖٓ اَلَا تَتَّقُونَ","ayatMealText":{"tr":"Hani o kavmine: \"Siz Allah'tan korkmaz mısınız? Yaratanların en güzeli olan, sizin de Rabbiniz, daha önceki atalarınızın da Rabbi bulunan Allah'ı bırakıp da \"Ba'l'e\" (Ba'l ismindeki puta) mi yalvarıyorsunuz?\" dedi.","nl":"(Gedenkt) toen hij tot zijn volk zei: \"Vrezen jullie (Allah) niet?","en":"˹Remember˺ when he said to his people, “Will you not fear ˹Allah˺"},"surah":null},{"id":3913,"surahId":37,"ayatId":125,"ayatNo":"١٢٥","pageNo":450,"ayatText":"اَتَدْعُونَ بَعْلاً وَتَذَرُونَ اَحْسَنَ الْخَالِقٖينَۙ","ayatMealText":{"tr":"Hani o kavmine: \"Siz Allah'tan korkmaz mısınız? Yaratanların en güzeli olan, sizin de Rabbiniz, daha önceki atalarınızın da Rabbi bulunan Allah'ı bırakıp da \"Ba'l'e\" (Ba'l ismindeki puta) mi yalvarıyorsunuz?\" dedi.","nl":"Aanbidden jullie Ba'l (een afgod) en verlaten jullie de Beste der Scheppers?","en":"Do you call upon ˹the idol of˺ Ba’l and abandon the Best of Creators—"},"surah":null},{"id":3914,"surahId":37,"ayatId":126,"ayatNo":"١٢٦","pageNo":450,"ayatText":"اَللّٰهَ رَبَّكُمْ وَرَبَّ اٰبَٓائِكُمُ الْاَوَّلٖينَ","ayatMealText":{"tr":"Hani o kavmine: \"Siz Allah'tan korkmaz mısınız? Yaratanların en güzeli olan, sizin de Rabbiniz, daha önceki atalarınızın da Rabbi bulunan Allah'ı bırakıp da \"Ba'l'e\" (Ba'l ismindeki puta) mi yalvarıyorsunuz?\" dedi.","nl":"Allah is jullie Heer en de Heer van jullie voorvaderen.\"","en":"Allah, your Lord and the Lord of your forefathers?”"},"surah":null}]}