{"juzNo":23,"pageNo":451,"arCuzNo":"۲۳","arPageNo":"٤٥۱","quranAyats":[{"id":3915,"surahId":37,"ayatId":127,"ayatNo":"١٢٧","pageNo":451,"ayatText":"فَكَذَّبُوهُ فَاِنَّهُمْ لَمُحْضَرُونَۙ","ayatMealText":{"tr":"Fakat onlar, onu yalanladılar. Bu yüzden onlar mutlaka (cehennemde) hazır bulundurulacaklardır.","nl":"Toen loochenden zij hem, daarom worden zij zeker voorgeleiden (voor de bestraffing).","en":"But they rejected him, so they will certainly be brought ˹for punishment˺"},"surah":{"surahId":37,"name":"Sâffât","nameAr":"الصَّاۤفَّاتِ","revelationOrder":56,"verseCount":182,"juzNo":23,"firstPage":446}},{"id":3916,"surahId":37,"ayatId":128,"ayatNo":"١٢٨","pageNo":451,"ayatText":"اِلَّا عِبَادَ اللّٰهِ الْمُخْلَصٖينَ","ayatMealText":{"tr":"Ancak Allah'ın ihlaslı kulları müstesna.","nl":"Behalve de dienaren van Allah die zuiver in hun aanbidding zijn.","en":"But not the chosen servants of Allah"},"surah":null},{"id":3917,"surahId":37,"ayatId":129,"ayatNo":"١٢٩","pageNo":451,"ayatText":"وَتَرَكْنَا عَلَيْهِ فِي الْاٰخِرٖينَ","ayatMealText":{"tr":"Ona da sonrakiler içinde şunu bıraktık:","nl":"En Wij maakten voor hem (zijn goede naam) blijvend onder de lateren.","en":"We blessed him ˹with honourable mention˺ among later generations"},"surah":null},{"id":3918,"surahId":37,"ayatId":130,"ayatNo":"١٣٠","pageNo":451,"ayatText":"سَلَامٌ عَلٰٓى اِلْ يَاسٖينَ","ayatMealText":{"tr":"Selam olsun İlyâsîn'e.","nl":"Vrede zij met Ilyâs.","en":"“Peace be upon Elias.”"},"surah":null},{"id":3919,"surahId":37,"ayatId":131,"ayatNo":"١٣١","pageNo":451,"ayatText":"اِنَّا كَذٰلِكَ نَجْزِي الْمُحْسِنٖينَ","ayatMealText":{"tr":"İşte biz iyilik yapanları böyle mükafatlandırırız.","nl":"Voorwaar, zo belonen wij de weldoeners.","en":"Indeed, this is how We reward the good-doers"},"surah":null},{"id":3920,"surahId":37,"ayatId":132,"ayatNo":"١٣٢","pageNo":451,"ayatText":"اِنَّهُ مِنْ عِبَادِنَا الْمُؤْمِنٖينَ","ayatMealText":{"tr":"Çünkü o bizim mümin kullarımızdandı.","nl":"Voorwaar, hij behoort tot Onze gelovige dienaren.","en":"He was truly one of Our faithful servants"},"surah":null},{"id":3921,"surahId":37,"ayatId":133,"ayatNo":"١٣٣","pageNo":451,"ayatText":"وَاِنَّ لُوطاً لَمِنَ الْمُرْسَلٖينَؕ","ayatMealText":{"tr":"Şüphesiz Lût da gönderilen peygamberlerdendir.","nl":"En voorwaar, Lôeth behoort zeker tot de gezondenen.","en":"And Lot was indeed one of the messengers"},"surah":null},{"id":3922,"surahId":37,"ayatId":134,"ayatNo":"١٣٤","pageNo":451,"ayatText":"اِذْ نَجَّيْنَاهُ وَاَهْلَـهُٓ اَجْمَعٖينَۙ","ayatMealText":{"tr":"Hani biz onu ve ailesinin tamamını kurtarmıştık.","nl":"(Gedenk) toen Wij hem en zijn volgelingen allen hebben gered.","en":"˹Remember˺ when We delivered him and all of his family"},"surah":null},{"id":3923,"surahId":37,"ayatId":135,"ayatNo":"١٣٥","pageNo":451,"ayatText":"اِلَّا عَجُوزاً فِي الْغَابِرٖينَ","ayatMealText":{"tr":"Ancak geride kalıp batanlar içinde kalan yaşlı bir kadın hariç.","nl":"Behalve een vrouw (zijn echtgenote) die tot de achterblijvers behoorde.","en":"except an old woman, who was one of the doomed"},"surah":null},{"id":3924,"surahId":37,"ayatId":136,"ayatNo":"١٣٦","pageNo":451,"ayatText":"ثُمَّ دَمَّرْنَا الْاٰخَرٖينَ","ayatMealText":{"tr":"Sonra diğerlerini helak etmiştik.","nl":"Vervolgens vernietigden Wij de overigen.","en":"Then We ˹utterly˺ destroyed the rest"},"surah":null},{"id":3925,"surahId":37,"ayatId":137,"ayatNo":"١٣٧","pageNo":451,"ayatText":"وَاِنَّكُمْ لَتَمُرُّونَ عَلَيْهِمْ مُصْبِحٖينَۙ","ayatMealText":{"tr":"Ve siz elbette sabahleyin ve geceleyin onlara uğrar ve üzerlerinden geçersiniz. Hâlâ akıl edip düşünmez misiniz?","nl":"En voorwaar, jullie gaan in de ochtend aan hen (de ruïnes van hun steden) voorbij.","en":"You ˹Meccans˺ certainly pass by their ruins day"},"surah":null},{"id":3926,"surahId":37,"ayatId":138,"ayatNo":"١٣٨","pageNo":451,"ayatText":"وَبِالَّيْلِؕ اَفَلَا تَعْقِلُونَࣖ","ayatMealText":{"tr":"Ve siz elbette sabahleyin ve geceleyin onlara uğrar ve üzerlerinden geçersiniz. Hâlâ akıl edip düşünmez misiniz?","nl":"En ook in de nacht, denken jullie dan niet na?","en":"and night. Will you not then understand"},"surah":null},{"id":3927,"surahId":37,"ayatId":139,"ayatNo":"١٣٩","pageNo":451,"ayatText":"وَاِنَّ يُونُسَ لَمِنَ الْمُرْسَلٖينَؕ","ayatMealText":{"tr":"Şüphesiz Yunus da gönderilen peygamberlerdendir.","nl":"En voorwaar, Yôenoes behoort zeker tot de gezondenen.","en":"And Jonah was indeed one of the messengers"},"surah":null},{"id":3928,"surahId":37,"ayatId":140,"ayatNo":"١٤٠","pageNo":451,"ayatText":"اِذْ اَبَقَ اِلَى الْفُلْكِ الْمَشْحُونِۙ","ayatMealText":{"tr":"Hani o bir zaman dolu bir gemiye kaçmıştı.","nl":"(Gedenkt) toen hij wegliep naar het volgeladen schip.","en":"˹Remember˺ when he fled to the overloaded ship"},"surah":null},{"id":3929,"surahId":37,"ayatId":141,"ayatNo":"١٤١","pageNo":451,"ayatText":"فَسَاهَمَ فَكَانَ مِنَ الْمُدْحَضٖينَۚ","ayatMealText":{"tr":"(Oradakilerle) kur'a çekmiş de kaydırılanlardan (yenilenlerden) olmuştu.","nl":"Toen lootte hij (om een plaats erop) en bij behoorde daarop tot de verliezers.","en":"Then ˹to save it from sinking,˺ he drew straws ˹with other passengers˺. He lost ˹and was thrown overboard˺"},"surah":null},{"id":3930,"surahId":37,"ayatId":142,"ayatNo":"١٤٢","pageNo":451,"ayatText":"فَالْتَقَمَهُ الْحُوتُ وَهُوَ مُلٖيمٌ","ayatMealText":{"tr":"Derken (denize atılmış ve) kendisini balık yutmuştu. (Kendi nefsini) kınıyordu.","nl":"Toen slokte de vis hem op en hij verweet zichzelf.","en":"Then the whale engulfed him while he was blameworthy"},"surah":null},{"id":3931,"surahId":37,"ayatId":143,"ayatNo":"١٤٣","pageNo":451,"ayatText":"فَلَوْلَٓا اَنَّهُ كَانَ مِنَ الْمُسَبِّحٖينَۙ","ayatMealText":{"tr":"Eğer çok tesbih edenlerden olmasaydı, yeniden dirilecekleri güne kadar onun karnında kalırdı.","nl":"En als hij niet tot degenen die de Glorie van Allah prezen behoord had.","en":"Had he not ˹constantly˺ glorified ˹Allah˺"},"surah":null},{"id":3932,"surahId":37,"ayatId":144,"ayatNo":"١٤٤","pageNo":451,"ayatText":"لَلَبِثَ فٖي بَطْنِهٖٓ اِلٰى يَوْمِ يُبْعَثُونَ","ayatMealText":{"tr":"Eğer çok tesbih edenlerden olmasaydı, yeniden dirilecekleri güne kadar onun karnında kalırdı.","nl":"Zou hij zeker in zijn buik zijn gebleven, tot de Dag waarop zij worden opgewekt.","en":"he would have certainly remained in its belly until the Day of Resurrection"},"surah":null},{"id":3933,"surahId":37,"ayatId":145,"ayatNo":"١٤٥","pageNo":451,"ayatText":"فَنَبَذْنَاهُ بِالْعَرَٓاءِ وَهُوَ سَقٖيمٌۚ","ayatMealText":{"tr":"Biz onu hasta bir halde bir alana çıkardık.","nl":"Toen wierpen Wij hem eruit, op een kale vlakte, en hij was ziek.","en":"But We cast him onto the open ˹shore˺, ˹totally˺ worn out"},"surah":null},{"id":3934,"surahId":37,"ayatId":146,"ayatNo":"١٤٦","pageNo":451,"ayatText":"وَاَنْبَتْنَا عَلَيْهِ شَجَرَةً مِنْ يَقْطٖينٍۚ","ayatMealText":{"tr":"Üzerine kabak cinsinden bir ağaç bitirdik.","nl":"En Wij deden over hem een boom groeien met veel bladeren.","en":"and caused a squash plant to grow over him"},"surah":null},{"id":3935,"surahId":37,"ayatId":147,"ayatNo":"١٤٧","pageNo":451,"ayatText":"وَاَرْسَلْنَاهُ اِلٰى مِائَةِ اَلْفٍ اَوْ يَزٖيدُونَۚ","ayatMealText":{"tr":"Biz onu (Yunus'u) yüz bin veya daha çok insana peygamber olarak gönderdik.","nl":"En Wij zonden hem naar een honderdduizendtal (volgelingen) of meer.","en":"We ˹later˺ sent him ˹back˺ to ˹his city of˺ at least one hundred thousand people"},"surah":null},{"id":3936,"surahId":37,"ayatId":148,"ayatNo":"١٤٨","pageNo":451,"ayatText":"فَاٰمَنُوا فَمَتَّعْنَاهُمْ اِلٰى حٖينٍؕ","ayatMealText":{"tr":"O zaman ona iman ettiler de biz onları bir zamana kadar yaşattık.","nl":"Daarop geloofden zij en Wij schonken hun genietingen, voor een bepaalde tijd.","en":"who then believed ˹in him˺, so We allowed them enjoyment for a while"},"surah":null},{"id":3937,"surahId":37,"ayatId":149,"ayatNo":"١٤٩","pageNo":451,"ayatText":"فَاسْتَفْتِهِمْ اَلِرَبِّكَ الْبَنَاتُ وَلَهُمُ الْبَنُونَۙ","ayatMealText":{"tr":"Şimdi sor o seninkilere: Kızlar, Rabbinin de, oğlanlar onların mı?","nl":"Vraag hen (de ongelovigen), of voor jouw Heer de dochters zijn en voor hen de zonen.","en":"Ask them ˹O Prophet˺ if your Lord has daughters, while the pagans ˹prefer to˺ have sons"},"surah":null},{"id":3938,"surahId":37,"ayatId":150,"ayatNo":"١٥٠","pageNo":451,"ayatText":"اَمْ خَلَقْنَا الْمَلٰٓئِكَةَ اِنَاثاً وَهُمْ شَاهِدُونَ","ayatMealText":{"tr":"Yoksa biz melekleri dişi yaratmışız da onlar şahit mi bulunuyorlarmış?","nl":"Hebben Wij de Engelen als vrouwen geschapen en waren zij getuigen?","en":"Or ˹ask them˺ if We created the angels as females right before their eyes"},"surah":null},{"id":3939,"surahId":37,"ayatId":151,"ayatNo":"١٥١","pageNo":451,"ayatText":"اَلَٓا اِنَّهُمْ مِنْ اِفْكِهِمْ لَيَقُولُونَۙ","ayatMealText":{"tr":"Ha!.. Onlar, şüphesiz uydurdukları iftiralarından dolayı: \"Allah doğurdu\" derler. Hiç şüphesiz onlar, yalancıdırlar.","nl":"Weet dat zij wegens hun verzonnen leugens zeker zullen zeggen:","en":"Indeed, it is one of their ˹outrageous˺ fabrications to say"},"surah":null},{"id":3940,"surahId":37,"ayatId":152,"ayatNo":"١٥٢","pageNo":451,"ayatText":"وَلَدَ اللّٰهُۙ وَاِنَّهُمْ لَكَاذِبُونَ","ayatMealText":{"tr":"Ha!.. Onlar, şüphesiz uydurdukları iftiralarından dolayı: \"Allah doğurdu\" derler. Hiç şüphesiz onlar, yalancıdırlar.","nl":"\"Allah heeft kinderen verwekt.\" Voorwaar, zij zijn zeker leugenaars.","en":"“Allah has children.” They are simply liars"},"surah":null},{"id":3941,"surahId":37,"ayatId":153,"ayatNo":"١٥٣","pageNo":451,"ayatText":"اَصْطَفَى الْبَنَاتِ عَلَى الْبَنٖينَؕ","ayatMealText":{"tr":"(Allah) kızları oğullara tercih mi etmiş?","nl":"Heeft Hij dochters verkozen boven zonen?","en":"Has He chosen daughters over sons"},"surah":null}]}