{"juzNo":23,"pageNo":452,"arCuzNo":"۲۳","arPageNo":"٤٥۲","quranAyats":[{"id":3942,"surahId":37,"ayatId":154,"ayatNo":"١٥٤","pageNo":452,"ayatText":"مَا لَكُمْࣞ كَيْفَ تَحْكُمُونَ","ayatMealText":{"tr":"Size ne oldu? Nasıl hükmediyorsunuz?","nl":"Wat is er met jullie? Hoe beoordelen jullie?","en":"What is the matter with you? How do you judge"},"surah":{"surahId":37,"name":"Sâffât","nameAr":"الصَّاۤفَّاتِ","revelationOrder":56,"verseCount":182,"juzNo":23,"firstPage":446}},{"id":3943,"surahId":37,"ayatId":155,"ayatNo":"١٥٥","pageNo":452,"ayatText":"اَفَلَا تَذَكَّرُونَۚ","ayatMealText":{"tr":"Hiç düşünmüyor musunuz?","nl":"Laten jullie je dan in iet vermanen?","en":"Will you not then be mindful"},"surah":null},{"id":3944,"surahId":37,"ayatId":156,"ayatNo":"١٥٦","pageNo":452,"ayatText":"اَمْ لَكُمْ سُلْطَانٌ مُبٖينٌۙ","ayatMealText":{"tr":"Yoksa sizin için açık bir delil mi var?","nl":"Of beschikken jullie over een duidelijk bewijs?","en":"Or do you have ˹any˺ compelling proof"},"surah":null},{"id":3945,"surahId":37,"ayatId":157,"ayatNo":"١٥٧","pageNo":452,"ayatText":"فَأْتُوا بِكِتَابِكُمْ اِنْ كُنْتُمْ صَادِقٖينَ","ayatMealText":{"tr":"O halde, eğer doğru söylüyorsanız getirin kitabınızı.","nl":"Brengt dan jullie boek, als jullie waarachtigen zijn!","en":"Then bring ˹us˺ your scripture, if what you say is true"},"surah":null},{"id":3946,"surahId":37,"ayatId":158,"ayatNo":"١٥٨","pageNo":452,"ayatText":"وَجَعَلُوا بَيْنَهُ وَبَيْنَ الْجِنَّةِ نَسَباًؕ وَلَقَدْ عَلِمَتِ الْجِنَّةُ اِنَّهُمْ لَمُحْضَرُونَۙ","ayatMealText":{"tr":"Onlar, Allah ile cinler arasında bir neseb (hısımlık bağı) uydurdular. Oysa andolsun cinler bilirler ki, o yalancılar mutlaka cehenneme götürüleceklerdir.","nl":"En zij verzinnen verwantschap tussen Hem en de Djinn's. En voorzeker, de Djinn's weten dat zij de voorgeleiden zullen zijn.","en":"They have also established a ˹marital˺ relationship between Him and the jinn. Yet the jinn ˹themselves˺ know well that such people will certainly be brought ˹for punishment˺"},"surah":null},{"id":3947,"surahId":37,"ayatId":159,"ayatNo":"١٥٩","pageNo":452,"ayatText":"سُبْحَانَ اللّٰهِ عَمَّا يَصِفُونَۙ","ayatMealText":{"tr":"Allah, onların yakıştırdıkları vasıflardan münezzeh ve yücedir.","nl":"Heilig is Allah boven wat zij toeschrijven.","en":"Glorified is Allah far above what they claim"},"surah":null},{"id":3948,"surahId":37,"ayatId":160,"ayatNo":"١٦٠","pageNo":452,"ayatText":"اِلَّا عِبَادَ اللّٰهِ الْمُخْلَصٖينَ","ayatMealText":{"tr":"Fakat Allah'ın ihlas ile seçilen kulları başka (onlar, Allah'ı böyle şirk ile vasıflamazlar).","nl":"Behalve de dienaren van Allah die Hem zuiver aanbidden.","en":"But not the chosen servants of Allah"},"surah":null},{"id":3949,"surahId":37,"ayatId":161,"ayatNo":"١٦١","pageNo":452,"ayatText":"فَاِنَّكُمْ وَمَا تَعْبُدُونَۙ","ayatMealText":{"tr":"Çünkü siz ve taptıklarınız, kendiliğinden cehenneme saldıran kimseden başkasını, Allah'a karşı kandırıp, saptıramazsınız.","nl":"Voorwaar jullie en wat jullie aanbidden.","en":"Surely you ˹pagans˺ and whatever ˹idols˺ you worship"},"surah":null},{"id":3950,"surahId":37,"ayatId":162,"ayatNo":"١٦٢","pageNo":452,"ayatText":"مَٓا اَنْتُمْ عَلَيْهِ بِفَاتِنٖينَۙ","ayatMealText":{"tr":"Çünkü siz ve taptıklarınız, kendiliğinden cehenneme saldıran kimseden başkasını, Allah'a karşı kandırıp, saptıramazsınız.","nl":"Jullie kunnen niemand tegen (het plan van) Hem te doen dwalen.","en":"can never lure ˹anyone˺ away from Him"},"surah":null},{"id":3951,"surahId":37,"ayatId":163,"ayatNo":"١٦٣","pageNo":452,"ayatText":"اِلَّا مَنْ هُوَ صَالِ الْجَحٖيمِ","ayatMealText":{"tr":"Çünkü siz ve taptıklarınız, kendiliğinden cehenneme saldıran kimseden başkasını, Allah'a karşı kandırıp, saptıramazsınız.","nl":"Behalve degene die Djahîm (de Hel) binnengaat.","en":"except those ˹destined˺ to burn in Hell"},"surah":null},{"id":3952,"surahId":37,"ayatId":164,"ayatNo":"١٦٤","pageNo":452,"ayatText":"وَمَا مِنَّٓا اِلَّا لَهُ مَقَامٌ مَعْلُومٌ","ayatMealText":{"tr":"(Melekler): \"Bizden her birimizin belli bir makamı vardır. Biziz o saf saf dizilenler, biziz! Biziz o tesbih edenler, biziz!\" derler.","nl":"(De Engelen zeggen:) \"En er is niemand van ons, of er is voor hem een bekende plaats.","en":"˹The angels respond,˺ “There is not one of us without an assigned station ˹of worship˺"},"surah":null},{"id":3953,"surahId":37,"ayatId":165,"ayatNo":"١٦٥","pageNo":452,"ayatText":"وَاِنَّا لَنَحْنُ الصَّٓافُّونَۚ","ayatMealText":{"tr":"(Melekler): \"Bizden her birimizin belli bir makamı vardır. Biziz o saf saf dizilenler, biziz! Biziz o tesbih edenler, biziz!\" derler.","nl":"En voorwaar, wij zijn degenen die in rijen staan.","en":"We are indeed the ones lined up in ranks ˹for Allah˺"},"surah":null},{"id":3954,"surahId":37,"ayatId":166,"ayatNo":"١٦٦","pageNo":452,"ayatText":"وَاِنَّا لَنَحْنُ الْمُسَبِّحُونَ","ayatMealText":{"tr":"(Melekler): \"Bizden her birimizin belli bir makamı vardır. Biziz o saf saf dizilenler, biziz! Biziz o tesbih edenler, biziz!\" derler.","nl":"En voorwaar, wij zijn zeker degenen die de Glorie van Allah prijzen.\"","en":"And we are indeed the ones ˹constantly˺ glorifying ˹His praise˺.”"},"surah":null},{"id":3955,"surahId":37,"ayatId":167,"ayatNo":"١٦٧","pageNo":452,"ayatText":"وَاِنْ كَانُوا لَيَقُولُونَۙ","ayatMealText":{"tr":"(Müşrikler) şöyle diyorlardı: \"Eğer yanımızda önceki (ümmet)lerden bir kitap olsaydı, elbette biz de Allah'ın ihlas ile seçilmiş kullarından olurduk.\"","nl":"En zij (de ongelovigen) zullen zeker zeggen:","en":"They certainly used to say"},"surah":null},{"id":3956,"surahId":37,"ayatId":168,"ayatNo":"١٦٨","pageNo":452,"ayatText":"لَوْ اَنَّ عِنْدَنَا ذِ كْراً مِنَ الْاَوَّلٖينَۙ","ayatMealText":{"tr":"(Müşrikler) şöyle diyorlardı: \"Eğer yanımızda önceki (ümmet)lerden bir kitap olsaydı, elbette biz de Allah'ın ihlas ile seçilmiş kullarından olurduk.\"","nl":"\"Als wij over een Vermaning van de vruegeren hadden beschikt,","en":"“If only we had a Reminder like ˹those of˺ earlier peoples"},"surah":null},{"id":3957,"surahId":37,"ayatId":169,"ayatNo":"١٦٩","pageNo":452,"ayatText":"لَكُنَّا عِبَادَ اللّٰهِ الْمُخْلَصٖينَ","ayatMealText":{"tr":"(Müşrikler) şöyle diyorlardı: \"Eğer yanımızda önceki (ümmet)lerden bir kitap olsaydı, elbette biz de Allah'ın ihlas ile seçilmiş kullarından olurduk.\"","nl":"Dan zouden wij zeker tot de dienaren van Allah die Hem zuiver aanbidden hebben behoord.\"","en":"we would have truly been Allah’s devoted servants.”"},"surah":null},{"id":3958,"surahId":37,"ayatId":170,"ayatNo":"١٧٠","pageNo":452,"ayatText":"فَكَفَرُوا بِهٖۚ فَسَوْفَ يَعْلَمُونَ","ayatMealText":{"tr":"Fakat şimdi onu inkâr ettiler. Ama ilerde bileceklerdir.","nl":"Maar zij verwierpen hem (de Koran), daarom zullen zij het weten.","en":"But ˹now˺ they reject it, so they will soon know"},"surah":null},{"id":3959,"surahId":37,"ayatId":171,"ayatNo":"١٧١","pageNo":452,"ayatText":"وَلَقَدْ سَبَقَتْ كَلِمَتُنَا لِعِبَادِنَا الْمُرْسَلٖينَۚ","ayatMealText":{"tr":"Andolsun ki peygamberlikle gönderilen kullarımız hakkında şu sözümüz geçmiştir: \"Onlar var ya, elbette onlar muzaffer olacaklardır ve elbette bizim ordularımız mutlaka galip geleceklerdir.\"","nl":"En voorzeker, Ons Woord is voorafgegaan aan Onze gezonden dienaren.","en":"Our Word has already gone forth to Our servants, the messengers"},"surah":null},{"id":3960,"surahId":37,"ayatId":172,"ayatNo":"١٧٢","pageNo":452,"ayatText":"اِنَّهُمْ لَهُمُ الْمَنْصُورُونَࣕ","ayatMealText":{"tr":"Andolsun ki peygamberlikle gönderilen kullarımız hakkında şu sözümüz geçmiştir: \"Onlar var ya, elbette onlar muzaffer olacaklardır ve elbette bizim ordularımız mutlaka galip geleceklerdir.\"","nl":"Voorwaar, zij zijn het die zeker geholpen zullen worden.","en":"that they would surely be helped"},"surah":null},{"id":3961,"surahId":37,"ayatId":173,"ayatNo":"١٧٣","pageNo":452,"ayatText":"وَاِنَّ جُنْدَنَا لَهُمُ الْغَالِبُونَ","ayatMealText":{"tr":"Andolsun ki peygamberlikle gönderilen kullarımız hakkında şu sözümüz geçmiştir: \"Onlar var ya, elbette onlar muzaffer olacaklardır ve elbette bizim ordularımız mutlaka galip geleceklerdir.\"","nl":"Voorwaar, zij zijn Onze legers die zeker de overwinnaars zullen zijn.","en":"and that Our forces will certainly prevail"},"surah":null},{"id":3962,"surahId":37,"ayatId":174,"ayatNo":"١٧٤","pageNo":452,"ayatText":"فَتَوَلَّ عَنْهُمْ حَتّٰى حٖينٍۙ","ayatMealText":{"tr":"Onun için sen, bir süreye kadar onlardan yüz çevir.","nl":"Wend je (O Moehammad) dan voor een bepaalde tijd van hen (de gelovigen) af.","en":"So turn away from the deniers for a while ˹O Prophet˺"},"surah":null},{"id":3963,"surahId":37,"ayatId":175,"ayatNo":"١٧٥","pageNo":452,"ayatText":"وَاَبْصِرْهُمْ فَسَوْفَ يُبْصِرُونَ","ayatMealText":{"tr":"Onlara (inecek azabı) gözetle. Yakında onlar da göreceklerdir.","nl":"En kijk naar hen, zij zullen spoedig (de gevolgen) zien.","en":"You will see ˹what will happen to˺ them, and they too will see"},"surah":null},{"id":3964,"surahId":37,"ayatId":176,"ayatNo":"١٧٦","pageNo":452,"ayatText":"اَفَبِعَذَابِنَا يَسْتَعْجِلُونَ","ayatMealText":{"tr":"Ya şimdi onlar, bizim azabımıza uğramakta acele mi ediyorlar?","nl":"Vragen zij dan Onze bestraffing te bespoedigen?","en":"Do they ˹really˺ wish to hasten Our punishment"},"surah":null},{"id":3965,"surahId":37,"ayatId":177,"ayatNo":"١٧٧","pageNo":452,"ayatText":"فَاِذَا نَزَلَ بِسَاحَتِهِمْ فَسَٓاءَ صَبَاحُ الْمُنْذَرٖينَ","ayatMealText":{"tr":"Fakat (azabımız) onların sahasına indiği zaman, (o acı sonuçla) uyarılanların sabahı ne kötüdür!","nl":"Als dan (de bestraffing) neerdaalt op hun erven, dat is dan de slechtste ochtend voor de gewaarschuwden.","en":"Yet when it descends upon them: how evil will that morning be for those who had been warned"},"surah":null},{"id":3966,"surahId":37,"ayatId":178,"ayatNo":"١٧٨","pageNo":452,"ayatText":"وَتَوَلَّ عَنْهُمْ حَتّٰى حٖينٍۙ","ayatMealText":{"tr":"Yine sen, bir süreye kadar onlardan yüz çevir.","nl":"En wend je van hen af voor een bepaalde tijd.","en":"And turn away from them for a while"},"surah":null},{"id":3967,"surahId":37,"ayatId":179,"ayatNo":"١٧٩","pageNo":452,"ayatText":"وَاَبْصِرْ فَسَوْفَ يُبْصِرُونَ","ayatMealText":{"tr":"(İnecek azabı) gözetle! Yakında onlar da göreceklerdir.","nl":"En kijk, spoedig zullen zij (de bestraffing) zien.","en":"You will see, and they too will see"},"surah":null},{"id":3968,"surahId":37,"ayatId":180,"ayatNo":"١٨٠","pageNo":452,"ayatText":"سُبْحَانَ رَبِّكَ رَبِّ الْعِزَّةِ عَمَّا يَصِفُونَۚ","ayatMealText":{"tr":"Senin güç ve kuvvet sahibi Rabbin, onların yakıştırdıkları vasıflardan münezzeh ve yücedir.","nl":"Heilig is jouw Heer, de Heer van de Almacht, boven wat zij toeschrijven.","en":"Glorified is your Lord—the Lord of Honour and Power—above what they claim"},"surah":null},{"id":3969,"surahId":37,"ayatId":181,"ayatNo":"١٨١","pageNo":452,"ayatText":"وَسَلَامٌ عَلَى الْمُرْسَلٖينَۚ","ayatMealText":{"tr":"Gönderilen bütün peygamberlere selam olsun.","nl":"En vrede zij met de gezondenen.","en":"Peace be upon the messengers"},"surah":null},{"id":3970,"surahId":37,"ayatId":182,"ayatNo":"١٨٢","pageNo":452,"ayatText":"وَالْحَمْدُ لِلّٰهِ رَبِّ الْعَالَمٖينَ","ayatMealText":{"tr":"Hamd, âlemlerin Rabbi Allah'a mahsustur.","nl":"En alle lof zij Allah, de Heer der Werelden.","en":"And praise be to Allah—Lord of all worlds"},"surah":null}]}