{"juzNo":23,"pageNo":453,"arCuzNo":"۲۳","arPageNo":"٤٥۳","quranAyats":[{"id":3971,"surahId":38,"ayatId":1,"ayatNo":"١","pageNo":453,"ayatText":"صٓ وَالْقُرْاٰنِ ذِي الذِّ كْرِؕ","ayatMealText":{"tr":"Sâd. Bu zikirle dolu Kur'ân'a bak!","nl":"Shâd. Bij de Koran, bezitter van eer.","en":"Ṣãd. By the Quran, full of reminders"},"surah":{"surahId":38,"name":"Sâd","nameAr":"صۤ","revelationOrder":38,"verseCount":88,"juzNo":23,"firstPage":453}},{"id":3972,"surahId":38,"ayatId":2,"ayatNo":"٢","pageNo":453,"ayatText":"بَلِ الَّذٖينَ كَفَرُوا فٖي عِزَّةٍ وَشِقَاقٍ","ayatMealText":{"tr":"O inkâr edenler bir gurur ve ayrılık içindedirler.","nl":"Maar degenen die ongelovig zijn., verkeren in eigendunk en opstandigheid.","en":"˹This is the truth,˺ yet the disbelievers are ˹entrenched˺ in arrogance and opposition"},"surah":null},{"id":3973,"surahId":38,"ayatId":3,"ayatNo":"٣","pageNo":453,"ayatText":"كَمْ اَهْلَكْنَا مِنْ قَبْلِهِمْ مِنْ قَرْنٍ فَنَادَوْا وَلَاتَ حٖينَ مَنَاصٍ","ayatMealText":{"tr":"Kendilerinden önce nicelerini helak ettik. Onlar çağrıştılar. Ama artık kurtuluş vakti değildi.","nl":"Hoeveelgeneraties vóór hen hebben Wij niet vernietigd, die toen (tot Ons) riepen. Die tijd was niet de tijd om te vluchten.","en":"˹Imagine˺ how many peoples We destroyed before them, and they cried out when it was too late to escape"},"surah":null},{"id":3974,"surahId":38,"ayatId":4,"ayatNo":"٤","pageNo":453,"ayatText":"وَعَجِبُٓوا اَنْ جَٓاءَهُمْ مُنْذِرٌ مِنْهُمْؗ وَقَالَ الْكَافِرُونَ هٰذَا سَاحِرٌ كَذَّابٌۚ","ayatMealText":{"tr":"İçlerinden kendilerine uyarıcı bir peygamber geldiğine şaştılar da kâfirler: \"Bu bir sihirbazdır, yalancıdır\" dediler.","nl":"En zij verbaasden zich dat er om waarschuwer uit hun midden tot hen was gekomen. En de ongelovigen zeiden: \"Dit is een liegende tovenaar!","en":"Now, the pagans are astonished that a warner has come to them from among themselves. And the disbelievers say, “This is a magician, a total liar"},"surah":null},{"id":3975,"surahId":38,"ayatId":5,"ayatNo":"٥","pageNo":453,"ayatText":"اَجَعَلَ الْاٰلِهَةَ اِلٰهاً وَاحِداًۚ اِنَّ هٰذَا لَشَيْءٌ عُجَابٌ","ayatMealText":{"tr":"\"İlâhları, bir tek ilâh mı kılmış? Bu gerçekten şaşılacak bir şey, çok tuhaf!\"","nl":"Heeft hij de goden tot één God gernaakt? Voorwaar, dit is zeker een verbazingwekkend iets.\"","en":"Has he reduced ˹all˺ the gods to One God? Indeed, this is something totally astonishing.”"},"surah":null},{"id":3976,"surahId":38,"ayatId":6,"ayatNo":"٦","pageNo":453,"ayatText":"وَانْطَلَقَ الْمَلَأُ مِنْهُمْ اَنِ امْشُوا وَاصْبِرُوا عَلٰٓى اٰلِهَتِكُمْۚ اِنَّ هٰذَا لَشَيْءٌ يُرَادُۚ","ayatMealText":{"tr":"İçlerinden ileri gelenler fırladılar ve dediler ki: \"İlâhlarınız üzerinde sabır ve sebat edin. Bu, gerçekten arzu edilen bir murad!\"","nl":"En de vooranstaanden onder hen gingen weg (zeggend:) \"Ga door en wees geduldig met (de aanbidding van) jullie goden. Voorwaar, dat (van Moehammad) is zeker iets dat (tegen jullie) bedoeld is.","en":"The chiefs among them went forth saying, “Carry on, and stand firm in devotion to your gods. Certainly this is just a scheme ˹for power˺"},"surah":null},{"id":3977,"surahId":38,"ayatId":7,"ayatNo":"٧","pageNo":453,"ayatText":"مَا سَمِعْنَا بِهٰذَا فِي الْمِلَّةِ الْاٰخِرَةِۚ اِنْ هٰذَٓا اِلَّا اخْتِلَاقٌۚ","ayatMealText":{"tr":"\"Biz bunu başka bir dinde işitmedik, bu mutlaka bir uydurmadır.\"","nl":"En wij hebben hierover niets gehoord in de laatste godsdienst. Dit is niets dan een verzinsel.\"","en":"We have never heard of this in the previous faith. This is nothing but a fabrication"},"surah":null},{"id":3978,"surahId":38,"ayatId":8,"ayatNo":"٨","pageNo":453,"ayatText":"ءَاُنْزِلَ عَلَيْهِ الذِّكْرُ مِنْ بَيْنِنَاؕ بَلْ هُمْ فٖي شَكٍّ مِنْ ذِ كْرٖيۚ بَلْ لَمَّا يَذُوقُوا عَذَابِؕ","ayatMealText":{"tr":"\"Kur'ân aramızdan ona mı indirilmiş?\" dediler. Doğrusu onlar benim Kur'ân'ımdan bir kuşku içindeler. Ve doğrusu onlar henüz azabımı tatmadılar.","nl":"Is aan hem uit Ons midden de Vermaning neergezonden? Nee! Zij verkeren in twijfel over Mijn Vermaning. Nee! Zij hebben de bestraffing nog niet geproefd.","en":"Has the Reminder been revealed ˹only˺ to him out of ˹all of˺ us?” In fact, they are ˹only˺ in doubt of My ˹revealed˺ Reminder. In fact, ˹they do so because˺ they have not yet tasted My punishment"},"surah":null},{"id":3979,"surahId":38,"ayatId":9,"ayatNo":"٩","pageNo":453,"ayatText":"اَمْ عِنْدَهُمْ خَزَٓائِنُ رَحْمَةِ رَبِّكَ الْعَزٖيزِ الْوَهَّابِۚ","ayatMealText":{"tr":"Yoksa sana o Kur'ân'ı veren çok güçlü ve ihsan sahibi Rabbinin hazineleri onların yanında mı?","nl":"Of zijn bij ben de schatten van de Barmhartigheid van jouw Heer, de Almachtig, de Schenker?","en":"Or ˹is it because˺ they possess the treasuries of the mercy of your Lord—the Almighty, the Giver ˹of all bounties˺"},"surah":null},{"id":3980,"surahId":38,"ayatId":10,"ayatNo":"١٠","pageNo":453,"ayatText":"اَمْ لَهُمْ مُلْكُ السَّمٰوَاتِ وَالْاَرْضِ وَمَا بَيْنَهُمَاࣞ فَلْيَرْتَقُوا فِي الْاَسْبَابِ","ayatMealText":{"tr":"Yoksa bütün o göklerin, yerin ve aralarındakilerin mülkü onların mı? Öyle ise bütün imkanlarını seferber ederek yükselsinler de görelim!","nl":"Of behoort aan hèn het koninkrijk van de hemelen en de aarde en wat daartussen is? Laten zij dan langs de ladders omhoog klimmen!","en":"Or ˹is it because˺ the kingdom of the heavens and the earth and everything in between belongs to them? Let them then climb their way ˹to heaven, if their claim is true˺"},"surah":null},{"id":3981,"surahId":38,"ayatId":11,"ayatNo":"١١","pageNo":453,"ayatText":"جُنْدٌ مَا هُنَالِكَ مَهْزُومٌ مِنَ الْاَحْزَابِ","ayatMealText":{"tr":"Onlar burada çeşitli partilerden (gruplardan) bozguna uğramış bir ordudur.","nl":"Zij zijn daar niets anden dan het verslagen leger van de bondgenoten.","en":"This is just another ˹enemy˺ force bound for defeat out there"},"surah":null},{"id":3982,"surahId":38,"ayatId":12,"ayatNo":"١٢","pageNo":453,"ayatText":"كَذَّبَتْ قَبْلَهُمْ قَوْمُ نُوحٍ وَعَادٌ وَفِرْعَوْنُ ذُو الْاَوْتَادِۙ","ayatMealText":{"tr":"Onlardan önce Nuh kavmi, Âd kavmi ve saltanat sahibi Firavun da yalanlamışlardı.","nl":"Vóór hen loochende het volk van Nôeh, en (het volk van) de 'Âd en Fir'aun, de bezitter van de pinnen (macht).","en":"Before them, the people of Noah denied ˹the truth˺, as did ’Âd, Pharaoh of the mighty structures"},"surah":null},{"id":3983,"surahId":38,"ayatId":13,"ayatNo":"١٣","pageNo":453,"ayatText":"وَثَمُودُ وَقَوْمُ لُوطٍ وَاَصْحَابُ لْـَٔيْكَةِؕ اُو۬لٰٓئِكَ الْاَحْزَابُ","ayatMealText":{"tr":"Semûd kavmi, Lut kavmi ve Eykeliler (Şuayb kavmi) de yalanlamışlardı. İşte o çeşitli partiler bunlardır.","nl":"En de Tsamôed, het volk van Lôeth en de bewoners van Aikah. Zij zijn de bondgenoten.","en":"Thamûd, the people of Lot, and the residents of the Forest. These were ˹all˺ enemy forces"},"surah":null},{"id":3984,"surahId":38,"ayatId":14,"ayatNo":"١٤","pageNo":453,"ayatText":"اِنْ كُلٌّ اِلَّا كَذَّبَ الرُّسُلَ فَحَقَّ عِقَابِࣖ","ayatMealText":{"tr":"Hepsi de gönderilen peygamberleri yalanladılar da azabım böyle hak oldu.","nl":"En er was niemand onder hen, of hij loochende de Boodschappers, zodat Mijn bestraffing bewaarheid word.","en":"Each rejected their messenger, so My punishment was justified"},"surah":null},{"id":3985,"surahId":38,"ayatId":15,"ayatNo":"١٥","pageNo":453,"ayatText":"وَمَا يَنْظُرُ هٰٓؤُ۬لَٓاءِ اِلَّا صَيْحَةً وَاحِدَةً مَا لَهَا مِنْ فَوَاقٍ","ayatMealText":{"tr":"Onlar da bir tek haykırışa bakıyorlar. Öyle ki onun gecikmesi de yoktur.","nl":"En zij wachtten slechts op één enkele bliksemslag, die geen onderbreking kent.","en":"These ˹pagans˺ are awaiting nothing but a single Blast that cannot be stopped"},"surah":null},{"id":3986,"surahId":38,"ayatId":16,"ayatNo":"١٦","pageNo":453,"ayatText":"وَقَالُوا رَبَّنَا عَجِّلْ لَنَا قِطَّنَا قَبْلَ يَوْمِ الْحِسَابِ","ayatMealText":{"tr":"Bir de: \"Ey Rabbimiz! Hesap gününden önce bizim azabdan payımızı acele ver\" dediler.","nl":"En zij zeggen: \"Onze Heer, bespoedig voor ons ons deel (van de bestraffing) vóór de Dag des Oordeels.\"","en":"They say ˹mockingly˺, “Our Lord! Hasten for us our share ˹of the punishment˺ before the Day of Reckoning.”"},"surah":null}]}