{"juzNo":3,"pageNo":47,"arCuzNo":"۳","arPageNo":"٤۷","quranAyats":[{"id":282,"surahId":2,"ayatId":275,"ayatNo":"٢٧٥","pageNo":47,"ayatText":"اَلَّذٖينَ يَأْكُلُونَ الرِّبٰوا لَا يَقُومُونَ اِلَّا كَمَا يَقُومُ الَّذٖي يَتَخَبَّطُهُ الشَّيْطَانُ مِنَ الْمَسِّؕ ذٰلِكَ بِاَنَّهُمْ قَالُٓوا اِنَّمَا الْبَيْعُ مِثْلُ الرِّبٰواۘ وَاَحَلَّ اللّٰهُ الْبَيْعَ وَحَرَّمَ الرِّبٰواؕ فَمَنْ جَٓاءَهُ مَوْعِظَةٌ مِنْ رَبِّهٖ فَانْتَهٰى فَلَهُ مَا سَلَفَؕ وَاَمْرُهُٓ اِلَى اللّٰهِؕ وَمَنْ عَادَ فَاُو۬لٰٓئِكَ اَصْحَابُ النَّارِۚ هُمْ فٖيهَا خَالِدُونَ","ayatMealText":{"tr":"Riba (faiz) yiyen kimseler, şeytan çarpan kimse nasıl kalkarsa ancak öyle kalkarlar. Bu ceza onlara, \"alışveriş de faiz gibidir\" demeleri yüzündendir. Oysa Allah, alışverişi helal, faizi de haram kılmıştır. Bundan böyle her kim, Rabbinden kendisine gelen bir öğüt üzerine faizciliğe son verirse, geçmişte olanlar kendisine ve hakkındaki hüküm de Allah'a kalmıştır. Her kim de yeniden faize dönerse işte onlar cehennem ehlidirler ve orada süresiz kalacaklardır.","nl":"Degenen die van de rente eten zullen niet anders opstaan als degene die opstaat en door de Satan tot bezetenheid is geslagen. Dat is omdat zij zeggen: \"De handel is te vergelijken met rente.\" Maar Allah heeft de handel toegestaan en de rente verboden. En wie nad it de vermaning van zijn Heer tot hem is gekomen stopt: voor hem is wat hij al heeft, zijn zaak is aan Allah, maar wie het herhaalt: zij zijn de bewoners van de Hel, zij zijn daarin eeuwig levenden.","en":"Those who consume interest will stand ˹on Judgment Day˺ like those driven to madness by Satan’s touch. That is because they say, “Trade is no different than interest.” But Allah has permitted trading and forbidden interest. Whoever refrains—after having received warning from their Lord—may keep their previous gains, and their case is left to Allah. As for those who persist, it is they who will be the residents of the Fire. They will be there forever"},"surah":{"surahId":2,"name":"Bakara","nameAr":"الْبَقَرَةِ","revelationOrder":87,"verseCount":286,"juzNo":1,"firstPage":2}},{"id":283,"surahId":2,"ayatId":276,"ayatNo":"٢٧٦","pageNo":47,"ayatText":"يَمْحَقُ اللّٰهُ الرِّبٰوا وَيُرْبِي الصَّدَقَاتِؕ وَاللّٰهُ لَا يُحِبُّ كُلَّ كَفَّارٍ اَثٖيمٍ","ayatMealText":{"tr":"Allah faizi mahveder, oysa sadakaları bereketlendirir. Allah günahta ve inkârda direnen hiç kimseyi sevmez.","nl":"Allah zal de rente al zijn zegeningen ontnemen en Hij zal (de zegeningen) an de liefdadigheid vermeerderen en Hij houdt van geen enkele ondankbare zondaar.","en":"Allah has made interest fruitless and charity fruitful. And Allah does not like any ungrateful evildoer"},"surah":null},{"id":284,"surahId":2,"ayatId":277,"ayatNo":"٢٧٧","pageNo":47,"ayatText":"اِنَّ الَّذٖينَ اٰمَنُوا وَعَمِلُوا الصَّالِحَاتِ وَاَقَامُوا الصَّلٰوةَ وَاٰتَوُا الزَّكٰوةَ لَهُمْ اَجْرُهُمْ عِنْدَ رَبِّهِمْۚ وَلَا خَوْفٌ عَلَيْهِمْ وَلَا هُمْ يَحْزَنُونَ","ayatMealText":{"tr":"İman edip iyi işler yapan, namazı dosdoğru kılıp zekatı verenlerin Rabbleri katında elbette mükafatları vardır. Onlara hiçbir korku olmadığı gibi, onlar mahzun da olmazlar.","nl":"Voorwaar, degenen die geloven en goede daden verrichten en de shalât onderhouden en de zakât geven, voor hen zal de beloning bij hun Heer zijn. En zij zullen niet angstig zijn en zij zullen niet treuren.","en":"Indeed, those who believe, do good, establish prayer, and pay alms-tax will receive their reward from their Lord, and there will be no fear for them, nor will they grieve"},"surah":null},{"id":285,"surahId":2,"ayatId":278,"ayatNo":"٢٧٨","pageNo":47,"ayatText":"يَٓا اَيُّهَا الَّذٖينَ اٰمَنُوا اتَّقُوا اللّٰهَ وَذَرُوا مَا بَقِيَ مِنَ الرِّبٰٓوا اِنْ كُنْتُمْ مُؤْمِنٖينَ","ayatMealText":{"tr":"Ey iman edenler! Allah'tan korkun ve artık faizin peşini bırakın, eğer gerçekten müminler iseniz.","nl":"O jullie die geloven, vreest Allah en geeft op wat er van (vragen) van rente overblijft, als jullie gelovigen zijn.","en":"O believers! Fear Allah, and give up outstanding interest if you are ˹true˺ believers"},"surah":null},{"id":286,"surahId":2,"ayatId":279,"ayatNo":"٢٧٩","pageNo":47,"ayatText":"فَاِنْ لَمْ تَفْعَلُوا فَأْذَنُوا بِحَرْبٍ مِنَ اللّٰهِ وَرَسُولِهٖۚ وَاِنْ تُبْتُمْ فَلَكُمْ رُؤُ۫سُ اَمْوَالِكُمْۚ لَا تَظْلِمُونَ وَلَا تُظْلَمُونَ","ayatMealText":{"tr":"Eğer böyle yapmazsanız, o zaman Allah ve Resulü tarafından size savaş açılmış olduğunu bilin. Eğer tevbe ederseniz, sermayeleriniz sizindir. Haksızlık etmezsiniz, haksızlığa da uğramazsınız.","nl":"En wanneer jullie (dit) niet doen: weest op de hoogte van de oorlog van Allah en Zijn Boodschapper. Maar als jullie berouwvol zijn: dan blijft het oorspronkelijke bezit voor jullie. Jullie plegen (dan) geen onrechtvaardigheid en jullie worden niet onrechtvaardig behandeld.","en":"If you do not, then beware of a war with Allah and His Messenger! But if you repent, you may retain your principal—neither inflicting nor suffering harm"},"surah":null},{"id":287,"surahId":2,"ayatId":280,"ayatNo":"٢٨٠","pageNo":47,"ayatText":"وَاِنْ كَانَ ذُو عُسْرَةٍ فَنَظِرَةٌ اِلٰى مَيْسَرَةٍؕ وَاَنْ تَصَدَّقُوا خَيْرٌ لَكُمْ اِنْ كُنْتُمْ تَعْلَمُونَ","ayatMealText":{"tr":"Eğer borçlu darlık içindeyse, ona ödeme kolaylığına kadar bir süre tanıyın. Ve bu gibi borçlulara alacağınızı bağışlayıp sadaka etmeniz eğer bilirseniz sizin için, daha hayırlıdır.","nl":"En wanneer degene die schuldig is in moeilijkheden verkeert, geeft dan uitsel tot een makkelijker tijd (voor hem), en wanneer jullie het (verschuldigde) als liefdadigheid beschouwen is dat beter voor jullie, als jullie het weten.","en":"If it is difficult for someone to repay a debt, postpone it until a time of ease. And if you waive it as an act of charity, it will be better for you, if only you knew"},"surah":null},{"id":288,"surahId":2,"ayatId":281,"ayatNo":"٢٨١","pageNo":47,"ayatText":"وَاتَّقُوا يَوْماً تُرْجَعُونَ فٖيهِ اِلَى اللّٰهِ ثُمَّ تُوَفّٰى كُلُّ نَفْسٍ مَا كَسَبَتْ وَهُمْ لَا يُظْلَمُونَࣖ","ayatMealText":{"tr":"Öyle bir günden korkunuz ki, o gün Allah'a döndürüleceksiniz. Sonra da herkese kazancı tamamıyla ödenecek ve hiç kimse haksızlığa uğramayacaktır.","nl":"En vreest de Dag waarop jullie tot Allah teruggevoerd zullen worden: dan zal iedere ziel beloond worden voor wat zij verdiend heeft, en zij zullen niet onrechtvaardig behandeld worden.","en":"Be mindful of the Day when you will ˹all˺ be returned to Allah, then every soul will be paid in full for what it has done, and none will be wronged"},"surah":null}]}