{"juzNo":24,"pageNo":471,"arCuzNo":"۲٤","arPageNo":"٤۷۱","quranAyats":[{"id":4167,"surahId":40,"ayatId":34,"ayatNo":"٣٤","pageNo":471,"ayatText":"وَلَقَدْ جَٓاءَكُمْ يُوسُفُ مِنْ قَبْلُ بِالْبَيِّنَاتِ فَمَا زِلْتُمْ فٖي شَكٍّ مِمَّا جَٓاءَكُمْ بِهٖؕ حَتّٰٓى اِذَا هَلَكَ قُلْتُمْ لَنْ يَبْعَثَ اللّٰهُ مِنْ بَعْدِهٖ رَسُولاًؕ كَذٰلِكَ يُضِلُّ اللّٰهُ مَنْ هُوَ مُسْرِفٌ مُرْتَابٌۚ","ayatMealText":{"tr":"Bundan önce size delillerle Yusuf gelmişti. O zaman da onun size getirdiği hakikatte şüphe edip durmuştunuz. Nihayet vefat ettiğinde de \"Bundan sonra Allah asla peygamber göndermez\" dediniz. İşte aşırı şüpheci olanları Allah böyle şaşırtır.","nl":"En voorzeker, Yôesoef is ervoor met de duidelijke bewijzen tot jullie gekomen, maar jullie bleven twijfelen over dat waarmee hij tot jullie kwam. Zelfs toen hij gestorven was, zeiden jullie: \"Allah zal na hem nooit meer een Boodschapper sturen.\" Zo doet Allah degene dwalen die een buitensporige, een twijfelaar is.","en":"Joseph already came to you earlier with clear proofs, yet you never ceased to doubt what he came to you with. When he died you said, ‘Allah will never send a messenger after him.’ This is how Allah leaves every transgressor and doubter to stray—"},"surah":{"surahId":40,"name":"Mü'min","nameAr":"الْمُؤْمِنِ","revelationOrder":60,"verseCount":85,"juzNo":24,"firstPage":467}},{"id":4168,"surahId":40,"ayatId":35,"ayatNo":"٣٥","pageNo":471,"ayatText":"اَلَّذٖينَ يُجَادِلُونَ فٖٓي اٰيَاتِ اللّٰهِ بِغَيْرِ سُلْطَانٍ اَتٰيهُمْؕ كَبُرَ مَقْتاً عِنْدَ اللّٰهِ وَعِنْدَ الَّذٖينَ اٰمَنُواؕ كَذٰلِكَ يَطْبَعُ اللّٰهُ عَلٰى كُلِّ قَلْبِ مُتَكَبِّرٍ جَبَّارٍ","ayatMealText":{"tr":"Onlar, kendilerine gelmiş bir delil olmaksızın, Allah'ın âyetleri hakkında mücadele ederler. Bu durum, Allah katında ve iman edenler yanında büyük bir buğzu gerektirir. İşte Allah, her böbürlenen zorbanın kalbini öyle bir tabiat ile mühürler.","nl":"(Zij zijn) degenen die over de Verzen van Allah redetwisten zonder dat een bewijs tot hen is gekomen. Groot is de woede bij Allah en bij degenen die geloven. Ze verzegek Allah het hart van iedere hoogmoedige (en iedere) onderdrukker.","en":"those who dispute Allah’s signs with no proof given to them. How despicable is that for Allah and the believers! This is how Allah seals the heart of every arrogant tyrant.”"},"surah":null},{"id":4169,"surahId":40,"ayatId":36,"ayatNo":"٣٦","pageNo":471,"ayatText":"وَقَالَ فِرْعَوْنُ يَا هَامَانُ ابْنِ لٖي صَرْحاً لَعَلّٖٓي اَبْلُغُ الْاَسْبَابَۙ","ayatMealText":{"tr":"Firavun dedi ki: \"Ey Hâmân! Bana bir kule yap, belki ben o yollara ulaşabilirim.\"","nl":"En Fir'aun zei: \"O Hâmân, maak voor mij een hoog paleis, hopelijk bereik ik de poorten.","en":"Pharaoh ordered, “O Hamân! Build me a high tower so I may reach the pathways"},"surah":null},{"id":4170,"surahId":40,"ayatId":37,"ayatNo":"٣٧","pageNo":471,"ayatText":"اَسْبَابَ السَّمٰوَاتِ فَاَطَّلِعَ اِلٰٓى اِلٰهِ مُوسٰى وَاِنّٖي لَاَظُنُّهُ كَاذِباًؕ وَكَذٰلِكَ زُيِّنَ لِفِرْعَوْنَ سُٓوءُ عَمَلِهٖ وَصُدَّ عَنِ السَّبٖيلِؕ وَمَا كَيْدُ فِرْعَوْنَ اِلَّا فٖي تَبَابٍࣖ","ayatMealText":{"tr":"\"Göklerin yollarına ulaşabilirim de, Musa'nın ilâhının ne olduğunu anlarım. Ben onu mutlaka yalancı sanıyorum.\" İşte böylece Firavun'a kötü ameli süslü gösterildi de yoldan çıkarıldı. Çünkü Firavun düzeni hep boşa çıkar.","nl":"De pomen van de hemelen, zodat ik de God van Môesa kan zien. En voorwaar, ik veronderstel dat hij zeker een leugenaar is.\" En zo werden zijn slechte daden en het afhouden van de Weg voor Fir'aun schoonschijnend gemaakt. Maar de list van Fir'aun kan niet anden dan mislukken.","en":"leading up to the heavens and look for the God of Moses, although I am sure he is a liar.” And so Pharaoh’s evil deeds were made so appealing to him that he was hindered from the ˹Right˺ Way. But the plotting of Pharaoh was only in vain"},"surah":null},{"id":4171,"surahId":40,"ayatId":38,"ayatNo":"٣٨","pageNo":471,"ayatText":"وَقَالَ الَّـذٖٓي اٰمَنَ يَا قَوْمِ اتَّبِعُونِ اَهْدِكُمْ سَبٖيلَ الرَّشَادِۚ","ayatMealText":{"tr":"O iman etmiş olan kimse dedi ki: \"Ey kavmim! Bana uyun ki size doğru yolu göstereyim.\"","nl":"En degene die gelovig was, zei: \"O mijn volk, volg mij, ik zal jullie leiden op de rechte Weg.","en":"And the man who believed urged, “O my people! Follow me, ˹and˺ I will lead you to the Way of Guidance"},"surah":null},{"id":4172,"surahId":40,"ayatId":39,"ayatNo":"٣٩","pageNo":471,"ayatText":"يَا قَوْمِ اِنَّمَا هٰذِهِ الْحَيٰوةُ الدُّنْيَا مَتَاعٌؗ وَاِنَّ الْاٰخِرَةَ هِيَ دَارُ الْقَرَارِ","ayatMealText":{"tr":"\"Ey kavmim! Bu dünya hayatı ancak geçici bir menfaatten ibarettir. Ahiret ise durulacak karar yurdudur.\"","nl":"O mijn volk, dit wereldse leven is slechts een vergankelijke genieting. En voorwaar, het Hiernamaals is de eeuwige verblijfplaats.\"","en":"O my people! This worldly life is only ˹a fleeting˺ enjoyment, whereas the Hereafter is truly the home of settlement"},"surah":null},{"id":4173,"surahId":40,"ayatId":40,"ayatNo":"٤٠","pageNo":471,"ayatText":"مَنْ عَمِلَ سَيِّئَةً فَلَا يُجْزٰٓى اِلَّا مِثْلَهَاۚ وَمَنْ عَمِلَ صَالِحاً مِنْ ذَكَرٍ اَوْ اُنْثٰى وَهُوَ مُؤْمِنٌ فَاُو۬لٰٓئِكَ يَدْخُلُونَ الْجَنَّةَ يُرْزَقُونَ فٖيهَا بِغَيْرِ حِسَابٍ","ayatMealText":{"tr":"\"Her kim bir kötülük yaparsa, ona ancak yaptığının bir misli ile ceza verilir. Erkek veya kadın, her kim de mümin olarak iyi bir amel işlerse, işte onlar cennete girerler. Orada kendilerine hesapsız rızık verilir.\"","nl":"Wie een slechte daad heeft verricht wordt niet anders dan met haar gelijke vergolden. En wie een goede daad heeft verricht, man of vrouw; terwijl hij (of zij) een gelovige is: zij zijn het die Paradijs zullen binnengaan, zij zullen daarin voorzien worden, zonder berekening.","en":"Whoever does an evil deed will only be paid back with its equivalent. And whoever does good, whether male or female, and is a believer, they will enter Paradise, where they will be provided for without limit"},"surah":null}]}