{"juzNo":24,"pageNo":472,"arCuzNo":"۲٤","arPageNo":"٤۷۲","quranAyats":[{"id":4174,"surahId":40,"ayatId":41,"ayatNo":"٤١","pageNo":472,"ayatText":"وَيَا قَوْمِ مَا لٖٓي اَدْعُوكُمْ اِلَى النَّجٰوةِ وَتَدْعُونَنٖٓي اِلَى النَّارِؕ","ayatMealText":{"tr":"\"Hem ey kavmim! Niçin ben sizi kurtuluşa davet ederken, siz beni ateşe davet ediyorsunuz?\"","nl":"En: \"O mijn volk, het bevreemdt mij dat ik jullie tot de redding oproep, tefwijl jullie mij tot de Hel oproepen.","en":"O my people! How is it that I invite you to salvation, while you invite me to the Fire"},"surah":{"surahId":40,"name":"Mü'min","nameAr":"الْمُؤْمِنِ","revelationOrder":60,"verseCount":85,"juzNo":24,"firstPage":467}},{"id":4175,"surahId":40,"ayatId":42,"ayatNo":"٤٢","pageNo":472,"ayatText":"تَدْعُونَنٖي لِاَكْفُرَ بِاللّٰهِ وَاُشْرِكَ بِهٖ مَا لَيْسَ لٖي بِهٖ عِلْمٌؗ وَاَنَا۬ اَدْعُوكُمْ اِلَى الْعَزٖيزِ الْغَفَّارِ","ayatMealText":{"tr":"\"Siz beni Allah'ı inkâr etmeye ve bence hiç ilimde yeri olmayan şeyleri O'na ortak koşmaya davet ediyorsunuz. Ben ise sizi o çok güçlü ve çok bağışlayıcı olan Allah'a davet ediyorum.\"","nl":"Jullie roepen mij op om aan Allah ongelovig te zijn en om Hem deelgenoten toe te kennen waarover ik geen kennis heb, terwijl ik jullie oproep om in de Almachtige, de Vergevensgezinde te geloven.","en":"You invite me to disbelieve in Allah and associate with Him what I have no knowledge of, while I invite you to the Almighty, Most Forgiving"},"surah":null},{"id":4176,"surahId":40,"ayatId":43,"ayatNo":"٤٣","pageNo":472,"ayatText":"لَا جَرَمَ اَنَّمَا تَدْعُونَنٖٓي اِلَيْهِ لَيْسَ لَهُ دَعْوَةٌ فِي الدُّنْيَا وَلَا فِي الْاٰخِرَةِ وَاَنَّ مَرَدَّنَٓا اِلَى اللّٰهِ وَاَنَّ الْمُسْرِفٖينَ هُمْ اَصْحَابُ النَّارِ","ayatMealText":{"tr":"\"Hiç inkâr edilemez ki, gerçekten sizin beni davet ettiğiniz şeyin dünyada da, ahirette de bir davet hakkı yoktur. Hepimizin dönüşü Allah'adır. Şüphesiz haddi aşanların hepsi cehennemliktir.\"","nl":"Het is zeker dat jullie mij oproepen tot dat wat geen aanroep (kan verhoren) in het wereldse leven en niet in het Hiernamaals; en dat onze terugkeer tot Allah is en dat de buitensporigen de bewoners van de Hel zijn.","en":"There is no doubt that whatever ˹idols˺ you invite me to ˹worship˺ are not worthy to be invoked either in this world or the Hereafter. ˹Undoubtedly,˺ our return is to Allah, and the transgressors will be the inmates of the Fire"},"surah":null},{"id":4177,"surahId":40,"ayatId":44,"ayatNo":"٤٤","pageNo":472,"ayatText":"فَسَتَذْكُرُونَ مَٓا اَقُولُ لَكُمْؕ وَاُفَوِّضُ اَمْرٖٓي اِلَى اللّٰهِؕ اِنَّ اللّٰهَ بَصٖيرٌ بِالْعِبَادِ","ayatMealText":{"tr":"\"Siz benim söylediklerimi sonra anlayacaksınız. Ben işimi Allah'a havale ediyorum. Şüphesiz Allah, kullarını görür, gözetir.\"","nl":"Jullie zullen je herinneren wat ik tot jullie zeg, en ik laat mijn zaak over aan Allah: voorwaar, Allah is Alziende over de dienaren.\"'","en":"You will remember what I say to you, and I entrust my affairs to Allah. Surely Allah is All-Seeing of all ˹His˺ servants.”"},"surah":null},{"id":4178,"surahId":40,"ayatId":45,"ayatNo":"٤٥","pageNo":472,"ayatText":"فَوَقٰيهُ اللّٰهُ سَيِّـَٔاتِ مَا مَكَرُوا وَحَاقَ بِاٰلِ فِرْعَوْنَ سُٓوءُ الْعَذَابِۚ","ayatMealText":{"tr":"Allah o mümini, onların kurdukları tuzakların kötülüklerinden korudu. Firavun'un adamlarını ise, o kötü azab kuşattı.","nl":"Allah beschermde hen toen voor het slechte wat zij hadden beraamd, terwijl de ergste bestraffing Fir'aun en zijn volgelingen omsingelde.","en":"So Allah protected him from the evil of their schemes. And Pharaoh’s people were overwhelmed by an evil punishment"},"surah":null},{"id":4179,"surahId":40,"ayatId":46,"ayatNo":"٤٦","pageNo":472,"ayatText":"اَلنَّارُ يُعْرَضُونَ عَلَيْهَا غُدُواًّ وَعَشِياًّۚ وَيَوْمَ تَقُومُ السَّاعَةُࣞ اَدْخِلُٓوا اٰلَ فِرْعَوْنَ اَشَدَّ الْعَذَابِ","ayatMealText":{"tr":"Onlar, sabah akşam ateşe arzolunurlar. Kıyamet kopacağı gün de: \"Firavun hanedanını azabın en şiddetlisine tıkın!\" (denilecektir).","nl":"Ze zullen 's ochtends en 's avonds voor de Hel geplaatst worden. En de Dag waarop het Uur valt (zegt Allah tegen de Engelen:) \"Laat Fir'aun en zijn volgelingen de hardste bestraffing binnengaan!\"","en":"they are exposed to the Fire ˹in their graves˺ morning and evening. And on the Day the Hour will be established ˹it will be said˺, “Admit Pharaoh’s people into the harshest punishment ˹of Hell˺.”"},"surah":null},{"id":4180,"surahId":40,"ayatId":47,"ayatNo":"٤٧","pageNo":472,"ayatText":"وَاِذْ يَتَحَٓاجُّونَ فِي النَّارِ فَيَقُولُ الضُّعَفٰٓؤُ۬ا لِلَّذٖينَ اسْتَكْـبَرُٓوا اِنَّا كُنَّا لَكُمْ تَبَعاً فَهَلْ اَنْتُمْ مُغْنُونَ عَنَّا نَصٖيباً مِنَ النَّارِ","ayatMealText":{"tr":"Hele ateş içinde birbirlerini protesto ederlerken, zayıf olanlar, büyüklük taslayanlara: \"Hani bizler size tabi idik. Şimdi siz bizden bir ateş nöbetini savabiliyor musunuz?\" derler.","nl":"En wanneer zij met elkaar redetwisten in de Hel, dan zeggen de zwakken tot degenen die hoogmoedig waren: Voorwaar, wij waren volgelingen van jullie. Zullen jullie daarom ons tegen de bestraffing van de Het verdedigen?\"","en":"˹Consider the Day˺ when they will dispute in the Fire, and the lowly ˹followers˺ will appeal to the arrogant ˹leaders˺, “We were your ˹dedicated˺ followers, will you then shield us from a portion of the Fire?”"},"surah":null},{"id":4181,"surahId":40,"ayatId":48,"ayatNo":"٤٨","pageNo":472,"ayatText":"قَالَ الَّذٖينَ اسْتَكْبَرُٓوا اِنَّا كُلٌّ فٖيهَٓا اِنَّ اللّٰهَ قَدْ حَكَمَ بَيْنَ الْعِبَادِ","ayatMealText":{"tr":"Büyüklük taslayanlar da şöyle derler: \"Evet, hepimiz onun içindeyiz. Allah kulları arasında hükmünü vermiştir.\"","nl":"Degenen die hoogmoedig waren zullen zeggen: \"Voorwaar, wij bevinden ons er allen in. Voorwaar, Allah heeft geoordeeld tussen de dienaren.\"","en":"The arrogant will say, “We are all in it! ˹For˺ Allah has already passed judgment over ˹His˺ servants.”"},"surah":null},{"id":4182,"surahId":40,"ayatId":49,"ayatNo":"٤٩","pageNo":472,"ayatText":"وَقَالَ الَّذٖينَ فِي النَّارِ لِخَزَنَةِ جَهَنَّمَ ادْعُوا رَبَّكُمْ يُخَفِّفْ عَنَّا يَوْماً مِنَ الْعَذَابِ","ayatMealText":{"tr":"Ateştekiler, cehennem bekçilerine derler ki: \"Rabbinize dua edin de bir gün olsun bizden azabı biraz hafifletsin.\"","nl":"En degenen die in de Hel zijn, zullen tot de wakers (Engelen) van de Hel zeggen: \"Roept jullie Heer aan, opdat Hij voor ons de bestraffing één dag verlicht.\"","en":"And those in the Fire will cry out to the keepers of Hell, “Pray to your Lord to lighten the torment for us ˹even˺ for one day!”"},"surah":null}]}