{"juzNo":3,"pageNo":48,"arCuzNo":"۳","arPageNo":"٤۸","quranAyats":[{"id":289,"surahId":2,"ayatId":282,"ayatNo":"٢٨٢","pageNo":48,"ayatText":"يَٓا اَيُّهَا الَّذٖينَ اٰمَنُٓوا اِذَا تَدَايَنْتُمْ بِدَيْنٍ اِلٰٓى اَجَلٍ مُسَمًّى فَاكْتُبُوهُؕ وَلْيَكْتُبْ بَيْنَكُمْ كَاتِبٌ بِالْعَدْلِࣕ وَلَا يَأْبَ كَاتِبٌ اَنْ يَكْتُبَ كَمَا عَلَّمَهُ اللّٰهُ فَلْيَكْتُبْۚ وَلْيُمْلِلِ الَّذٖي عَلَيْهِ الْحَقُّ وَلْيَتَّقِ اللّٰهَ رَبَّهُ وَلَا يَبْخَسْ مِنْهُ شَيْـٔاًؕ فَاِنْ كَانَ الَّذٖي عَلَيْهِ الْحَقُّ سَفٖيهاً اَوْ ضَعٖيفاً اَوْ لَا يَسْتَطٖيعُ اَنْ يُمِلَّ هُوَ فَلْيُمْلِلْ وَلِيُّهُ بِالْعَدْلِؕ وَاسْتَشْهِدُوا شَهٖيدَيْنِ مِنْ رِجَالِكُمْۚ فَاِنْ لَمْ يَكُونَا رَجُلَيْنِ فَرَجُلٌ وَامْرَاَتَانِ مِمَّنْ تَرْضَوْنَ مِنَ الشُّهَدَٓاءِ اَنْ تَضِلَّ اِحْدٰيهُمَا فَتُذَكِّرَ اِحْدٰيهُمَا الْاُخْرٰىؕ وَلَا يَأْبَ الشُّهَدَٓاءُ اِذَا مَا دُعُواؕ وَلَا تَسْـَٔمُٓوا اَنْ تَكْتُبُوهُ صَغٖيراً اَوْ كَبٖيراً اِلٰٓى اَجَلِهٖؕ ذٰلِكُمْ اَقْسَطُ عِنْدَ اللّٰهِ وَاَقْوَمُ لِلشَّهَادَةِ وَاَدْنٰٓى اَلَّا تَرْتَابُٓوا اِلَّٓا اَنْ تَكُونَ تِجَارَةً حَاضِرَةً تُدٖيرُونَهَا بَيْنَكُمْ فَلَيْسَ عَلَيْكُمْ جُنَاحٌ اَلَّا تَكْتُبُوهَاؕ وَاَشْهِدُٓوا اِذَا تَبَايَعْتُمْࣕ وَلَا يُضَٓارَّ كَاتِبٌ وَلَا شَهٖيدٌؕ وَاِنْ تَفْعَلُوا فَاِنَّهُ فُسُوقٌ بِكُمْؕ وَاتَّقُوا اللّٰهَؕ وَيُعَلِّمُكُمُ اللّٰهُؕ وَاللّٰهُ بِكُلِّ شَيْءٍ عَلٖيمٌ","ayatMealText":{"tr":"Ey iman edenler! Belli bir vade ile karşılıklı borç alış verişinde bulunduğunuz vakit onu yazın. Hem aranızda doğruluğuyla tanınmış yazı bilen biri yazsın. Yazı bilen biri, Allah'ın, kendisine öğrettiği gibi yazmaktan kaçınmasın da yazsın. Bir de hak kendi üzerinde olan adam söyleyip yazdırsın ve herbiri yazarken Rabbi olan Allah'dan korksun da haktan birşey eksiltmesin. Şayet borçlu bir bunak veya küçük bir çocuk veya söyleyip yazdıramıyacak durumda biri ise velisi doğrusunu söyleyip yazdırsın. Erkeklerinizden hazırda olan iki kişiyi şahit de yapın. Şayet iki tane erkek hazırda yoksa, o zaman doğruluğuna güvendiğiniz şahitlerden bir erkekle iki kadın ki, birisi unutunca, öbürü hatırlatsın, şahitler de çağırıldıklarında kaçınmasınlar; siz yazanlar da az olmuş, çok olmuş, onu vadesine kadar yazmaktan usanmayın. Bu, Allah katında adalete daha uygun olduğu gibi; hem şahitlik için daha sağlam, hem şüpheye düşmemeniz için daha elverişlidir. Meğer ki, aranızda hemen devredeceğiniz bir ticaret olsun, o zaman bunu yazmamanızda sizin için bir sakınca yoktur. Alım satım yaptığınız vakit de yine şahit tutun. Ayrıca ne yazan, ne de şahitlik eden bir zarar görmesin. Eğer onlara zarar verirseniz, o işte mutlaka size dokunacak bir günah olur. Üstelik Allah'dan korkun. Allah size ayrıntılarıyla öğretiyor ve Allah her şeyi bilir.","nl":"O jullie die geloven, wanneer jullie een lening afsluiten tot een vastgestelde tijd, legt deze dan schriftelijk vast, en laat een schrijver van onder jullie op rechtvaardige wijze schrijven en laat de schrijver niet weigeren te schriijven zoals Allah hem onderwees. Laat hem dus schrijven en laat degene die de schuld aangaat dicteren en laat hem Allah zijn heer vrezen en laat hem niets (van wat hij schuldig is) in mindering brengen. En in het geval dat degene die de schuld aangaat dwaas of zwak is, of niet in staat om zelf te dicteren, laat dan zijn verzorger waarheidsgetrouw dicteren. En laat twee getuigen van onder jullie mannen getuigen, en als er niet twee mannen zijn, dan een man en twee vrouwen die jullie als getuigen goedkeuren, zodat als één van hen zich vergist, de andere haar kan verbeteren. En laat de getuigen niet weigeren wanneer zij opgeroepen worden. Veronachtzaamt niet het op te schrijven, klein of groot, tot zijn vastgestelde tijd, dat is rechtvaardiger bij Allah, en oprechter als bewijs en (het) vermindert de twijfels. Behalve wanneer het een contante transactie betreft die jullie met elkaar regelen, er treft jullie dan geen verwijt wanneer jullie het niet opscrijven. Maar neemt getulgen wanneer jullie handel drijven. Laat noch de schrijver, noch de getuige benadeeld worden, wanneer jullie het (toch) doen: dan zou dat een zware zonde van jullie zijn. En vreest Allah, en het is Allah Die jullie onderwijst, en Allah is Alwatende over alle zaken.","en":"O believers! When you contract a loan for a fixed period of time, commit it to writing. Let the scribe maintain justice between the parties. The scribe should not refuse to write as Allah has taught them to write. They will write what the debtor dictates, bearing Allah in mind and not defrauding the debt. If the debtor is incompetent, weak, or unable to dictate, let their guardian dictate for them with justice. Call upon two of your men to witness. If two men cannot be found, then one man and two women of your choice will witness—so if one of the women forgets the other may remind her. The witnesses must not refuse when they are summoned. You must not be against writing ˹contracts˺ for a fixed period—whether the sum is small or great. This is more just ˹for you˺ in the sight of Allah, and more convenient to establish evidence and remove doubts. However, if you conduct an immediate transaction among yourselves, then there is no need for you to record it, but call upon witnesses when a deal is finalized. Let no harm come to the scribe or witnesses. If you do, then you have gravely exceeded ˹your limits˺. Be mindful of Allah, for Allah ˹is the One Who˺ teaches you. And Allah has ˹perfect˺ knowledge of all things"},"surah":{"surahId":2,"name":"Bakara","nameAr":"الْبَقَرَةِ","revelationOrder":87,"verseCount":286,"juzNo":1,"firstPage":2}}]}