{"juzNo":25,"pageNo":490,"arCuzNo":"۲٥","arPageNo":"٤۹۰","quranAyats":[{"id":4336,"surahId":43,"ayatId":11,"ayatNo":"١١","pageNo":490,"ayatText":"وَالَّذٖي نَزَّلَ مِنَ السَّمَٓاءِ مَٓاءً بِقَدَرٍۚ فَاَنْشَرْنَا بِهٖ بَلْدَةً مَيْتاًۚ كَذٰلِكَ تُخْرَجُونَ","ayatMealText":{"tr":"Allah gökten belli bir ölçüye göre su indirdi. Biz onunla ölü bir memlekete yeniden hayat verdik. İşte siz de kabirlerinizden böyle diriltilip çıkarılacaksınız.","nl":"En Degene Die uit de hemel water heeft doen neerdalen, volgens een bepaalde maat. Dan doen Wij daarmee dode aarde leven. Op die manier zullen jullie opgewekt worden.","en":"And ˹He is the One˺ Who sends down rain from the sky in perfect measure, with which We give life to a lifeless land. And so will you be brought forth ˹from the grave˺"},"surah":{"surahId":43,"name":"Zuhruf","nameAr":"الزُّخْرُفِ","revelationOrder":63,"verseCount":89,"juzNo":25,"firstPage":489}},{"id":4337,"surahId":43,"ayatId":12,"ayatNo":"١٢","pageNo":490,"ayatText":"وَالَّذٖي خَلَقَ الْاَزْوَاجَ كُلَّهَا وَجَعَلَ لَكُمْ مِنَ الْفُلْكِ وَالْاَنْعَامِ مَا تَرْكَبُونَۙ","ayatMealText":{"tr":"Allah bütün çiftleri yaratmıştır. Sizin için bineceğiniz gemiler ve hayvanlar var etmiştir.","nl":"En Degene Die alle soorten heeft geschapen en Die voor jullie schepen en vee heeft gemaakt, waarop jullie kunnen rijden.","en":"And ˹He is the One˺ Who created all ˹things in˺ pairs, and made for you ships and animals to ride"},"surah":null},{"id":4338,"surahId":43,"ayatId":13,"ayatNo":"١٣","pageNo":490,"ayatText":"لِتَسْتَوُ۫ا عَلٰى ظُهُورِهٖ ثُمَّ تَذْكُرُوا نِعْمَةَ رَبِّكُمْ اِذَا اسْتَوَيْتُمْ عَلَيْهِ وَتَقُولُوا سُبْحَانَ الَّذٖي سَخَّرَ لَنَا هٰذَا وَمَا كُنَّا لَهُ مُقْرِنٖينَۙ","ayatMealText":{"tr":"Siz onların sırtına binip üzerlerine yerleştiğiniz zaman, Rabbinizin nimetini anarak şöyle diyesiniz: \"Bunları bizim hizmetimize veren Allah'ı tenzih ve tesbih ederiz. Yoksa bizim bunlara gücümüz yetmezdi.\"","nl":"Opdat jullie stevig op hun ruggen zullen zitten en dan de gunst van jullie Heer gedenken. Wanneer jullie op hen zitten, zeggen jullie: \"Soebhânalladzi sachchara lanâ hâdzâ wâ mâ koennâ lahoe moeqrimîn, \" (Heilig is Degene Die dit voor ons dienstbaar heeft gemaakt, en wij hebben er geen macht over)","en":"so that you may sit firmly on their backs, and remember your Lord’s blessings once you are settled on them, saying, “Glory be to the One Who has subjected these for us, for we could have never done so ˹on our own˺"},"surah":null},{"id":4339,"surahId":43,"ayatId":14,"ayatNo":"١٤","pageNo":490,"ayatText":"وَاِنَّٓا اِلٰى رَبِّنَا لَمُنْقَلِبُونَ","ayatMealText":{"tr":"\"Gerçekten biz Rabbimize döneceğiz.\"","nl":"\"Wa innâ ilâ rabbinâ lamoenqalibôen.\" (En voorwaar, tot onze Heer zullen wij zeker terugkeren.)","en":"And surely to our Lord we will ˹all˺ return.”"},"surah":null},{"id":4340,"surahId":43,"ayatId":15,"ayatNo":"١٥","pageNo":490,"ayatText":"وَجَعَلُوا لَهُ مِنْ عِبَادِهٖ جُزْءاًؕ اِنَّ الْاِنْسَانَ لَكَفُورٌ مُبٖينٌؕ","ayatMealText":{"tr":"Buna rağmen insanlar, Allah'ın kullarından bir kısmını O'nun bir parçası saydılar. Gerçekten de insan apaçık bir nankördür.","nl":"En zij stelden naast Hem dienaren van Hem aan als een deel van Hem. Voorwaar, de mens is zeker een duidelijke zeer ondankbare.","en":"Still the pagans have made some of His creation out to be a part of Him. Indeed, humankind is clearly ungrateful"},"surah":null},{"id":4341,"surahId":43,"ayatId":16,"ayatNo":"١٦","pageNo":490,"ayatText":"اَمِ اتَّخَذَ مِمَّا يَخْلُقُ بَنَاتٍ وَاَصْفٰيكُمْ بِالْبَنٖينَࣖ","ayatMealText":{"tr":"Yoksa O, yarattıklarından kendisine kızlar edindi de erkek çocukları size mi seçti?","nl":"Of heeft Hij zich van wat Hij geschapen heeft dochters genomen en voor jullie zonen verkozen?","en":"Has He taken ˹angels as His˺ daughters from what He created, and favoured you ˹O pagans˺ with sons"},"surah":null},{"id":4342,"surahId":43,"ayatId":17,"ayatNo":"١٧","pageNo":490,"ayatText":"وَاِذَا بُشِّرَ اَحَدُهُمْ بِمَا ضَرَبَ لِلرَّحْمٰنِ مَثَلاً ظَلَّ وَجْهُهُ مُسْوَداًّ وَهُوَ كَظٖيمٌ","ayatMealText":{"tr":"Onlardan biri Rahman olan Allah'a isnad ettiği kız çocuğu ile müjdelendiği zaman yüzü simsiyah kesilir de öfkesinden yutkunur durur.","nl":"En wanneer een van hen het verheugende bericht wordt gegeven over wat zij de Erbarmer toeschrijven (een dochter), dan betrekt zijn gezicht en is hij verbitterd.","en":"Whenever one of them is given the good news of what they attribute to the Most Compassionate, his face grows gloomy, as he suppresses his rage"},"surah":null},{"id":4343,"surahId":43,"ayatId":18,"ayatNo":"١٨","pageNo":490,"ayatText":"اَوَمَنْ يُنَشَّؤُ۬ا فِي الْحِلْيَةِ وَهُوَ فِي الْخِصَامِ غَيْرُ مُبٖينٍ","ayatMealText":{"tr":"Yoksa onlar, süs ve zinet içerisinde yetiştirilip de mücadelede erkek gibi kendisini savunmaya açık olmayan kızları mı O'na isnad ediyorlar?","nl":"En is hij die temidden van sieraden is grootgebracht en die in het debat geen duidelijk argument kain aanvoeren (een kind van Allah)?","en":"˹Do they attribute to Him˺ those who are brought up in fineries and are not commanding in disputes"},"surah":null},{"id":4344,"surahId":43,"ayatId":19,"ayatNo":"١٩","pageNo":490,"ayatText":"وَجَعَلُوا الْمَلٰٓئِكَةَ الَّذٖينَ هُمْ عِبَادُ الرَّحْمٰنِ اِنَاثاًؕ اَشَهِدُوا خَلْقَهُمْؕ سَتُكْتَبُ شَهَادَتُهُمْ وَيُسْـَٔلُونَ","ayatMealText":{"tr":"Onlar Rahman olan Allah'ın kulları olan melekleri de dişi saydılar. Onlar meleklerin yaratılışını gördüler mi? Onların şahitlikleri yazılacak ve onlar sorguya çekileceklerdir.","nl":"En zij maken de Engelen, degenen die dienaren van de Erbarmer zijn, tot vrouwen. Getuigden zij van hun schepping? Hun getuigenissen zullen worden opgetekend en zij zullen worden ondervraagd.","en":"Still they have labelled the angels, who are servants of the Most Compassionate, as female. Did they witness their creation? Their statement will be recorded, and they will be questioned"},"surah":null},{"id":4345,"surahId":43,"ayatId":20,"ayatNo":"٢٠","pageNo":490,"ayatText":"وَقَالُوا لَوْ شَٓاءَ الرَّحْمٰنُ مَا عَبَدْنَاهُمْؕ مَا لَهُمْ بِذٰلِكَ مِنْ عِلْمٍࣗ اِنْ هُمْ اِلَّا يَخْرُصُونَؕ","ayatMealText":{"tr":"Onlar: \"Eğer Rahman olan, Allah dileseydi, biz o meleklere tapmazdık.\" dediler. Onların bu hususta hiçbir bilgileri yoktur. Onlar sadece yalan söylüyorlar.","nl":"En zij zeiden: \"Als de Erbarmer het had gewild, dan zouden wij hen niet hebben aanbeden. Zij hebben daarover geen kennis, zij liegen slechts.","en":"And they argue, “Had the Most Compassionate willed, we would have never worshipped them.” They have no knowledge ˹in support˺ of this ˹claim˺. They do nothing but lie"},"surah":null},{"id":4346,"surahId":43,"ayatId":21,"ayatNo":"٢١","pageNo":490,"ayatText":"اَمْ اٰتَيْنَاهُمْ كِتَاباً مِنْ قَبْلِهٖ فَهُمْ بِهٖ مُسْتَمْسِكُونَ","ayatMealText":{"tr":"Yoksa biz kendilerine bundan önce bir kitap verdik de onlar, ona mı sarılıyorlar?","nl":"Of hebben Wij hun vóór hem (de Koran) een Boek gegeven, dat zij daarna vasthielden?","en":"Or have We given them a Book ˹for proof˺, before this ˹Quran˺, to which they are holding firm"},"surah":null},{"id":4347,"surahId":43,"ayatId":22,"ayatNo":"٢٢","pageNo":490,"ayatText":"بَلْ قَالُٓوا اِنَّا وَجَدْنَٓا اٰبَٓاءَنَا عَلٰٓى اُمَّةٍ وَاِنَّا عَلٰٓى اٰثَارِهِمْ مُهْتَدُونَ","ayatMealText":{"tr":"Hayır, onlar sadece: \"Biz babalarımızı bu din üzerinde bulduk, biz de onların izinde gidiyoruz.\" dediler.","nl":"Zij zeiden zelfs: \"Voorwaar, Wij troffen onze voorvaderen aan in een godsdienst. En voorwaar, wij volgen hun geloof.\"","en":"In fact, they say, “We found our forefathers following a ˹particular˺ way, and we are following in their footsteps.”"},"surah":null}]}