{"juzNo":25,"pageNo":494,"arCuzNo":"۲٥","arPageNo":"٤۹٤","quranAyats":[{"id":4386,"surahId":43,"ayatId":61,"ayatNo":"٦١","pageNo":494,"ayatText":"وَاِنَّهُ لَعِلْمٌ لِلسَّاعَةِ فَلَا تَمْتَرُنَّ بِهَا وَاتَّبِعُونِؕ هٰذَا صِرَاطٌ مُسْتَقٖيمٌ","ayatMealText":{"tr":"Gerçekten o, (İsâ'nın yere inişi) kıyâmetin yaklaştığını gösteren bir bilgidir. Sakın kıyâmet hakkında şüpheye düşmeyip, bana uyun, bu doğru yoldur.","nl":"En voorwaar, het (terugkeren van 'Îsa op de aarde) is een Teken (van het naderen) van het Uur. Twijfelt er daarom niet aan en volgt Mij. Dit is het rechte Pad.","en":"And his ˹second˺ coming is truly a sign for the Hour. So have no doubt about it, and follow me. This is the Straight Path"},"surah":{"surahId":43,"name":"Zuhruf","nameAr":"الزُّخْرُفِ","revelationOrder":63,"verseCount":89,"juzNo":25,"firstPage":489}},{"id":4387,"surahId":43,"ayatId":62,"ayatNo":"٦٢","pageNo":494,"ayatText":"وَلَا يَصُدَّنَّكُمُ الشَّيْطَانُۚ اِنَّهُ لَكُمْ عَدُوٌّ مُبٖينٌ","ayatMealText":{"tr":"Sakın şeytan sizi doğru yoldan alıkoymasın. Gerçekten o sizin için apaçık bir düşmandır.","nl":"En laat de Satan jullie niet affhouden: voorwaar, hij is voor jullie een duidelijke vijand.","en":"And do not let Satan hinder you, ˹for˺ he is certainly your sworn enemy"},"surah":null},{"id":4388,"surahId":43,"ayatId":63,"ayatNo":"٦٣","pageNo":494,"ayatText":"وَلَمَّا جَٓاءَ عٖيسٰى بِالْبَيِّنَاتِ قَالَ قَدْ جِئْتُكُمْ بِالْحِكْمَةِ وَلِاُبَيِّنَ لَكُمْ بَعْضَ الَّذٖي تَخْتَلِفُونَ فٖيهِۚ فَاتَّقُوا اللّٰهَ وَاَطٖيعُونِ","ayatMealText":{"tr":"İsâ mucizelerle indiği zaman dedi ki: \"Ben size hikmeti getirdim ve hakkında ihtilâfa düştüğünüz şeylerin bir kısmını size açıklamak için geldim. O halde Allah'tan korkun, ve bana itaat edin.","nl":"En toen 'Îsa met de duidelijk bewijzen kwam, zei hij: \"Ik heb jullie waarlijk de wijsheid gebracht zodat ik jullie een aantal zaken, waarover jullie van mening verschillen, verduidelijk. Vreest daarom Allah en gehoorzaamt mij.","en":"When Jesus came with clear proofs, he declared, “I have come to you with wisdom, and to clarify to you some of what you differ about. So fear Allah, and obey me"},"surah":null},{"id":4389,"surahId":43,"ayatId":64,"ayatNo":"٦٤","pageNo":494,"ayatText":"اِنَّ اللّٰهَ هُوَ رَبّٖي وَرَبُّكُمْ فَاعْبُدُوهُؕ هٰذَا صِرَاطٌ مُسْتَقٖيمٌ","ayatMealText":{"tr":"Gerçekten benim de Rabbim sizin de Rabbiniz Allah'tır. Öyle ise O'na kulluk edin. Bu doğru bir yoldur.","nl":"Voorwaar, Allah is mijn Heer en jullie Heer, aanbidt Hem daarom. Dit is het rechte Pad.\"","en":"Surely Allah ˹alone˺ is my Lord and your Lord, so worship Him ˹alone˺. This is the Straight Path.”"},"surah":null},{"id":4390,"surahId":43,"ayatId":65,"ayatNo":"٦٥","pageNo":494,"ayatText":"فَاخْتَلَفَ الْاَحْزَابُ مِنْ بَيْنِهِمْۚ فَوَيْلٌ لِلَّذٖينَ ظَلَمُوا مِنْ عَذَابِ يَوْمٍ اَلٖيمٍ","ayatMealText":{"tr":"Fakat aralarından çıkan gruplar, İsâ hakkında ihtilâfa düştüler. Acı bir günün azâbından dolayı vay zulmedenlerin hâline!","nl":"De groeperingen werden het toen met elkaar oneens. Wee degenen die niet geloven in de bestraffing van een pijnlijke Dag.","en":"Yet their ˹various˺ groups have differed among themselves ˹about him˺, so woe to the wrongdoers when they face the torment of a painful Day"},"surah":null},{"id":4391,"surahId":43,"ayatId":66,"ayatNo":"٦٦","pageNo":494,"ayatText":"هَلْ يَنْظُرُونَ اِلَّا السَّاعَةَ اَنْ تَأْتِيَهُمْ بَغْتَةً وَهُمْ لَا يَشْعُرُونَ","ayatMealText":{"tr":"Onlar kendileri farkına varmadan ansızın kıyâmetin başlarına gelmesini mi bekliyorlar?","nl":"Zij wachten slechts op het Uur, dat plotseling tot hen zal komen, terwijl zij niet beseffen.","en":"Are they waiting for the Hour to take them by surprise when they least expect ˹it˺"},"surah":null},{"id":4392,"surahId":43,"ayatId":67,"ayatNo":"٦٧","pageNo":494,"ayatText":"اَلْاَخِلَّٓاءُ يَوْمَئِذٍ بَعْضُهُمْ لِبَعْضٍ عَدُوٌّ اِلَّا الْمُتَّقٖينَؕࣖ","ayatMealText":{"tr":"O gün Allah'tan korkanlar hariç dost olanlar birbirlerine düşmandırlar.","nl":"De boezemvrienden zullen op die Dag elkaars vijanden zijn, behalve de Moettaqôen.","en":"Close friends will be enemies to one another on that Day, except the righteous"},"surah":null},{"id":4393,"surahId":43,"ayatId":68,"ayatNo":"٦٨","pageNo":494,"ayatText":"يَا عِبَادِ لَا خَوْفٌ عَلَيْكُمُ الْيَوْمَ وَلَٓا اَنْتُمْ تَحْزَنُونَۚ","ayatMealText":{"tr":"Allah, takva sahiplerine şöyle nida eder: \"Ey âyetlerimize imân edip müslüman olan kullarım! Bugün size hiçbir korku yoktur ve siz üzülmeyeceksiniz.","nl":"O Mijn dienaren, op die Dag zal er geen vrees voor jullie zijn en jullie zullen niet treuren.","en":"˹who will be told,˺ “O My servants! There is no fear for you Today, nor will you grieve—"},"surah":null},{"id":4394,"surahId":43,"ayatId":69,"ayatNo":"٦٩","pageNo":494,"ayatText":"اَلَّذٖينَ اٰمَنُوا بِاٰيَاتِنَا وَكَانُوا مُسْلِمٖينَۚ","ayatMealText":{"tr":"Allah, takva sahiplerine şöyle nida eder: \"Ey âyetlerimize imân edip müslüman olan kullarım! Bugün size hiçbir korku yoktur ve siz üzülmeyeceksiniz.","nl":"(Zij zijn) degenen die in Onze Tekenen geloofden en die zich (aan Ons) overgaven.","en":"˹those˺ who believed in Our signs and ˹fully˺ submitted ˹to Us˺"},"surah":null},{"id":4395,"surahId":43,"ayatId":70,"ayatNo":"٧٠","pageNo":494,"ayatText":"اُدْخُلُوا الْجَنَّةَ اَنْتُمْ وَاَزْوَاجُكُمْ تُحْبَرُونَ","ayatMealText":{"tr":"Siz ve eşleriniz cennete girin. Orada ağırlanıp sevindirileceksiniz.\"","nl":"(Er wordt gezegd:) \"Treedt het Pandijs binnen, jullie en jullie echtgenotes, in blijdschap.\"","en":"Enter Paradise, you and your spouses, rejoicing.”"},"surah":null},{"id":4396,"surahId":43,"ayatId":71,"ayatNo":"٧١","pageNo":494,"ayatText":"يُطَافُ عَلَيْهِمْ بِصِحَافٍ مِنْ ذَهَبٍ وَاَكْوَابٍۚ وَفٖيهَا مَا تَشْتَهٖيهِ الْاَنْفُسُ وَتَلَذُّ الْاَعْيُنُۚ وَاَنْتُمْ فٖيهَا خَالِدُونَۚ","ayatMealText":{"tr":"Onların etrafında yiyecek ve içecekler altın tepsiler ve kadehlerle dolaştırılır. Orada canların çektiği ve gözlerin hoşlandığı herşey vardır. Siz orada ebedi olarak kalacaksınız.","nl":"Er zal tussen hen worden rondgegaan met schalen van goud en bekers. Daarin is wat de zielen verlangen, en de verrukking van de ogen. En jullie zullen er eeuwig levenden zijn.","en":"Golden trays and cups will be passed around to them. There will be whatever the souls desire and the eyes delight in. And you will be there forever"},"surah":null},{"id":4397,"surahId":43,"ayatId":72,"ayatNo":"٧٢","pageNo":494,"ayatText":"وَتِلْكَ الْجَنَّةُ الَّتٖٓي اُو۫رِثْتُمُوهَا بِمَا كُنْتُمْ تَعْمَلُونَ","ayatMealText":{"tr":"İşte yaptıklarınıza karşılık size miras verilen cennet budur.","nl":"En dat is het Paradijs dat jullie hebben geërfd wegens wat jullie hebben verricht","en":"That is the Paradise which you will be awarded for what you used to do"},"surah":null},{"id":4398,"surahId":43,"ayatId":73,"ayatNo":"٧٣","pageNo":494,"ayatText":"لَكُمْ فٖيهَا فَاكِهَةٌ كَثٖيرَةٌ مِنْهَا تَأْكُلُونَ","ayatMealText":{"tr":"Orada sizin için bol bol meyveler vardır. Onlardan yersiniz.","nl":"Daarin zijn voor jullie vele vruchten waarvan jullie eten.","en":"There you will have abundant fruit to eat from"},"surah":null}]}