{"juzNo":25,"pageNo":495,"arCuzNo":"۲٥","arPageNo":"٤۹٥","quranAyats":[{"id":4399,"surahId":43,"ayatId":74,"ayatNo":"٧٤","pageNo":495,"ayatText":"اِنَّ الْمُجْرِمٖينَ فٖي عَذَابِ جَهَنَّمَ خَالِدُونَۚ","ayatMealText":{"tr":"Şüphesiz ki suçlular, cehennem azâbında ebedi olarak kalacaklardır.","nl":"Voorwaar, de misdadigers zullen eeuwig in de bestraffing van de Hel verkeren.","en":"Indeed, the wicked will be in the torment of Hell forever"},"surah":{"surahId":43,"name":"Zuhruf","nameAr":"الزُّخْرُفِ","revelationOrder":63,"verseCount":89,"juzNo":25,"firstPage":489}},{"id":4400,"surahId":43,"ayatId":75,"ayatNo":"٧٥","pageNo":495,"ayatText":"لَا يُفَتَّرُ عَنْهُمْ وَهُمْ فٖيهِ مُبْلِسُونَۚ","ayatMealText":{"tr":"Onların azâbı hafifletilmez ve onlar azab içersinde ümitsizdirler.","nl":"De bestraffing zal voor hen niet verlkht worden, terwijl zij daarin wanhopigen zijn.","en":"It will never be lightened for them, and there they will be overwhelmed with despair"},"surah":null},{"id":4401,"surahId":43,"ayatId":76,"ayatNo":"٧٦","pageNo":495,"ayatText":"وَمَا ظَلَمْنَاهُمْ وَلٰكِنْ كَانُوا هُمُ الظَّالِمٖينَ","ayatMealText":{"tr":"Biz onlara zulmetmedik, fakat onlar kendileri zâlimler oldular.","nl":"Wij hebben hun geen onrecht aangedaan, maar zij hebben zichzelf onrecht aangedaan.","en":"We did not wrong them, but it was they who were the wrongdoers"},"surah":null},{"id":4402,"surahId":43,"ayatId":77,"ayatNo":"٧٧","pageNo":495,"ayatText":"وَنَادَوْا يَا مَالِكُ لِيَقْضِ عَلَيْنَا رَبُّكَؕ قَالَ اِنَّكُمْ مَاكِثُونَ","ayatMealText":{"tr":"Onlar cehennem bekçisine: \"Ey Mâlik! Rabbin artık bizi öldürsün.\" diye seslenirler. Mâlik de: \"Siz böylece kalacaksınız.\" der.","nl":"Zij roepen: \"O Mâlik (bewaker van de Hel), laat jouw Heer een eind aan ons maken.\" Hij zegt: \"Voorwaar, jullie blijven hier.\"","en":"They will cry, “O Mâlik! Let your Lord finish us off.” He will answer, “You are definitely here to stay.”"},"surah":null},{"id":4403,"surahId":43,"ayatId":78,"ayatNo":"٧٨","pageNo":495,"ayatText":"لَقَدْ جِئْنَاكُمْ بِالْحَقِّ وَلٰكِنَّ اَكْثَرَكُمْ لِلْحَقِّ كَارِهُونَ","ayatMealText":{"tr":"Andolsun ki biz size hakkı getirdik. Fakat sizin çoğunuz haktan hoşlanmıyorsunuz.","nl":"Voorzeker, Wij hebben jullie de Waarheid gebracht, maar de meesten van jullie haten de Waarheid.","en":"We certainly brought the truth to you, but most of you were resentful of the truth"},"surah":null},{"id":4404,"surahId":43,"ayatId":79,"ayatNo":"٧٩","pageNo":495,"ayatText":"اَمْ اَبْرَمُٓوا اَمْراً فَاِنَّا مُبْرِمُونَۚ","ayatMealText":{"tr":"Yoksa onlar hakka karşı gelmek için bir iş mi kararlaştırdılar? Biz de onları cezalandırmak için kararlıyız.","nl":"Zij hebben zelfs een plan beraamd, daarom hebben Wij een plan beraamd.","en":"Or have they mastered some ˹evil˺ plan? Then We ˹too˺ are surely planning"},"surah":null},{"id":4405,"surahId":43,"ayatId":80,"ayatNo":"٨٠","pageNo":495,"ayatText":"اَمْ يَحْسَبُونَ اَنَّا لَا نَسْمَعُ سِرَّهُمْ وَنَجْوٰيهُمْؕ بَلٰى وَرُسُلُنَا لَدَيْهِمْ يَكْتُبُونَ","ayatMealText":{"tr":"Yoksa onlar bizim sırlarını ve gizli konuşmalarını işitmediğimizi mi sanıyorlar? Hayır, işitiriz ve yanlarında bulunan elçi meleklerimiz de her yaptıklarını yazıyorlar.","nl":"Of denken zij, dat Wij hun geheimen en hun gefluister niet horen? Welzeker! Onze gezanten (Engelen) zijn bij hen, zij schrijven.","en":"Or do they think that We do not hear their ˹evil˺ thoughts and secret talks? Yes ˹We do˺! And Our messenger-angels are in their presence, recording ˹it all˺"},"surah":null},{"id":4406,"surahId":43,"ayatId":81,"ayatNo":"٨١","pageNo":495,"ayatText":"قُلْ اِنْ كَانَ لِلرَّحْمٰنِ وَلَدٌࣗ فَاَنَا۬ اَوَّلُ الْعَابِدٖينَ","ayatMealText":{"tr":"Ey Muhammed! de ki: \"Eğer Rahman olan Allah'ın bir çocuğu olsaydı, ona ibâdet edenlerin birincisi ben olurdum.\"","nl":"Zeg (O Moehammad): \"Als de Erbarmer een zoon zou hebben, dan zou ik de eerste zijn om hem te dienen.\"","en":"Say, ˹O Prophet,˺ “If the Most Compassionate ˹really˺ had offspring, I would be the first worshipper.”"},"surah":null},{"id":4407,"surahId":43,"ayatId":82,"ayatNo":"٨٢","pageNo":495,"ayatText":"سُبْحَانَ رَبِّ السَّمٰوَاتِ وَالْاَرْضِ رَبِّ الْعَرْشِ عَمَّا يَصِفُونَ","ayatMealText":{"tr":"Göklerin ve yerin Rabbi, arşın Rabbi onların nitelendirdikleri şeyden münezzehtir, yücedir.","nl":"Heilig is de Heer van de hemelen en de aarde, de Heer van de Troon, boven wat zij (Hem) toeschrijven.","en":"Glorified is the Lord of the heavens and the earth, the Lord of the Throne, far above what they claim"},"surah":null},{"id":4408,"surahId":43,"ayatId":83,"ayatNo":"٨٣","pageNo":495,"ayatText":"فَذَرْهُمْ يَخُوضُوا وَيَلْعَبُوا حَتّٰى يُلَاقُوا يَوْمَهُمُ الَّذٖي يُوعَدُونَ","ayatMealText":{"tr":"Şimdi sen bırak onları, tehdit edildikleri günlerine kavuşuncaya kadar batıla dalsınlar oynasınlar.","nl":"Laat hen in hun dwaling blijven en spelen totdat zij hun Dag ontmoeten die hun is aangezegd.","en":"So let them indulge ˹in falsehood˺ and amuse ˹themselves˺ until they face their Day, which they have been warned of"},"surah":null},{"id":4409,"surahId":43,"ayatId":84,"ayatNo":"٨٤","pageNo":495,"ayatText":"وَهُوَ الَّذٖي فِي السَّمَٓاءِ اِلٰهٌ وَفِي الْاَرْضِ اِلٰهٌؕ وَهُوَ الْحَكٖيمُ الْعَلٖيمُ","ayatMealText":{"tr":"Gökteki ilâh da yerdeki ilâh da O'dur. O hüküm ve hikmet sahibidir herşeyi bilir.","nl":"En Hij is Degene Die de God in de hemel is en de God op de aarde is. En Hij is de Alwijze, de Alwetende.","en":"It is He Who is ˹the only˺ God in the heavens and ˹the only˺ God on the earth. For He is the All-Wise, All-Knowing"},"surah":null},{"id":4410,"surahId":43,"ayatId":85,"ayatNo":"٨٥","pageNo":495,"ayatText":"وَتَبَارَكَ الَّذٖي لَهُ مُلْكُ السَّمٰوَاتِ وَالْاَرْضِ وَمَا بَيْنَهُمَاۚ وَعِنْدَهُ عِلْمُ السَّاعَةِۚ وَاِلَيْهِ تُرْجَعُونَ","ayatMealText":{"tr":"Göklerin, yerin ve her ikisi arasındakilerin hükümranlığı kendisine ait olan Allah'ın şanı yücedir. Kıyâmet saatinin bilgisi de yalnız onun yanındadır. Siz sadece O'na döndürüleceksiniz.","nl":"En gezegend is Degene aan Wie de heerschappij van de hemelen en de aarde behoort en wat er tussen is. En bij Hem is de kennis over het Uur en tot Hem zullen jullie terugkeerd worden.","en":"And Blessed is the One to Whom belongs the kingdom of the heavens and the earth and everything in between! With Him ˹alone˺ is the knowledge of the Hour. And to Him you will ˹all˺ be returned"},"surah":null},{"id":4411,"surahId":43,"ayatId":86,"ayatNo":"٨٦","pageNo":495,"ayatText":"وَلَا يَمْلِكُ الَّذٖينَ يَدْعُونَ مِنْ دُونِهِ الشَّفَاعَةَ اِلَّا مَنْ شَهِدَ بِالْحَقِّ وَهُمْ يَعْلَمُونَ","ayatMealText":{"tr":"Onların Allah'ı bırakıp da tapdıkları putlar şefaat hakkına sahip değillerdir. Ancak bilerek hakka şahitlik edenler şefâat edebilir.","nl":"En degenen die zij naast Hem aanroepen beschikken niet over de mogelijkheid tot voorspraak, behalve wie van de Waarheid getuigen terwijl zij kennis hebben.","en":"˹But˺ those ˹objects of worship˺ they invoke besides Him have no power to intercede, except those who testify to the truth knowingly"},"surah":null},{"id":4412,"surahId":43,"ayatId":87,"ayatNo":"٨٧","pageNo":495,"ayatText":"وَلَئِنْ سَاَلْتَهُمْ مَنْ خَلَقَهُمْ لَيَقُولُنَّ اللّٰهُ فَاَنّٰى يُؤْفَكُونَۙ","ayatMealText":{"tr":"Eğer sen onlara kendilerini kimin yarattığını sorsan elbette: \"Allah\" derler. O halde nasıl haktan çevriliyorlar?","nl":"En als jij hun vraagt wie hen geschapen heeft, dan zullen zij zeker zeggen: \"Allah.\" Waarom worden zij dan belogen?","en":"If you ask them ˹O Prophet˺ who created them, they will certainly say, “Allah!” How can they then be deluded ˹from the truth˺"},"surah":null},{"id":4413,"surahId":43,"ayatId":88,"ayatNo":"٨٨","pageNo":495,"ayatText":"وَقٖيلِهٖ يَا رَبِّ اِنَّ هٰٓؤُ۬لَٓاءِ قَوْمٌ لَا يُؤْمِنُونَۘ","ayatMealText":{"tr":"Peygamberin sözü şu olmuştur: \"Ey Rabbim! Bunlar gerçekten imân etmeyen bir kavimdir.\"","nl":"En (Allah kent) zijn (Moehammad's) woorden: \"O mijn Heer, voorwaar, zij zijn een volk dat niet gelooft.\"","en":"˹Allah is Aware of˺ the Prophet’s cry: “O my Lord! Indeed, these are a people who persist in disbelief.”"},"surah":null},{"id":4414,"surahId":43,"ayatId":89,"ayatNo":"٨٩","pageNo":495,"ayatText":"فَاصْفَحْ عَنْهُمْ وَقُلْ سَلَامٌؕ فَسَوْفَ يَعْلَمُونَ","ayatMealText":{"tr":"Ey Muhammed! Şimdilik sen onlara aldırma ve: \"Size selâm olsun.\" de. Onlar yakında bilecekler!","nl":"Verdraag hen maar, en zeg: \"Vaarwel!\" Zij zullen het weten.","en":"So bear with them and respond with peace. They will soon come to know"},"surah":null}]}