{"juzNo":25,"pageNo":498,"arCuzNo":"۲٥","arPageNo":"٤۹۸","quranAyats":[{"id":4454,"surahId":44,"ayatId":40,"ayatNo":"٤٠","pageNo":498,"ayatText":"اِنَّ يَوْمَ الْفَصْلِ مٖيقَاتُهُمْ اَجْمَعٖينَۙ","ayatMealText":{"tr":"Şüphesiz ki hakkı batıldan ayırd etme günü onların hepsinin bir araya toplanacağı gündür.","nl":"Voorwaar, de Dag van de Beslissing is hun vastgestelde tijd, tezamen.","en":"Surely the Day of ˹Final˺ Decision is the time appointed for all—"},"surah":{"surahId":44,"name":"Duhân","nameAr":"الدُّخَانِ","revelationOrder":64,"verseCount":59,"juzNo":25,"firstPage":496}},{"id":4455,"surahId":44,"ayatId":41,"ayatNo":"٤١","pageNo":498,"ayatText":"يَوْمَ لَا يُغْنٖي مَوْلًى عَنْ مَوْلًى شَيْـٔاً وَلَا هُمْ يُنْصَرُونَۙ","ayatMealText":{"tr":"O gün dostun dosta hiçbir faydası olmaz. Onlara yardım da edilmez.","nl":"De Dag waarop de ene vriend de andere vriend in niets kan bijstaan, en zij zullen niet geholpen worden.","en":"the Day no kith or kin will be of benefit to another whatsoever, nor will they be helped"},"surah":null},{"id":4456,"surahId":44,"ayatId":42,"ayatNo":"٤٢","pageNo":498,"ayatText":"اِلَّا مَنْ رَحِمَ اللّٰهُؕ اِنَّهُ هُوَ الْعَزٖيزُ الرَّحٖيمُࣖ","ayatMealText":{"tr":"Ancak Allah'ın merhamet ettiği kimseler böyle değildir. Şüphesiz ki Allah çok güçlüdür, çok merhamet edicidir.","nl":"Behalve degene die door Allah begenadigd wordt: voorwaar, Hij is de Almachtige, de Meest Barmhartige.","en":"except those shown mercy by Allah. He is truly the Almighty, Most Merciful"},"surah":null},{"id":4457,"surahId":44,"ayatId":43,"ayatNo":"٤٣","pageNo":498,"ayatText":"اِنَّ شَجَرَتَ الزَّقُّومِۙ","ayatMealText":{"tr":"Gerçekten zakkum ağacı,","nl":"Voorwaar, de Zaqqôem-boom.","en":"Surely ˹the fruit of˺ the tree of Zaqqûm"},"surah":null},{"id":4458,"surahId":44,"ayatId":44,"ayatNo":"٤٤","pageNo":498,"ayatText":"طَعَامُ الْاَثٖيمِۚۛ","ayatMealText":{"tr":"Günahkârların yemeğidir.","nl":"Voedsel van de zondaar.","en":"will be the food of the evildoer"},"surah":null},{"id":4459,"surahId":44,"ayatId":45,"ayatNo":"٤٥","pageNo":498,"ayatText":"كَالْمُهْلِۚۛ يَغْلٖي فِي الْبُطُونِۙ","ayatMealText":{"tr":"O pota gibi karınlarda kaynar.","nl":"Als gesmolten metaal dat in de buiken kookt.","en":"Like molten metal, it will boil in the bellies"},"surah":null},{"id":4460,"surahId":44,"ayatId":46,"ayatNo":"٤٦","pageNo":498,"ayatText":"كَغَلْيِ الْحَمٖيمِ","ayatMealText":{"tr":"O, kızgın bir sıvının kaynaması gibidir.","nl":"Als kokend heet water.","en":"like the boiling of hot water"},"surah":null},{"id":4461,"surahId":44,"ayatId":47,"ayatNo":"٤٧","pageNo":498,"ayatText":"خُذُوهُ فَاعْتِلُوهُ اِلٰى سَوَٓاءِ الْجَحٖيمِۚ","ayatMealText":{"tr":"Allah meleklere şöyle emreder. \"Şunu tutun da Cehennem'in ortasına sürükleyin.\"","nl":"Grijpt hem en sleept hem naar het midden van de Hel.","en":"˹It will be said,˺ “Seize them and drag them into the depths of the Hellfire"},"surah":null},{"id":4462,"surahId":44,"ayatId":48,"ayatNo":"٤٨","pageNo":498,"ayatText":"ثُمَّ صُبُّوا فَوْقَ رَأْسِهٖ مِنْ عَذَابِ الْحَمٖيمِؕ","ayatMealText":{"tr":"\"Sonra onun başının üstüne kaynar su azabından dökün.\"","nl":"Daarna wordt een bestraffing van de Hel over zijn hoofd uitgegoten.","en":"Then pour over their heads the torment of boiling water.”"},"surah":null},{"id":4463,"surahId":44,"ayatId":49,"ayatNo":"٤٩","pageNo":498,"ayatText":"ذُقْۙ ۚ اِنَّكَ اَنْتَ الْعَزٖيزُ الْكَرٖيمُ","ayatMealText":{"tr":"Ona şöyle denir! \"Tat bakalım azabı! hani sen kendine göre çok güçlü ve çok üstündün.","nl":"Proeft (deze bestraffing), voorwaar, jij bent de geweldige, de nobele. (Wordt er spottend tot de misdadiger gezegd.)","en":"˹The wicked will be told,˺ “Taste this. You mighty, noble one"},"surah":null},{"id":4464,"surahId":44,"ayatId":50,"ayatNo":"٥٠","pageNo":498,"ayatText":"اِنَّ هٰذَا مَا كُنْتُمْ بِهٖ تَمْتَرُونَ","ayatMealText":{"tr":"İşte sizin inkâr edip durduğunuz şey budur.\"","nl":"Voorwaar, dit is dat waarover jullie in twijfel plachten te verkeren.","en":"This is truly what you ˹all˺ used to doubt.”"},"surah":null},{"id":4465,"surahId":44,"ayatId":51,"ayatNo":"٥١","pageNo":498,"ayatText":"اِنَّ الْمُتَّقٖينَ فٖي مَقَامٍ اَمٖينٍۙ","ayatMealText":{"tr":"Şüphesiz ki kötülükten sakınanlar güvenli bir makamdadırlar.","nl":"Voorwaar, de Moettaqôen verblijven in een veilige plaats.","en":"Indeed, the righteous will be in a secure place"},"surah":null},{"id":4466,"surahId":44,"ayatId":52,"ayatNo":"٥٢","pageNo":498,"ayatText":"فٖي جَنَّاتٍ وَعُيُونٍۚ","ayatMealText":{"tr":"Bahçelerde ve pınar başlarındadırlar.","nl":"In tuinen en bij bronnen (het Paradijs).","en":"amid Gardens and springs"},"surah":null},{"id":4467,"surahId":44,"ayatId":53,"ayatNo":"٥٣","pageNo":498,"ayatText":"يَلْبَسُونَ مِنْ سُنْدُسٍ وَاِسْتَبْرَقٍ مُتَقَابِلٖينَۚ","ayatMealText":{"tr":"Onlar ince ipekten ve parlak atlastan elbiseler giyerek karşılıklı olarak otururlar.","nl":"Zij dragen kleding van fijne zijde en brokaat, (zij zijn) tegenover elkaar gezeten.","en":"dressed in fine silk and rich brocade, facing one another"},"surah":null},{"id":4468,"surahId":44,"ayatId":54,"ayatNo":"٥٤","pageNo":498,"ayatText":"كَذٰلِكَࣞ وَزَوَّجْنَاهُمْ بِحُورٍ عٖينٍؕ","ayatMealText":{"tr":"İşte böyle, biz onları ayrıca iri siyah gözlü hurilerle evlendiririz.","nl":"Zo is het. En Wij zullen hen huwen met schone maagden.","en":"So it will be. And We will pair them to maidens with gorgeous eyes"},"surah":null},{"id":4469,"surahId":44,"ayatId":55,"ayatNo":"٥٥","pageNo":498,"ayatText":"يَدْعُونَ فٖيهَا بِكُلِّ فَاكِهَةٍ اٰمِنٖينَۙ","ayatMealText":{"tr":"Onlar orada güven içinde her çeşit meyveyi isteyebilirler.","nl":"Daarin vragen zij in veiligheid om allerlei vruchten.","en":"There they will call for every fruit in serenity"},"surah":null},{"id":4470,"surahId":44,"ayatId":56,"ayatNo":"٥٦","pageNo":498,"ayatText":"لَا يَذُوقُونَ فٖيهَا الْمَوْتَ اِلَّا الْمَوْتَةَ الْاُو۫لٰىۚ وَوَقٰيهُمْ عَذَابَ الْجَحٖيمِۙ","ayatMealText":{"tr":"Onlar orada ilk ölümden başka bir ölüm tatmazlar. Allah onları cehennem azabından korumuştur.","nl":"Zij zullen daarin, na de eerste dood, geen dood meer ondergaan, en Hij beschermt hen voor de bestraffing van de Hel.","en":"There they will never taste death, beyond the first death. And He will protect them from the punishment of the Hellfire—"},"surah":null},{"id":4471,"surahId":44,"ayatId":57,"ayatNo":"٥٧","pageNo":498,"ayatText":"فَضْلاً مِنْ رَبِّكَؕ ذٰلِكَ هُوَ الْفَوْزُ الْعَظٖيمُ","ayatMealText":{"tr":"(Bunların hepsi) Rabbinden bir lütuf olarak (verilmiştir.) İşte büyük kurtuluş budur.","nl":"Als een gunst van jouw Heer. Dat is de geweldige overwinning.","en":"as ˹an act of˺ grace from your Lord. That is ˹truly˺ the ultimate triumph"},"surah":null},{"id":4472,"surahId":44,"ayatId":58,"ayatNo":"٥٨","pageNo":498,"ayatText":"فَاِنَّمَا يَسَّرْنَاهُ بِلِسَانِكَ لَعَلَّهُمْ يَتَذَكَّرُونَ","ayatMealText":{"tr":"Biz Kur'ân'ı senin dilinle indirip kolaylaştırdık. Umulur ki onlar öğüt alırlar.","nl":"Voorwaar, Wij hebben hem (de Koran) gemakkelijk gemaakt in jouw taal. Hopelijk zullen zij er lering uit trekken.","en":"Indeed, We have made this ˹Quran˺ easy in your own language ˹O Prophet˺ so perhaps they will be mindful"},"surah":null},{"id":4473,"surahId":44,"ayatId":59,"ayatNo":"٥٩","pageNo":498,"ayatText":"فَارْتَقِبْ اِنَّهُمْ مُرْتَقِبُونَ","ayatMealText":{"tr":"Artık sen onların başlarına gelecekleri bekle: Çünkü onlar da bekleyip durmaktadırlar.","nl":"Wacht daarom: voorwaar, zij wachten (op hun bestraffing).","en":"Wait then! They too are certainly waiting"},"surah":null}]}