{"juzNo":25,"pageNo":500,"arCuzNo":"۲٥","arPageNo":"٥۰۰","quranAyats":[{"id":4487,"surahId":45,"ayatId":14,"ayatNo":"١٤","pageNo":500,"ayatText":"قُلْ لِلَّذٖينَ اٰمَنُوا يَغْفِرُوا لِلَّذٖينَ لَا يَرْجُونَ اَيَّامَ اللّٰهِ لِيَجْزِيَ قَوْماً بِمَا كَانُوا يَكْسِبُونَ","ayatMealText":{"tr":"Ey Muhammed! İman edenlere söyle: Allah'ın cezalandıracağı günlerin geleceğini ummayanları şimdilik bağışlasınlar. Çünkü Allah her kavmi kazandıklarıyla cezalandıracaktır.","nl":"Zeg tot degenen die geloven dat zij degenen vergeven die niet op de Dagen van Allah hopen. Zodat Hij een volk zal vergelden voor wat het heeft verricht.","en":"˹O Prophet!˺ Tell the believers to forgive those who do not fear Allah’s days ˹of torment˺, so that He will reward each group for what they used to commit"},"surah":{"surahId":45,"name":"Câsiye","nameAr":"الْجَاثِيَةِ","revelationOrder":65,"verseCount":37,"juzNo":25,"firstPage":499}},{"id":4488,"surahId":45,"ayatId":15,"ayatNo":"١٥","pageNo":500,"ayatText":"مَنْ عَمِلَ صَالِحاً فَلِنَفْسِهٖۚ وَمَنْ اَسَٓاءَ فَعَلَيْهَاؗ ثُمَّ اِلٰى رَبِّكُمْ تُرْجَعُونَ","ayatMealText":{"tr":"Her kim iyi bir iş yaparsa onun faydası kendisinedir. Kim de kötülük yaparsa zararı yine kendinedir. Sonra hep Rabbinize döndürüleceksiniz.","nl":"Wie een goede daad heeft verricht, het is voor hem; en wie een slechte daad heeft verricht, hij is er verantwoordelijk voor. Daarna zullen jullie tot jullie Heer worden teruggekeerd.","en":"Whoever does good, it is to their own benefit. And whoever does evil, it is to their own loss. Then to your Lord you will ˹all˺ be returned"},"surah":null},{"id":4489,"surahId":45,"ayatId":16,"ayatNo":"١٦","pageNo":500,"ayatText":"وَلَقَدْ اٰتَيْنَا بَنٖٓي اِسْرَٓائٖلَ الْكِتَابَ وَالْحُكْمَ وَالنُّبُوَّةَ وَرَزَقْنَاهُمْ مِنَ الطَّيِّبَاتِ وَفَضَّلْنَاهُمْ عَلَى الْعَالَمٖينَۚ","ayatMealText":{"tr":"Andolsun ki biz, vaktiyle İsrailoğulları'na kitap, hüküm ve peygamberlik vermiştik. Onları temiz rızıklarla rızıklandırmıştık. Ve onları âlemlerden üstün kılmıştık.","nl":"En voorzeker, Wij hebben de Kinderen van Israël de Schrift (de Taurât) en de heerschappij en het profeetschap gegeven. En Wij hebben hun van het goede voorzien en Wij hebben hen boven de volkeren (die toen leefden) bevoorrecht.","en":"Indeed, We gave the Children of Israel the Scripture, wisdom, and prophethood; granted them good, lawful provisions; and favoured them above the others"},"surah":null},{"id":4490,"surahId":45,"ayatId":17,"ayatNo":"١٧","pageNo":500,"ayatText":"وَاٰتَيْنَاهُمْ بَيِّنَاتٍ مِنَ الْاَمْرِۚ فَمَا اخْتَلَفُٓوا اِلَّا مِنْ بَعْدِ مَا جَٓاءَهُمُ الْعِلْمُۙ بَغْياً بَيْنَهُمْؕ اِنَّ رَبَّكَ يَقْضٖي بَيْنَهُمْ يَوْمَ الْقِيٰمَةِ فٖيمَا كَانُوا فٖيهِ يَخْتَلِفُونَ","ayatMealText":{"tr":"Din hususunda onlara apaçık deliller verdik. Fakat onlar, kendilerine ilim geldikten sonra aralarındaki çekememezlik ve düşmanlık yüzünden ayrılığa düşmüşlerdi. Şüphesiz Rabbin, ayrılığa düştükleri şeylerde, kıyâmet günü aralarında hükmedecektir.","nl":"En Wij hebben hun duidelijke aanwijzingen gegeven over de zaak (de godsdienst). Zij raakten niet eerder verdeeld dan nadat de kennis tot hen gekomen was, elkaar onrecht aandoend. Voorwaar, jouw Heer zal tussen hen beslissen op de Dag der Opstanding, over dat waar zij van mening over verschilden.","en":"We ˹also˺ gave them clear commandments regarding ˹their˺ faith. But it was not until knowledge came to them that they differed out of mutual envy. Surely your Lord will judge between them on the Day of Judgment regarding their differences"},"surah":null},{"id":4491,"surahId":45,"ayatId":18,"ayatNo":"١٨","pageNo":500,"ayatText":"ثُمَّ جَعَلْنَاكَ عَلٰى شَرٖيعَةٍ مِنَ الْاَمْرِ فَاتَّبِعْهَا وَلَا تَتَّبِـعْ اَهْوَٓاءَ الَّذٖينَ لَا يَعْلَمُونَ","ayatMealText":{"tr":"Sonra (Ey Muhammed) seni din hususunda apaçık bir şeriat sahibi kıldık. Sen ona uy, bilmeyenlerin hevâ ve heveslerine uyma.","nl":"Vervolgens plaatsten Wij jou (O Moehammad) op een juiste weg (Sjarî'ah) van de godsdienst. Volg deze dan en volg niet de begeerten van degenen die niet weten.","en":"Now We have set you ˹O Prophet˺ on the ˹clear˺ Way of faith. So follow it, and do not follow the desires of those who do not know ˹the truth˺"},"surah":null},{"id":4492,"surahId":45,"ayatId":19,"ayatNo":"١٩","pageNo":500,"ayatText":"اِنَّهُمْ لَنْ يُغْنُوا عَنْكَ مِنَ اللّٰهِ شَيْـٔاًؕ وَاِنَّ الظَّالِمٖينَ بَعْضُهُمْ اَوْلِيَٓاءُ بَعْضٍۚ وَاللّٰهُ وَلِيُّ الْمُتَّقٖينَ","ayatMealText":{"tr":"Çünkü onlar Allah'tan gelecek hiçbir şeyi senden uzaklaştıramazlar. Şüphesiz zâlimler, birbirlerinin dostlarıdır. Allah ise müttakilerin dostudur.","nl":"Voorwaar, zij zullen jou beslist in niets kunnen beschermen tegen (de bestraffing van) Allah. En voorwaar, de onrechtvaardigen zijn elkaars helpers. En Allah is de Beschermer van de Moettaqôen.","en":"They certainly can be of no benefit to you against Allah whatsoever. Surely the wrongdoers are patrons of each other, whereas Allah is the Patron of the righteous"},"surah":null},{"id":4493,"surahId":45,"ayatId":20,"ayatNo":"٢٠","pageNo":500,"ayatText":"هٰذَا بَصَٓائِرُ لِلنَّاسِ وَهُدًى وَرَحْمَةٌ لِقَوْمٍ يُوقِنُونَ","ayatMealText":{"tr":"Bu (Kur'an) insanların kalb gözünü açan bir nur, kesin bilgi edinmek isteyen bir toplum için de hidâyet ve rahmettir.","nl":"Deze (Koran) is een duidelijke aanwijzing voor de mensheid en Leiding en Barmhartigheid voor een volk dat overtuigd is.","en":"This ˹Quran˺ is an insight for humanity—a guide and mercy for people of sure faith"},"surah":null},{"id":4494,"surahId":45,"ayatId":21,"ayatNo":"٢١","pageNo":500,"ayatText":"اَمْ حَسِبَ الَّذٖينَ اجْتَرَحُوا السَّيِّـَٔاتِ اَنْ نَجْعَلَهُمْ كَالَّذٖينَ اٰمَنُوا وَعَمِلُوا الصَّالِحَاتِۙ سَوَٓاءً مَحْيَاهُمْ وَمَمَاتُهُمْؕ سَٓاءَ مَا يَحْكُمُونَࣖ","ayatMealText":{"tr":"Yoksa, kötülük işleyenler, hayatlarında ve ölümlerinde kendilerini, iman edip iyi ameller işleyen kimselerle bir tutacağımızı mı zannettiler? Ne kötü hüküm veriyorlar!","nl":"Dachten degenen die slechte daden verricht hebben, dat Wij hen hetzelfde zullen behandelen als degenen die geloofden en goede daden verricht hebben, zowel in hun leven als in hun sterven? Slecht is dat wat zij vermoeden!","en":"Or do those who commit evil deeds ˹simply˺ think that We will make them equal—in their life and after their death—to those who believe and do good? How wrong is their judgment"},"surah":null},{"id":4495,"surahId":45,"ayatId":22,"ayatNo":"٢٢","pageNo":500,"ayatText":"وَخَلَقَ اللّٰهُ السَّمٰوَاتِ وَالْاَرْضَ بِالْحَقِّ وَلِتُجْزٰى كُلُّ نَفْسٍ بِمَا كَسَبَتْ وَهُمْ لَا يُظْلَمُونَ","ayatMealText":{"tr":"Halbuki Allah, gökleri ve yeri hak ile yarattı. Hem de herkese yaptığının karşılığı verilmek üzere, onlara asla haksızlık edilmez.","nl":"En Allah heeft de hemelen en de aarde in Waarheid geschapen. Zodat elke ziel wordt vergolden voor wat zij heeft verricht. En zij worden niet onrechtvaardig behandeld.","en":"For Allah created the heavens and the earth for a purpose, so that every soul may be paid back for what it has committed. And none will be wronged"},"surah":null}]}