{"juzNo":26,"pageNo":502,"arCuzNo":"۲٦","arPageNo":"٥۰۲","quranAyats":[{"id":4506,"surahId":45,"ayatId":33,"ayatNo":"٣٣","pageNo":502,"ayatText":"وَبَدَا لَهُمْ سَيِّـَٔاتُ مَا عَمِلُوا وَحَاقَ بِهِمْ مَا كَانُوا بِهٖ يَسْتَهْزِؤُ۫نَ","ayatMealText":{"tr":"Derken yaptıkları amellerin kötülüğü gözlerinin önüne serildi, alay edip durdukları şey onları kuşatıverdi.","nl":"En het kwade van wat zij verricht hadden, werd hen duidelijk en zij werden omsingeld door dat waar zij de spot mee plachten te drijven.","en":"And the evil ˹consequences˺ of their deeds will unfold before them, and they will be overwhelmed by what they used to ridicule"},"surah":{"surahId":45,"name":"Câsiye","nameAr":"الْجَاثِيَةِ","revelationOrder":65,"verseCount":37,"juzNo":25,"firstPage":499}},{"id":4507,"surahId":45,"ayatId":34,"ayatNo":"٣٤","pageNo":502,"ayatText":"وَقٖيلَ الْيَوْمَ نَنْسٰيكُمْ كَمَا نَسٖيتُمْ لِقَٓاءَ يَوْمِكُمْ هٰذَا وَمَأْوٰيكُمُ النَّارُ وَمَا لَكُمْ مِنْ نَاصِرٖينَ","ayatMealText":{"tr":"O gün kâfirlere şöyle denilir; \"Siz, dünyada bugüne kavuşmayı nasıl unuttuysanız, biz de bugün sizi öylece unutacağız. Yeriniz ateştir ve sizin için yardımcılardan bir kimse de yoktur.\"","nl":"Op die Dag wordt gezegd: \"Wij vergeten jullie zoals jullie de ontmoeting met deze Dag van jullie hebben vergeten, en jullie verblijfplaats is de Hel en voor jullie zijn er geen helpers.","en":"It will be said, “This Day We will neglect you as you neglected the meeting of this Day of yours! Your home will be the Fire, and you will have no helpers"},"surah":null},{"id":4508,"surahId":45,"ayatId":35,"ayatNo":"٣٥","pageNo":502,"ayatText":"ذٰلِكُمْ بِاَنَّكُمُ اتَّخَذْتُمْ اٰيَاتِ اللّٰهِ هُزُواً وَغَرَّتْكُمُ الْحَيٰوةُ الدُّنْيَاۚ فَالْيَوْمَ لَا يُخْرَجُونَ مِنْهَا وَلَا هُمْ يُسْتَعْتَبُونَ","ayatMealText":{"tr":"Bunun sebebi şudur; Siz Allah'ın âyetlerini alaya aldınız, dünya hayatı sizi aldattı. Artık bugün onlar, ateşten çıkarılmayacaklar ve kendilerinden özür dilemeleri de kabul edilmeyecektir.","nl":"Dit is omdat jullie de Verzen van Allah tot onderwerp van spot maakten en het wereldse leven jullie verleid heeft.\" Op die Dag zullen zij er niet worden uitgehaald, en zij zullen niet naar hun berouw gevraagd worden.","en":"This is because you made a mockery of Allah’s revelations, and were deluded by ˹your˺ worldly life.” So ˹from˺ that Day ˹on˺ they will not be taken out of the Fire, nor will they be allowed to appease ˹their Lord˺"},"surah":null},{"id":4509,"surahId":45,"ayatId":36,"ayatNo":"٣٦","pageNo":502,"ayatText":"فَلِلّٰهِ الْحَمْدُ رَبِّ السَّمٰوَاتِ وَرَبِّ الْاَرْضِ رَبِّ الْعَالَمٖينَ","ayatMealText":{"tr":"Hamd, göklerin Rabbi, yerin Rabbi ve âlemlerin Rabbi olan Allah'a mahsustur.","nl":"Alle lof zij Allah, de Heer van de hemelen en de Heer van de aarde, de Heer der Werelden.","en":"So all praise is for Allah—Lord of the heavens and Lord of the earth, Lord of all worlds"},"surah":null},{"id":4510,"surahId":45,"ayatId":37,"ayatNo":"٣٧","pageNo":502,"ayatText":"وَلَهُ الْكِبْرِيَٓاءُ فِي السَّمٰوَاتِ وَالْاَرْضِࣕ وَهُوَ الْعَزٖيزُ الْحَكٖيمُ","ayatMealText":{"tr":"Göklerde ve yerde büyüklük ve hâkimiyet O'nundur. O, Aziz'dir (herşeye galiptir); Hakîm'dir (hüküm ve hikmet sahibidir).","nl":"En Hem behoort alle grootheid in de hemelen en op de aarde, en Hij is de Almachtige, de Alwijze.","en":"To Him belongs ˹all˺ Majesty in the heavens and the earth. And He is the Almighty, All-Wise"},"surah":null},{"id":4511,"surahId":46,"ayatId":1,"ayatNo":"١","pageNo":502,"ayatText":"حٰمٓ","ayatMealText":{"tr":"Hâ mîm.","nl":"Ha Mîm.","en":"Ḥâ-Mĩm"},"surah":{"surahId":46,"name":"Ahkâf","nameAr":"الْاَحْقَافِ","revelationOrder":66,"verseCount":35,"juzNo":26,"firstPage":502}},{"id":4512,"surahId":46,"ayatId":2,"ayatNo":"٢","pageNo":502,"ayatText":"تَنْزٖيلُ الْكِتَابِ مِنَ اللّٰهِ الْعَزٖيزِ الْحَكٖيمِ","ayatMealText":{"tr":"Bu kitabın indirilişi, çok güçlü, hüküm ve hikmet sahibi olan Allah tarafındandır.","nl":"De neerzending van het Boek (de Koran) is van Allah, de Almachtige, de Alwijze.","en":"The revelation of this Book is from Allah—the Almighty, All-Wise"},"surah":null},{"id":4513,"surahId":46,"ayatId":3,"ayatNo":"٣","pageNo":502,"ayatText":"مَا خَلَقْنَا السَّمٰوَاتِ وَالْاَرْضَ وَمَا بَيْنَهُمَٓا اِلَّا بِالْحَقِّ وَاَجَلٍ مُسَمًّىؕ وَالَّذٖينَ كَفَرُوا عَمَّٓا اُنْذِرُوا مُعْرِضُونَ","ayatMealText":{"tr":"Biz gökleri, yeri ve ikisi arasındakileri ancak hak ile ve belirli bir süre için yarattık. İnkâr edenler uyarıldıkları şeyden yüz çeviriyorlar.","nl":"Wij hebben de hemelen en de aarde en wat er tussen hen is slechts in Waarheid geschapen en voor een vastgestelde tijd. En degenen die niet geloofden, zij wendden zich af van dat waar zij voor gewaarschuwd werden.","en":"We only created the heavens and the earth and everything in between for a purpose and an appointed term. Yet the disbelievers are turning away from what they have been warned about"},"surah":null},{"id":4514,"surahId":46,"ayatId":4,"ayatNo":"٤","pageNo":502,"ayatText":"قُلْ اَرَاَيْتُمْ مَا تَدْعُونَ مِنْ دُونِ اللّٰهِ اَرُونٖي مَاذَا خَلَقُوا مِنَ الْاَرْضِ اَمْ لَهُمْ شِرْكٌ فِي السَّمٰوَاتِؕ اٖيتُونٖي بِكِتَابٍ مِنْ قَبْلِ هٰذَٓا اَوْ اَثَارَةٍ مِنْ عِلْمٍ اِنْ كُنْتُمْ صَادِقٖينَ","ayatMealText":{"tr":"Ey Muhammed! De ki: \"Allah'tan başka yalvardıklarınızı gördünüz mü? Onlar yerden ne yaratmışlar bana gösterin. Yoksa onların göklerin yaradılışında bir ortaklıkları mı var? Eğer siz doğru söyleyen kimseler iseniz bana bu Kur'an'dan önce indirilmiş bir kitap veya ilimden bir eser getirin.\"","nl":"Zeg (O Moehammad): \"Wisten jullie wat jullie naast Allah aanriepen? Toont mij wat zij geschapen hebben van de aarde, of hebben zij soms een aandeel in de schepping van de aarde? Brengt mij een boek van vóór deze (Koran), of een overblijfsel van kennis, als jullie waarachtigen zijn.\"","en":"Ask ˹them, O Prophet˺, “Have you considered whatever ˹idols˺ you invoke besides Allah? Show me what they have created on earth! Or do they have a share in ˹the creation of˺ the heavens? Bring me a scripture ˹revealed˺ before this ˹Quran˺ or a shred of knowledge, if what you say is true.”"},"surah":null},{"id":4515,"surahId":46,"ayatId":5,"ayatNo":"٥","pageNo":502,"ayatText":"وَمَنْ اَضَلُّ مِمَّنْ يَدْعُوا مِنْ دُونِ اللّٰهِ مَنْ لَا يَسْتَجٖيبُ لَـهُٓ اِلٰى يَوْمِ الْقِيٰمَةِ وَهُمْ عَنْ دُعَٓائِهِمْ غَافِلُونَ","ayatMealText":{"tr":"Allah'ı bırakıp da kıyamet gününe kadar kendisine hiç bir cevap veremeyecek olan putlara dua eden kimseden daha sapık kim olabilir? Oysa taptıkları şeylerin, onların yalvarışlarından haberleri bile yoktur.","nl":"En wie is verder afgedwaald dan hij die naast Allah afgoden aanbidt die hem, tot en met de Dag van de Opstanding, niet kunnen verhoren? En zij zijn achteloos met hun aanbidding.","en":"And who could be more astray than those who call upon others besides Allah—˹others˺ that cannot respond to them until the Day of Judgment, and are ˹even˺ unaware of their calls"},"surah":null}]}