{"juzNo":26,"pageNo":504,"arCuzNo":"۲٦","arPageNo":"٥۰٤","quranAyats":[{"id":4525,"surahId":46,"ayatId":15,"ayatNo":"١٥","pageNo":504,"ayatText":"وَوَصَّيْنَا الْاِنْسَانَ بِوَالِدَيْهِ اِحْسَاناًؕ حَمَلَتْهُ اُمُّهُ كُرْهاً وَوَضَعَتْهُ كُرْهاًؕ وَحَمْلُهُ وَفِصَالُهُ ثَلٰثُونَ شَهْراًؕ حَتّٰٓى اِذَا بَلَغَ اَشُدَّهُ وَبَلَغَ اَرْبَعٖينَ سَنَةًۙ قَالَ رَبِّ اَوْزِعْنٖٓي اَنْ اَشْكُرَ نِعْمَتَكَ الَّتٖٓي اَنْعَمْتَ عَلَيَّ وَعَلٰى وَالِدَيَّ وَاَنْ اَعْمَلَ صَالِحاً تَرْضٰيهُ وَاَصْلِحْ لٖي فٖي ذُرِّيَّتٖيۚ اِنّٖي تُبْتُ اِلَيْكَ وَاِنّٖي مِنَ الْمُسْلِمٖينَ","ayatMealText":{"tr":"Biz insana ana ve babasına iyilik yapmayı tavsiye ettik. Anası onu zahmetle karnında taşıdı ve zahmetle doğurdu. Onun ana karnında taşınması ile sütten kesilme süresi otuz aydır. Nihayet insan olgunluk çağına ulaşıp, kırk yaşına geldiğinde der ki: \"Ey Rabbim! Bana ve ana babama ihsan ettiğin nimetlerine şükretmemi ve senin hoşnut olacağın salih amel işlememi ilham et. Benim neslimden gelenleri de salih kimseler kıl. Doğrusu ben tevbe edip sana yöneldim. Ve ben gerçekten müslümanlardanım.\"","nl":"En Wij hebben de mens goedheid tegenover zijn ouders bevolen. Zijn moeder heeft hem met moeite gedragen en hem met moeite gebaard. Zijn dragen en (de tijd tot) zijn spenen duurt dertig maanden, zodat wanneer hij de volwassenheid bereikt, en hij de leeftijd van veertig jaar bereikt, hij zegt: \"Mijn Heer, onderwijs mij opdat ik dankbaar ben voor uw genietingen die U geschonken heeft aan mij en aan mijn ouders, en opdat ik goede werken verricht die U behagen, en maak mijn nakomelingen rechtschapen. Voorwaar, ik toon U mijn berouw; en voorwaar, ik behoor tot de Moslims.\"","en":"We have commanded people to honour their parents. Their mothers bore them in hardship and delivered them in hardship. Their ˹period of˺ bearing and weaning is thirty months. In time, when the child reaches their prime at the age of forty, they pray, “My Lord! Inspire me to ˹always˺ be thankful for Your favours which You blessed me and my parents with, and to do good deeds that please You. And instil righteousness in my offspring. I truly repent to You, and I truly submit ˹to Your Will˺.”"},"surah":{"surahId":46,"name":"Ahkâf","nameAr":"الْاَحْقَافِ","revelationOrder":66,"verseCount":35,"juzNo":26,"firstPage":502}},{"id":4526,"surahId":46,"ayatId":16,"ayatNo":"١٦","pageNo":504,"ayatText":"اُو۬لٰٓئِكَ الَّذٖينَ نَتَقَبَّلُ عَنْهُمْ اَحْسَنَ مَا عَمِلُوا وَنَتَجَاوَزُ عَنْ سَيِّـَٔاتِهِمْ فٖٓي اَصْحَابِ الْجَنَّةِؕ وَعْدَ الصِّدْقِ الَّذٖي كَانُوا يُوعَدُونَ","ayatMealText":{"tr":"İşte yaptıklarının en güzelini kendilerinden kabul edeceğimiz ve günahlarını bağışlayacağımız bu kimseler cennetlikler arasındadırlar. Bu onlara vaad edilmiş olan dosdoğru bir sözdür.","nl":"Zij zijn degenen van wie Wij het beste aanvaarden van wat zij verrichtten, en Wij wissen hun slechte daden uit, (zij zijn) tezamen met de bewoners van het Paradijs, als een ware belofte die hun is gedaan.","en":"It is from these ˹people˺ that We will accept the good they did, and overlook their misdeeds—along with the residents of Paradise, ˹in fulfilment of˺ the true promise they have been given"},"surah":null},{"id":4527,"surahId":46,"ayatId":17,"ayatNo":"١٧","pageNo":504,"ayatText":"وَالَّذٖي قَالَ لِوَالِدَيْهِ اُفٍّ لَكُمَٓا اَتَعِدَانِنٖٓي اَنْ اُخْرَجَ وَقَدْ خَلَتِ الْقُرُونُ مِنْ قَبْلٖي وَهُمَا يَسْتَغٖيثَانِ اللّٰهَ وَيْلَكَ اٰمِنْࣗ اِنَّ وَعْدَ اللّٰهِ حَقٌّۚ فَيَقُولُ مَا هٰذَٓا اِلَّٓا اَسَاطٖيرُ الْاَوَّلٖينَ","ayatMealText":{"tr":"Ana ve babasına: \"Öf size! siz bana öldükten sonra tekrar dirilip kabrimden çıkarılacağımı mı vaad ediyorsunuz? Oysa benden önce nice nesiller gelip geçmiştir.\" diyen kimseye ana ve babası Allah'a sığınarak \"Yazıklar olsun sana! Gel iman et, şüphesiz ki, Allah'ın vaadi gerçektir.\" dediklerinde o: \"Bu Kur'ân öncekilerin masallarından başka bir şey değildir\" diyordu.","nl":"En (slecht is) degene die tegen zijn ouders zegt: \"Foei jullie! Waarschuwen jullie mij dat ik opgewekt zal worden, terwijl de generaties voor mij zijn heengegaan (en er nog niet een is opgestaan uit zijn graf).\" En zij (de ouders) vragen Allah om hulp (en zeggen tegen hun kind): \"Wee jij, geloof! Voorwaar, de belofte van Allah is waar.\" Waarop hij zegt: \"Dit zijn niets anders dan de fabelen van de vroegeren.\"","en":"But some scold their parents, “Enough with you! Are you warning me that I will be brought forth ˹from the grave˺, while many generations had already perished before me ˹for good˺?” The parents cry to Allah for help, ˹and warn their child,˺ “Pity you. Have faith! Surely Allah’s promise is true.” But the deniers insist, “This is nothing but ancient fables.”"},"surah":null},{"id":4528,"surahId":46,"ayatId":18,"ayatNo":"١٨","pageNo":504,"ayatText":"اُو۬لٰٓئِكَ الَّذٖينَ حَقَّ عَلَيْهِمُ الْقَوْلُ فٖٓي اُمَمٍ قَدْ خَلَتْ مِنْ قَبْلِهِمْ مِنَ الْجِنِّ وَالْاِنْسِؕ اِنَّهُمْ كَانُوا خَاسِرٖينَ","ayatMealText":{"tr":"İşte onlar kendilerinden önce gelip geçmiş olan cin ve insan toplulukları içerisinde haklarında azab vaadi hak olmuş kimselerdir. Onlar gerçekten hüsrana uğramışlardır.","nl":"Zij zijn degenen over wie het woord (van bestraffing) bewaarheid zal worden onder de volken die reeds zijn heengegaan, van de Djinn's en de mensen. Voorwaar, zij waren verliezers.","en":"These are the ones against whom the fate of earlier communities of jinn and humans has been justified, ˹for˺ they were truly losers"},"surah":null},{"id":4529,"surahId":46,"ayatId":19,"ayatNo":"١٩","pageNo":504,"ayatText":"وَلِكُلٍّ دَرَجَاتٌ مِمَّا عَمِلُواۚ وَلِيُوَفِّيَهُمْ اَعْمَالَهُمْ وَهُمْ لَا يُظْلَمُونَ","ayatMealText":{"tr":"Herkesin yaptıklarına göre dereceleri vardır. Allah onlara yaptıklarının karşılığını tam olarak verir. Onlara haksızlık edilmez.","nl":"En voor allen zijn er rangen wegens wat zij deden en opdat Hij hun werken volledig zal vergelden. Zij zullen geen onrecht aangedaan worden.","en":"Each ˹of the two groups˺ will be ranked according to what they have done so He may fully reward all. And none will be wronged"},"surah":null},{"id":4530,"surahId":46,"ayatId":20,"ayatNo":"٢٠","pageNo":504,"ayatText":"وَيَوْمَ يُعْرَضُ الَّذٖينَ كَفَرُوا عَلَى النَّارِؕ اَذْهَبْتُمْ طَيِّبَاتِكُمْ فٖي حَيَاتِكُمُ الدُّنْيَا وَاسْتَمْتَعْتُمْ بِهَاۚ فَالْيَوْمَ تُجْزَوْنَ عَذَابَ الْهُونِ بِمَا كُنْتُمْ تَسْتَكْبِرُونَ فِي الْاَرْضِ بِغَيْرِ الْحَقِّ وَبِمَا كُنْتُمْ تَفْسُقُونَࣖ","ayatMealText":{"tr":"İnkâr edenler ateşe arzedilecekleri gün onlara: \"Siz dünya hayatınızda bütün güzel şeylerinizi harcadınız, onların zevkini sürdünüz, artık bugün yeryüzünde haksız yere büyüklük taslamanız ve yoldan çıkmış olmanızdan dolayı aşağılayıcı bir azabla cezalandırılacaksınız.\" (denir).","nl":"En op de Dag dat degenen die niet geloofden de Hel getoond zal worden, (wordt gezegd): \"Jullie hebben jullie goede dingen die jullie bezaten opgebruikt tijdens het wereldse leven en jullie hebben ervan genoten. Op deze Dag zullen jullie vergolden worden met een vernederende straf omdat jullie hooghartig plachten te leven op de aarde, zonder recht, en omdat jullie zware zonden plachten te begaan.\"","en":"˹Watch for˺ the Day ˹when˺ the disbelievers will be exposed to the Fire. ˹They will be told,˺ “You ˹already˺ exhausted your ˹share of˺ pleasures during your worldly life, and ˹fully˺ enjoyed them. So Today you will be rewarded with the torment of disgrace for your arrogance throughout the land with no right, and for your rebelliousness.”"},"surah":null}]}