{"juzNo":26,"pageNo":514,"arCuzNo":"۲٦","arPageNo":"٥۱٤","quranAyats":[{"id":4607,"surahId":48,"ayatId":24,"ayatNo":"٢٤","pageNo":514,"ayatText":"وَهُوَ الَّذٖي كَفَّ اَيْدِيَهُمْ عَنْكُمْ وَاَيْدِيَكُمْ عَنْهُمْ بِبَطْنِ مَكَّةَ مِنْ بَعْدِ اَنْ اَظْفَرَكُمْ عَلَيْهِمْؕ وَكَانَ اللّٰهُ بِمَا تَعْمَلُونَ بَصٖيراً","ayatMealText":{"tr":"O sizi onlara karşı muzaffer kıldıktan sonra Mekke'nin göbeğinde onların ellerini sizden, sizin ellerinizi de onlardan çekendir. Allah, yaptıklarınızı görendir.","nl":"En Hij is Degene Die hun handen van jullie heeft afgehouden en Die jullie handen van hen afgehouden heeft, in het midden van Mekkah (bij de Masdjid al Harâm), nadat Hij jullie de overwinning over hen had geschonken. En Allah is Alziende over wat jullie doen.","en":"He is the One Who held back their hands from you and your hands from them in the valley of ˹Ḥudaibiyah, near˺ Mecca, after giving you the upper hand over ˹a group of˺ them. And Allah is All-Seeing of what you do"},"surah":{"surahId":48,"name":"Fetih","nameAr":"الْفَتْحِ","revelationOrder":111,"verseCount":29,"juzNo":26,"firstPage":511}},{"id":4608,"surahId":48,"ayatId":25,"ayatNo":"٢٥","pageNo":514,"ayatText":"هُمُ الَّذٖينَ كَفَرُوا وَصَدُّوكُمْ عَنِ الْمَسْجِدِ الْحَرَامِ وَالْهَدْيَ مَعْكُوفاً اَنْ يَبْلُغَ مَحِلَّهُؕ وَلَوْلَا رِجَالٌ مُؤْمِنُونَ وَنِسَٓاءٌ مُؤْمِنَاتٌ لَمْ تَعْلَمُوهُمْ اَنْ تَطَؤُ۫هُمْ فَتُصٖيبَكُمْ مِنْهُمْ مَعَرَّةٌ بِغَيْرِ عِلْمٍۚ لِيُدْخِلَ اللّٰهُ فٖي رَحْمَتِهٖ مَنْ يَشَٓاءُۚ لَوْ تَزَيَّلُوا لَعَذَّبْنَا الَّذٖينَ كَفَرُوا مِنْهُمْ عَذَاباً اَلٖيماً","ayatMealText":{"tr":"Onlar inkâr eden ve sizin Mescidi Haram'ı ziyaretinizi ve bekletilen kurbanların yerlerine ulaşmasını men edenlerdir. Eğer kendilerini henüz tanımadığınız mümin erkeklerle, mümin kadınları bilmeyerek ezmek suretiyle bir vebalin altında kalmanız ihtimali olmasaydı, Allah savaşı önlemezdi. Dilediklerine rahmet etmek için Allah böyle yapmıştır. Eğer onlar birbirinden ayrılmış olsalardı elbette onlardan inkâr edenleri elemli bir azaba çarptırırdık.","nl":"Zij zijn degenen die niet geloofden en die jullie afhielden van de Masdjid Al Harâm (de gewijde Moskee te Mekkah) en die tegenhielden dat de offerdieren hun slachtplaats zouden bereiken. En als er geen gelovige mannen en gelovige vrouwen in Mekkah waren geweest, waarvan jullie niet wisten of jullie hen zouden doden, waarna jullie vanwege hen in moeilijkheden zouden raken, zonder het te weten... (dan zou Allah de verovering van Mekkah reeds toegestaan hebben.) Opdat Allah tot Zijn Barmhartigheid toelaat wie Hij wil. En als zij (gelovigen en ongelovigen) van elkaar gescheiden waren, dan hadden Wij zeker degenen die niet geloofden onder hen met een pijnlijke bestraffing bestraft.","en":"They are the ones who persisted in disbelief and hindered you from the Sacred Mosque, preventing the sacrificial animals from reaching their destination. ˹We would have let you march through Mecca,˺ had there not been believing men and women, unknown to you. You might have trampled them underfoot, incurring guilt for ˹what you did to˺ them unknowingly. That was so Allah may admit into His mercy whoever He wills. Had those ˹unknown˺ believers stood apart, We would have certainly inflicted a painful punishment on the disbelievers"},"surah":null},{"id":4609,"surahId":48,"ayatId":26,"ayatNo":"٢٦","pageNo":514,"ayatText":"اِذْ جَعَلَ الَّذٖينَ كَفَرُوا فٖي قُلُوبِهِمُ الْحَمِيَّةَ حَمِيَّةَ الْجَاهِلِيَّةِ فَاَنْزَلَ اللّٰهُ سَكٖينَتَهُ عَلٰى رَسُولِهٖ وَعَلَى الْمُؤْمِنٖينَ وَاَلْزَمَهُمْ كَلِمَةَ التَّقْوٰى وَكَانُٓوا اَحَقَّ بِهَا وَاَهْلَهَاؕ وَكَانَ اللّٰهُ بِكُلِّ شَيْءٍ عَلٖيماًࣖ","ayatMealText":{"tr":"O zaman inkâr edenler, kalplerine taassubu, câhiliyet taassubunu yerleştirmişlerdi. Allah da elçisine ve müminlere sükûnet ve güvenini indirdi. Onları takva sözü üzerinde durdurdu. Zaten onlar buna pek layık ve ehil kimselerdi. Allah herşeyi bilendir.","nl":"(Gedenkt) toen degenen die niet geloofden trots in hun harten brachten, de trots van de onwetendheid, toen liet Allah de vrede neerdalen over Zijn Boodschapper en de gelovigen, en Hij verplichtte hen zich te houden aan het woord van Taqwa. En zij hadden er meer recht op en zij waren er geschikt voor. En Allah is Alwetend over alle zaken.","en":"˹Remember˺ when the disbelievers had filled their hearts with pride—the pride of ˹pre-Islamic˺ ignorance—then Allah sent down His serenity upon His Messenger and the believers, inspiring them to uphold the declaration of faith, for they were better entitled and more worthy of it. And Allah has ˹perfect˺ knowledge of all things"},"surah":null},{"id":4610,"surahId":48,"ayatId":27,"ayatNo":"٢٧","pageNo":514,"ayatText":"لَقَدْ صَدَقَ اللّٰهُ رَسُولَهُ الرُّءْيَا بِالْحَقِّۚ لَتَدْخُلُنَّ الْمَسْجِدَ الْحَرَامَ اِنْ شَٓاءَ اللّٰهُ اٰمِنٖينَۙ مُحَلِّقٖينَ رُؤُ۫سَكُمْ وَمُقَصِّرٖينَۙ لَا تَخَافُونَؕ فَعَلِمَ مَا لَمْ تَعْلَمُوا فَجَعَلَ مِنْ دُونِ ذٰلِكَ فَتْحاً قَرٖيباً","ayatMealText":{"tr":"Andolsun ki Allah, elçisinin rüyasını doğru çıkardı. Allah dilerse siz güven içinde başlarınızı tıraş etmiş ve saçlarınızı kısaltmış olarak, korkmadan Mescidi Haram'a gireceksiniz. Allah sizin bilmediğinzi bilir. İşte bundan önce size yakın bir fetih verdi.","nl":"En voorzeker, Allah heeft de droom van Zijn Boodschapper bewaarheid: dat jullie zeker de Masdjid Al Harâm zullen binnengaan, als Allah het wil in veiligheid, jullie hoofden kaal scherend en het hoofdhaar kort snijdend, zonder vrees. Hij (Allah) weet wat jullie niet weten en Hij bracht daarnaast een nabije overwinning.","en":"Indeed, Allah will fulfil His Messenger’s vision in all truth: Allah willing, you will surely enter the Sacred Mosque, in security—˹some with˺ heads shaved and ˹others with˺ hair shortened—without fear. He knew what you did not know, so He first granted you the triumph at hand"},"surah":null},{"id":4611,"surahId":48,"ayatId":28,"ayatNo":"٢٨","pageNo":514,"ayatText":"هُوَ الَّـذٖٓي اَرْسَلَ رَسُولَهُ بِالْهُدٰى وَدٖينِ الْحَقِّ لِيُظْهِرَهُ عَلَى الدّٖينِ كُلِّهٖؕ وَكَفٰى بِاللّٰهِ شَهٖيداًؕ","ayatMealText":{"tr":"Bütün dinlerden üstün kılmak üzere, Peygamberini hidayet ve hak din ile gönderen O'dur. Şahit olarak Allah yeter.","nl":"Hij is Degene Die Zijn Boodschapper met de Leiding en de ware godsdienst (de Islam) heeft gezonden om deze over alle godsdiensten te doen zegevieren. En Allah is voldoende als Getuige.","en":"He is the One Who has sent His Messenger with ˹right˺ guidance and the religion of truth, making it prevail over all others. And sufficient is Allah as a Witness"},"surah":null}]}