{"juzNo":26,"pageNo":517,"arCuzNo":"۲٦","arPageNo":"٥۱۷","quranAyats":[{"id":4624,"surahId":49,"ayatId":12,"ayatNo":"١٢","pageNo":517,"ayatText":"يَٓا اَيُّهَا الَّذٖينَ اٰمَنُوا اجْتَنِبُوا كَثٖيراً مِنَ الظَّنِّؗ اِنَّ بَعْضَ الظَّنِّ اِثْمٌ وَلَا تَجَسَّسُوا وَلَا يَغْتَبْ بَعْضُكُمْ بَعْضاًؕ اَيُحِبُّ اَحَدُكُمْ اَنْ يَأْكُلَ لَحْمَ اَخٖيهِ مَيْتاً فَكَرِهْتُمُوهُؕ وَاتَّقُوا اللّٰهَؕ اِنَّ اللّٰهَ تَـوَّابٌ رَحٖيمٌ","ayatMealText":{"tr":"Ey iman edenler! Zannın bir çoğundan kaçının. Çünkü zannın bir kısmı günahtır. Birbirinizin kusurunu araştırmayın. Biriniz diğerini arkasından çekiştirmesin. Biriniz, ölmüş kardeşinin etini yemekten hoşlanır mı? İşte bundan tiksindiniz. O halde Allah'tan korkun. Şüphesiz Allah, tevbeyi çok kabul edendir, çok merhamet edendir.","nl":"O jullie die geloven, vermijdt veel van de kwade vermoedens. Voorwaar, een deel van de kwade vermoedens zijn zonden. En bespioneert elkaar niet en spreekt geen kwaad over elkaar in elkaars afwezigheid. Zou iemand van jullie het vlees van zijn dode broeder willen eten? Jullie zouden het zeker haten. En vreest Allah. Voorwaar, Allah is Berouwaanvaardend, Meest Barmhartig.","en":"O believers! Avoid many suspicions, ˹for˺ indeed, some suspicions are sinful. And do not spy, nor backbite one another. Would any of you like to eat the flesh of their dead brother? You would despise that! And fear Allah. Surely Allah is ˹the˺ Accepter of Repentance, Most Merciful"},"surah":{"surahId":49,"name":"Hucurât","nameAr":"الْحُجُرَاتِ","revelationOrder":106,"verseCount":18,"juzNo":26,"firstPage":515}},{"id":4625,"surahId":49,"ayatId":13,"ayatNo":"١٣","pageNo":517,"ayatText":"يَٓا اَيُّهَا النَّاسُ اِنَّا خَلَقْنَاكُمْ مِنْ ذَكَرٍ وَاُنْثٰى وَجَعَلْنَاكُمْ شُعُوباً وَقَـبَٓائِلَ لِتَعَارَفُواؕ اِنَّ اَكْرَمَكُمْ عِنْدَ اللّٰهِ اَتْقٰيكُمْؕ اِنَّ اللّٰهَ عَلٖيمٌ خَبٖيرٌ","ayatMealText":{"tr":"Ey insanlar! Doğrusu biz sizi bir erkekle bir dişiden yarattık. Ve birbirinizle tanışmanız için sizi milletlere ve kabilelere ayırdık. Muhakkak ki Allah yanında en değerli ve en üstününüz O'ndan en çok korkanınızdır. Şüphesiz Allah bilendir, herşeyden haberdar olandır.","nl":"O mensheid, Wij hebben jullie geschapen uit een man en een vrouw en Wij hebben jullie tot volken en stammen gemaakt, opdat jullie elkaar leren kennen. Voorwaar, de meest edele van jullie is bij Allah degene die het meest (Allah) vreest. Voorwaar, Allah is van alles op de hoogte, Alwetend.","en":"O humanity! Indeed, We created you from a male and a female, and made you into peoples and tribes so that you may ˹get to˺ know one another. Surely the most noble of you in the sight of Allah is the most righteous among you. Allah is truly All-Knowing, All-Aware"},"surah":null},{"id":4626,"surahId":49,"ayatId":14,"ayatNo":"١٤","pageNo":517,"ayatText":"قَالَتِ الْاَعْرَابُ اٰمَنَّاؕ قُلْ لَمْ تُؤْمِنُوا وَلٰكِنْ قُولُٓوا اَسْلَمْنَا وَلَمَّا يَدْخُلِ الْاٖيمَانُ فٖي قُلُوبِكُمْؕ وَاِنْ تُطٖيعُوا اللّٰهَ وَرَسُولَهُ لَا يَلِتْكُمْ مِنْ اَعْمَالِكُمْ شَيْـٔاًؕ اِنَّ اللّٰهَ غَفُورٌ رَحٖيمٌ","ayatMealText":{"tr":"Bedevîler \"inandık\" dediler. De ki: Siz iman etmediniz ama \"İslâm olduk.\" deyin. Henüz iman kalplerinize yerleşmedi. Eğer Allah'a ve Resulüne itaat ederseniz, Allah işlerinizden hiçbir şeyi eksiltmez. Çünkü Allah çok bağışlayan, çok merhamet edendir.","nl":"De bedoeïenen zeggen: \"Wij geloven.\" Zeg (tegen hen O Moehammad): \"Jullie geloven (nog) niet,\" maar zeg (dat zij zeggen): \"Wij hebben ons overgegeven,\" want het geloof is jullie harten nog niet binnengegaan. Maar als jullie Allah en Zijn Boodschapper gehoorzamen, dan vermindert Hij niets (van de beloning) van jullie daden. Voorwaar, Allah is Vergevensgezind, Meest Barmhartig.","en":"˹Some of˺ the nomadic Arabs say, “We believe.” Say, ˹O Prophet,˺ “You have not believed. But say, ‘We have submitted,’ for faith has not yet entered your hearts. But if you obey Allah and His Messenger ˹wholeheartedly˺, He will not discount anything from ˹the reward of˺ your deeds. Allah is truly All-Forgiving, Most Merciful.”"},"surah":null},{"id":4627,"surahId":49,"ayatId":15,"ayatNo":"١٥","pageNo":517,"ayatText":"اِنَّمَا الْمُؤْمِنُونَ الَّذٖينَ اٰمَنُوا بِاللّٰهِ وَرَسُولِهٖ ثُمَّ لَمْ يَرْتَابُوا وَجَاهَدُوا بِاَمْوَالِهِمْ وَاَنْفُسِهِمْ فٖي سَبٖيلِ اللّٰهِؕ اُو۬لٰٓئِكَ هُمُ الصَّادِقُونَ","ayatMealText":{"tr":"Gerçek müminler ancak Allah'a ve Resulüne iman eden, ondan sonra asla şüpheye düşmeyen, Allah yolunda mallarıyla ve canlarıyla savaşanlardır. İşte doğrular ancak onlardır.","nl":"Voorwaar, de gelovigen zijn slechts degenen die in Allah en Zijn Boodschapper geloven, die vervolgens niet twijfelen en die met hun bezittingen en hun levens strijden op de Weg van Allah. Zij zijn de waarachtigen.","en":"The ˹true˺ believers are only those who believe in Allah and His Messenger—never doubting—and strive with their wealth and their lives in the cause of Allah. They are the ones true in faith"},"surah":null},{"id":4628,"surahId":49,"ayatId":16,"ayatNo":"١٦","pageNo":517,"ayatText":"قُلْ اَتُعَلِّمُونَ اللّٰهَ بِدٖينِكُمْ وَاللّٰهُ يَعْلَمُ مَا فِي السَّمٰوَاتِ وَمَا فِي الْاَرْضِؕ وَاللّٰهُ بِكُلِّ شَيْءٍ عَلٖيمٌ","ayatMealText":{"tr":"De ki: Siz dininizi Allah'a mı öğretiyorsunuz? Oysa Allah göklerde olanları da bilir, yerde olanları da. Allah herşeyi hakkıyla bilendir.","nl":"Zeg: \"Zouden jullie Allah willen vertellen over (de waarachtigheid) van jullie geloof? Terwijl Hij kent wat zich in de hemelen en op de aarde bevindt? En Allah is Alwetend over alle zaken.","en":"Say, “Do you inform Allah of your faith, when Allah ˹already˺ knows whatever is in the heavens and whatever is on the earth? And Allah has ˹perfect˺ knowledge of all things.”"},"surah":null},{"id":4629,"surahId":49,"ayatId":17,"ayatNo":"١٧","pageNo":517,"ayatText":"يَمُنُّونَ عَلَيْكَ اَنْ اَسْلَمُواؕ قُلْ لَا تَمُنُّوا عَلَيَّ اِسْلَامَكُمْۚ بَلِ اللّٰهُ يَمُنُّ عَلَيْكُمْ اَنْ هَدٰيكُمْ لِلْاٖيمَانِ اِنْ كُنْتُمْ صَادِقٖينَ","ayatMealText":{"tr":"Onlar İslâm'a girdikleri için sana minnet ediyorlar. De ki: Müslümanlığınızı benim başıma kakmayın. Bilakis sizi imana erdirdiği için Allah sizin başınıza kakar. Eğer doğrulardan iseniz (Allah'a minnettar olmanız gerekir.)","nl":"Zij menen jou een dienst te bewijzen door Moslim te worden. Zeg: \"Bewijst mij geen dienst door jullie (toetreden tot) de Islam. Juist Allah heeft jullie begenadigd, doordat Hij jullie naar het geloof heeft geleid, als jullie waarachtig zijn.\"","en":"They regard their acceptance of Islam as a favour to you. Tell ˹them, O Prophet˺, “Do not regard your Islam as a favour to me. Rather, it is Allah Who has done you a favour by guiding you to the faith, if ˹indeed˺ you are faithful"},"surah":null},{"id":4630,"surahId":49,"ayatId":18,"ayatNo":"١٨","pageNo":517,"ayatText":"اِنَّ اللّٰهَ يَعْلَمُ غَيْبَ السَّمٰوَاتِ وَالْاَرْضِؕ وَاللّٰهُ بَصٖيرٌ بِمَا تَعْمَلُونَ","ayatMealText":{"tr":"Şüphesiz Allah, göklerin ve yerin görülmeyen esrarını bilir. Allah yaptıklarınızı görür.","nl":"Voorwaar, Allah kent het onwaarneembare van de hemelen en de aarde. En Allah is Alziend over wat jullie doen.","en":"Surely Allah knows the unseen of the heavens and earth. And Allah is All-Seeing of what you do.”"},"surah":null}]}