{"juzNo":26,"pageNo":521,"arCuzNo":"۲٦","arPageNo":"٥۲۱","quranAyats":[{"id":4682,"surahId":51,"ayatId":7,"ayatNo":"٧","pageNo":521,"ayatText":"وَالسَّمَٓاءِ ذَاتِ الْحُبُكِۙ","ayatMealText":{"tr":"Yollara sahip göğe andolsun ki,","nl":"Bij de hemel met zijn banen (van sterren en planeten).","en":"˹And˺ by the heavens in their marvellous design"},"surah":{"surahId":51,"name":"Zâriyât","nameAr":"الذَّارِيَاتِ","revelationOrder":67,"verseCount":60,"juzNo":26,"firstPage":520}},{"id":4683,"surahId":51,"ayatId":8,"ayatNo":"٨","pageNo":521,"ayatText":"اِنَّكُمْ لَفٖي قَوْلٍ مُخْتَلِفٍۙ","ayatMealText":{"tr":"Siz elbette çelişkili sözler içindesiniz.","nl":"Voorwaar, jullie standpunt (tegenover de Profeet en de Koran) wisselt.","en":"Surely you are ˹lost˺ in conflicting views ˹regarding the truth˺"},"surah":null},{"id":4684,"surahId":51,"ayatId":9,"ayatNo":"٩","pageNo":521,"ayatText":"يُؤْفَكُ عَنْهُ مَنْ اُفِكَؕ","ayatMealText":{"tr":"Ondan çevrilen (imana) çevrilir.","nl":"Degene die ervan afgewend wordt, die wordt belogen.","en":"Only those ˹destined to be˺ deluded are turned away from it"},"surah":null},{"id":4685,"surahId":51,"ayatId":10,"ayatNo":"١٠","pageNo":521,"ayatText":"قُتِلَ الْخَرَّاصُونَۙ","ayatMealText":{"tr":"Kahrolsun (o fikir adına) kendi tahminlerini ileri sürenler!","nl":"Verdoemd zijn de leugenaars!","en":"Condemned are the liars—"},"surah":null},{"id":4686,"surahId":51,"ayatId":11,"ayatNo":"١١","pageNo":521,"ayatText":"اَلَّذٖينَ هُمْ فٖي غَمْرَةٍ سَاهُونَۙ","ayatMealText":{"tr":"Onlar bir sarhoşluk ve cehalet içinde şuursuzdurlar.","nl":"Degenen die in achteloosheid verkeren.","en":"those who are ˹steeped˺ in ignorance, totally heedless"},"surah":null},{"id":4687,"surahId":51,"ayatId":12,"ayatNo":"١٢","pageNo":521,"ayatText":"يَسْـَٔلُونَ اَيَّانَ يَوْمُ الدّٖينِؕ","ayatMealText":{"tr":"Onlar: \"Hesap ve ceza günü ne zaman?\" diye soruyorlar.","nl":"Zij vragen: \"Wanneer is de Dag van de Opstanding?\"","en":"They ask ˹mockingly˺, “When is this Day of Judgment?”"},"surah":null},{"id":4688,"surahId":51,"ayatId":13,"ayatNo":"١٣","pageNo":521,"ayatText":"يَوْمَ هُمْ عَلَى النَّارِ يُفْتَنُونَ","ayatMealText":{"tr":"O gün, onların ateş üzerinde azap görecekleri gündür.","nl":"Op die Dag zullen zij in de Hel verbrand worden.","en":"˹It is˺ the Day they will be tormented over the Fire"},"surah":null},{"id":4689,"surahId":51,"ayatId":14,"ayatNo":"١٤","pageNo":521,"ayatText":"ذُوقُوا فِتْنَتَكُمْؕ هٰذَا الَّذٖي كُنْتُمْ بِهٖ تَسْتَعْجِلُونَ","ayatMealText":{"tr":"Onlara: \"Tadın inkarınızın cezasını, işte sizin acele istediğiniz budur!\" denecektir.","nl":"(De bewaker van de Hel zegt:) \"Proeft jullie bestraffing. Dit is waar jullie de bespoediging van vroegen.\"","en":"˹They will be told,˺ “Taste your torment! This is what you sought to hasten.”"},"surah":null},{"id":4690,"surahId":51,"ayatId":15,"ayatNo":"١٥","pageNo":521,"ayatText":"اِنَّ الْمُتَّقٖينَ فٖي جَنَّاتٍ وَعُيُونٍۙ","ayatMealText":{"tr":"Şüphesiz ki takva sahipleri Rablerinin kendilerine verdiği sevabı almış olarak cennet bahçelerinde ve pınar başlarında bulunacaklardır. Çünkü onlar bundan önce iyilik yapıyorlardı.","nl":"Voorwaar, de Moettaqôen verblijven in Tuinen en bij bronnen (in het Paradijs).","en":"Indeed, the righteous will be amid Gardens and springs"},"surah":null},{"id":4691,"surahId":51,"ayatId":16,"ayatNo":"١٦","pageNo":521,"ayatText":"اٰخِذٖينَ مَٓا اٰتٰيهُمْ رَبُّهُمْؕ اِنَّهُمْ كَانُوا قَبْلَ ذٰلِكَ مُحْسِنٖينَؕ","ayatMealText":{"tr":"Şüphesiz ki takva sahipleri Rablerinin kendilerine verdiği sevabı almış olarak cennet bahçelerinde ve pınar başlarında bulunacaklardır. Çünkü onlar bundan önce iyilik yapıyorlardı.","nl":"Zij nemen wat hun Heer hun geeft. Voorwaar, zij behoorden voorheen tot de weldoeners.","en":"˹joyfully˺ receiving what their Lord will grant them. Before this ˹reward˺ they were truly good-doers ˹in the world˺"},"surah":null},{"id":4692,"surahId":51,"ayatId":17,"ayatNo":"١٧","pageNo":521,"ayatText":"كَانُوا قَلٖيلاً مِنَ الَّيْلِ مَا يَهْجَعُونَ","ayatMealText":{"tr":"Onlar geceleyin pek az uyurlardı.","nl":"Zij plachten gedurende de nacht weinig te slapen.","en":"they used to sleep only little in the night"},"surah":null},{"id":4693,"surahId":51,"ayatId":18,"ayatNo":"١٨","pageNo":521,"ayatText":"وَبِالْاَسْحَارِ هُمْ يَسْتَغْفِرُونَ","ayatMealText":{"tr":"Onlar seher vakitlerinde Allah'tan bağışlanma dilerlerdi.","nl":"En in de laatste uren van de nacht smeekten zij om vergeving.","en":"and pray for forgiveness before dawn"},"surah":null},{"id":4694,"surahId":51,"ayatId":19,"ayatNo":"١٩","pageNo":521,"ayatText":"وَفٖٓي اَمْوَالِهِمْ حَقٌّ لِلسَّٓائِلِ وَالْمَحْرُومِ","ayatMealText":{"tr":"Onların mallarında isteyen ve istemeyen yoksullar için bir hak vardı.","nl":"En van hun bezittingen was een rechtmatig deel voor de bedelaar en voor degene die zich weerhield van bedelen.","en":"And in their wealth there was a rightful share ˹fulfilled˺ for the beggar and the poor"},"surah":null},{"id":4695,"surahId":51,"ayatId":20,"ayatNo":"٢٠","pageNo":521,"ayatText":"وَفِي الْاَرْضِ اٰيَاتٌ لِلْمُوقِنٖينَۙ","ayatMealText":{"tr":"Kesin olarak inananlar için, yeryüzünde ve kendi nefislerinde nice ibretler vardır. Hiç görmüyor musunuz?","nl":"En op de aarde zijn Tekens voor de overtuigden.","en":"There are ˹countless˺ signs on earth for those with sure faith"},"surah":null},{"id":4696,"surahId":51,"ayatId":21,"ayatNo":"٢١","pageNo":521,"ayatText":"وَفٖٓي اَنْفُسِكُمْؕ اَفَلَا تُبْصِرُونَ","ayatMealText":{"tr":"Kesin olarak inananlar için, yeryüzünde ve kendi nefislerinde nice ibretler vardır. Hiç görmüyor musunuz?","nl":"En ook in jullie zelf, zien jullie dan niet?","en":"as there are within yourselves. Can you not see"},"surah":null},{"id":4697,"surahId":51,"ayatId":22,"ayatNo":"٢٢","pageNo":521,"ayatText":"وَفِي السَّمَٓاءِ رِزْقُكُمْ وَمَا تُوعَدُونَ","ayatMealText":{"tr":"Sizin rızkınız da size vaad edilen sevap ve ceza da göktedir.","nl":"En in de hemel is jullie voorziening, en wat jullie is beloofd.","en":"In heaven is your sustenance and whatever you are promised"},"surah":null},{"id":4698,"surahId":51,"ayatId":23,"ayatNo":"٢٣","pageNo":521,"ayatText":"فَوَرَبِّ السَّمَٓاءِ وَالْاَرْضِ اِنَّهُ لَحَقٌّ مِثْلَ مَٓا اَنَّكُمْ تَنْطِقُونَࣖ","ayatMealText":{"tr":"Gök ve yerin Rabbine andolsun ki size edilen o vaad, herhalde haktır. O tıpkı sizin konuşmanız gibi gerçektir.","nl":"Bij de Heer van de hemel en de aarde: voorwaar, het is zeker waar, zo waar als (het feit) dat jullie spreken.","en":"Then by the Lord of heaven and earth! ˹All˺ this is certainly as true as ˹the fact that˺ you can speak"},"surah":null},{"id":4699,"surahId":51,"ayatId":24,"ayatNo":"٢٤","pageNo":521,"ayatText":"هَلْ اَتٰيكَ حَدٖيثُ ضَيْفِ اِبْرٰهٖيمَ الْمُكْرَمٖينَۘ","ayatMealText":{"tr":"Ey Muhammed! İbrahim'in şerefli misafirlerinin haberi sana geldi mi?","nl":"Heeft de geschiedenis van de geëerde gasten van Ibrahîm jou bereikt?","en":"Has the story of Abraham’s honoured guests reached you ˹O Prophet˺"},"surah":null},{"id":4700,"surahId":51,"ayatId":25,"ayatNo":"٢٥","pageNo":521,"ayatText":"اِذْ دَخَلُوا عَلَيْهِ فَقَالُوا سَلَاماًؕ قَالَ سَلَامٌۚ قَوْمٌ مُنْكَرُونَ","ayatMealText":{"tr":"Hani onlar İbrahim'in huzuruna girmişlerdi de \"Selam sana!\" demişlerdi. İbrahim: \"Size de selam\" demiş, ve içinden: \"Bunlar tanınmamış bir topluluk!\" diye geçirmişti.","nl":"Toen zij bij hem kwamen, zeiden zij: \"Vrede!\" Hij zei: \"Vrede!\", (en hij dacht bij zichzelf:) \"Onbekend volk.\"","en":"˹Remember˺ when they entered his presence and greeted ˹him with˺, “Peace!” He replied, “Peace ˹be upon you˺!” ˹Then he said to himself,˺ “˹These are˺ an unfamiliar people.”"},"surah":null},{"id":4701,"surahId":51,"ayatId":26,"ayatNo":"٢٦","pageNo":521,"ayatText":"فَرَاغَ اِلٰٓى اَهْلِهٖ فَجَٓاءَ بِعِجْلٍ سَمٖينٍۙ","ayatMealText":{"tr":"İbrahim, sonra ailesine giderek semiz bir buzağı (eti) getirdi.","nl":"Hij ging toen vlug naar zijn familie en bracht een geroosterd kalf.","en":"Then he slipped off to his family and brought a fat ˹roasted˺ calf"},"surah":null},{"id":4702,"surahId":51,"ayatId":27,"ayatNo":"٢٧","pageNo":521,"ayatText":"فَقَرَّبَهُٓ اِلَيْهِمْ قَالَ اَلَا تَأْكُلُونَؗ","ayatMealText":{"tr":"Onu önlerine sürerek: \"Yemez misiniz?\" dedi.","nl":"Hij plaatste het daarop vóór hen, en zei: \"Eten jullie het niet?\"","en":"and placed it before them, asking, “Will you not eat?”"},"surah":null},{"id":4703,"surahId":51,"ayatId":28,"ayatNo":"٢٨","pageNo":521,"ayatText":"فَاَوْجَسَ مِنْهُمْ خٖيفَةًؕ قَالُوا لَا تَخَفْؕ وَبَشَّرُوهُ بِغُلَامٍ عَلٖيمٍ","ayatMealText":{"tr":"Yemediklerini görünce onlardan içine bir korku düştü. Onlar İbrahim'e: \"Korkma!\" dediler ve onu çok bilgili bir oğul ile müjdelediler.","nl":"(Maar zij wilden niet eten.) Toen voelde hij angst voor hen. Zij zeiden: \"Wees niet bang.\" En zij verkondigden hem de verheugende tijding over (de geboorte van) een verstandige jongeling (Ishâq).","en":"˹They did not eat,˺ so he grew fearful of them. They reassured ˹him˺, “Do not be afraid,” and gave him good news of a knowledgeable son"},"surah":null},{"id":4704,"surahId":51,"ayatId":29,"ayatNo":"٢٩","pageNo":521,"ayatText":"فَاَقْبَلَتِ امْرَاَتُهُ فٖي صَرَّةٍ فَصَكَّتْ وَجْهَهَا وَقَالَتْ عَجُوزٌ عَقٖيمٌ","ayatMealText":{"tr":"Bunun üzerine karısı (Sâre) bir çığlık atarak geldi ve elini yüzüne vurarak: \"Ben kısır bir kocakarıyım, nasıl çocuğum olur?\" dedi.","nl":"Zijn vrouw kwam schreeuwend naar voren, en zij sloeg zich in haar gezicht, en zei: \"Ik ben een oude, onvruchtbare vrouw!\"","en":"Then his wife came forward with a cry, clasping her forehead ˹in astonishment˺, exclaiming, “˹A baby from˺ a barren, old woman!”"},"surah":null},{"id":4705,"surahId":51,"ayatId":30,"ayatNo":"٣٠","pageNo":521,"ayatText":"قَالُوا كَذٰلِكِۙ قَالَ رَبُّكِؕ اِنَّهُ هُوَ الْحَكٖيمُ الْعَلٖيمُ","ayatMealText":{"tr":"Misafir melekler: \"Evet bu böyledir. Rabbin böyle buyurdu. Gerçekten O hüküm ve hikmet sahibidir. Herşeyi hakkıyla bilir.\" dediler.","nl":"Zij zeiden: \"Zo heeft jouw Heer gesproken: voorwaar, Hij is de Alwijze, de Alwetende.\"","en":"They replied, “Such has your Lord decreed. He is truly the All-Wise, All-Knowing.”"},"surah":null}]}