{"juzNo":27,"pageNo":523,"arCuzNo":"۲۷","arPageNo":"٥۲۳","quranAyats":[{"id":4727,"surahId":51,"ayatId":52,"ayatNo":"٥٢","pageNo":523,"ayatText":"كَذٰلِكَ مَٓا اَتَى الَّذٖينَ مِنْ قَبْلِهِمْ مِنْ رَسُولٍ اِلَّا قَالُوا سَاحِرٌ اَوْ مَجْنُونٌ","ayatMealText":{"tr":"Böylece onlardan öncekilere de herhangi bir peygamber gelince, onun hakkında da mutlaka: \"Bir sihirbazdır veya bir delidir.\" dediler.","nl":"Zo kwam er tot degenen vóór hen geen Boodschapper, of zij zeiden: \"(Hij is) een tovenaar, of een bezetene.\"","en":"Similarly, no messenger came to those before them without being told: “A magician or a madman!”"},"surah":{"surahId":51,"name":"Zâriyât","nameAr":"الذَّارِيَاتِ","revelationOrder":67,"verseCount":60,"juzNo":26,"firstPage":520}},{"id":4728,"surahId":51,"ayatId":53,"ayatNo":"٥٣","pageNo":523,"ayatText":"اَتَوَاصَوْا بِهٖۚ بَلْ هُمْ قَوْمٌ طَاغُونَ","ayatMealText":{"tr":"Onlar birbirlerine bunu mu tavsiye ettiler? Hayır onlar azgın bir kavimdir.","nl":"Dragen zij dit aan elkaar over (van geslacht op geslacht)? Zij zijn zelfs een overtredend volk.","en":"Have they passed this ˹cliché˺ down to one another? In fact, they have ˹all˺ been a transgressing people"},"surah":null},{"id":4729,"surahId":51,"ayatId":54,"ayatNo":"٥٤","pageNo":523,"ayatText":"فَتَوَلَّ عَنْهُمْ فَمَٓا اَنْتَ بِمَلُومٍؗ","ayatMealText":{"tr":"Ey Muhammed! Sen onlardan yüz çevir. Artık sen kınanacak değilsin.","nl":"Wend je daarom van hen af, dan wordt jou niets verweten.","en":"So ˹now˺ turn away from them ˹O Prophet˺, for you will not be blamed"},"surah":null},{"id":4730,"surahId":51,"ayatId":55,"ayatNo":"٥٥","pageNo":523,"ayatText":"وَذَكِّرْ فَاِنَّ الذِّكْرٰى تَنْفَعُ الْمُؤْمِنٖينَ","ayatMealText":{"tr":"Sen öğüt verip hatırlat. Çünkü, hatırlatmak müminlere fayda verir.","nl":"En vermaan: want voorwaar, de vermaning baat de gelovigen.","en":"But ˹continue to˺ remind. For certainly reminders benefit the believers"},"surah":null},{"id":4731,"surahId":51,"ayatId":56,"ayatNo":"٥٦","pageNo":523,"ayatText":"وَمَا خَلَقْتُ الْجِنَّ وَالْاِنْسَ اِلَّا لِيَعْبُدُونِ","ayatMealText":{"tr":"Ben cinleri ve insanları ancak bana ibadet etsinler diye yarattım.","nl":"En Ik heb de Djinn's en de mens slechts geschapen om Mij te dienen.","en":"I did not create jinn and humans except to worship Me"},"surah":null},{"id":4732,"surahId":51,"ayatId":57,"ayatNo":"٥٧","pageNo":523,"ayatText":"مَٓا اُرٖيدُ مِنْهُمْ مِنْ رِزْقٍ وَمَٓا اُرٖيدُ اَنْ يُطْعِمُونِ","ayatMealText":{"tr":"Ben onlardan herhangi bir rızık istemiyorum. Beni yedirmelerini de istemiyorum.","nl":"Ik wens geen voorzieningen van hen, en ik wens niet dat zij Mij voeden.","en":"I seek no provision from them, nor do I need them to feed Me"},"surah":null},{"id":4733,"surahId":51,"ayatId":58,"ayatNo":"٥٨","pageNo":523,"ayatText":"اِنَّ اللّٰهَ هُوَ الرَّزَّاقُ ذُو الْقُوَّةِ الْمَتٖينُ","ayatMealText":{"tr":"Şüphesiz ki, rızık veren O sağlam kuvvet sahibi olan Allah'tır.","nl":"Voorwaar, Allah is de Voorziener, de Bezitter van sterke kracht.","en":"Indeed, Allah ˹alone˺ is the Supreme Provider—Lord of all Power, Ever Mighty"},"surah":null},{"id":4734,"surahId":51,"ayatId":59,"ayatNo":"٥٩","pageNo":523,"ayatText":"فَاِنَّ لِلَّذٖينَ ظَلَمُوا ذَنُوباً مِثْلَ ذَنُوبِ اَصْحَابِهِمْ فَلَا يَسْتَعْجِلُونِ","ayatMealText":{"tr":"Şüphsiz ki, zulmedenlerin geçmiş arkadaşlarının payı gibi, dolgun bir azab payı vardır. Ama şimdi onu acele istemesinler.","nl":"Voorwaar, de zonden van degenen die onrecht plegen zijn gelijk aan de zonden van hun soortgenoten (in vroegere generaties). Laten zij daarom Mij niet vragen (de bestraffing) te bespoedigen.","en":"The wrongdoers will certainly have a share ˹of the torment˺ like that of their predecessors. So do not let them ask Me to hasten ˹it˺"},"surah":null},{"id":4735,"surahId":51,"ayatId":60,"ayatNo":"٦٠","pageNo":523,"ayatText":"فَوَيْلٌ لِلَّذٖينَ كَفَرُوا مِنْ يَوْمِهِمُ الَّذٖي يُوعَدُونَ","ayatMealText":{"tr":"Kendilerine vaad edilen günlerinde uğrayacakaları azabdan dolayı vay inkâr edenlerin haline!.","nl":"Wee dan degenen die ongelovig zijn op hun Dag die aangezegd is.","en":"Woe then to the disbelievers when they face their Day which they are warned of"},"surah":null},{"id":4736,"surahId":52,"ayatId":1,"ayatNo":"١","pageNo":523,"ayatText":"وَالطُّورِۙ","ayatMealText":{"tr":"Andolsun Tûr'a,","nl":"Bij de berg (Sinaï).","en":"By Mount Ṭûr"},"surah":{"surahId":52,"name":"Tûr","nameAr":"الطُّورِ","revelationOrder":76,"verseCount":49,"juzNo":27,"firstPage":523}},{"id":4737,"surahId":52,"ayatId":2,"ayatNo":"٢","pageNo":523,"ayatText":"وَكِتَابٍ مَسْطُورٍۙ","ayatMealText":{"tr":"Yayılmış ince deri üzerine, satır satır yazılmış kitaba,","nl":"Bij een geschreven Boek.","en":"And by the Book written"},"surah":null},{"id":4738,"surahId":52,"ayatId":3,"ayatNo":"٣","pageNo":523,"ayatText":"فٖي رَقٍّ مَنْشُورٍۙ","ayatMealText":{"tr":"Yayılmış ince deri üzerine, satır satır yazılmış kitaba,","nl":"In een opengerold perkament.","en":"on open pages ˹for all to read˺"},"surah":null},{"id":4739,"surahId":52,"ayatId":4,"ayatNo":"٤","pageNo":523,"ayatText":"وَالْبَيْتِ الْمَعْمُورِۙ","ayatMealText":{"tr":"Ma'mur eve,","nl":"Bij het veel bezochte Huis (de Ka'bah).","en":"And by the ˹Sacred˺ House frequently visited"},"surah":null},{"id":4740,"surahId":52,"ayatId":5,"ayatNo":"٥","pageNo":523,"ayatText":"وَالسَّقْفِ الْمَرْفُوعِۙ","ayatMealText":{"tr":"Yükseltilmiş tavana,","nl":"En het opgeheven gewelf (de hemel).","en":"And by the canopy raised ˹high˺"},"surah":null},{"id":4741,"surahId":52,"ayatId":6,"ayatNo":"٦","pageNo":523,"ayatText":"وَالْبَحْرِ الْمَسْجُورِۙ","ayatMealText":{"tr":"Kaynatılmış denize, (andolsun ki)","nl":"En de kolkende zee.","en":"And by the seas set on fire"},"surah":null},{"id":4742,"surahId":52,"ayatId":7,"ayatNo":"٧","pageNo":523,"ayatText":"اِنَّ عَذَابَ رَبِّكَ لَوَاقِـعٌۙ","ayatMealText":{"tr":"Rabbinin azabı mutlaka vuku bulacaktır.","nl":"Voorwaar, de bestraffing van jouw Heer zal zeker plaatsvinden.","en":"Indeed, the punishment of your Lord will come to pass—"},"surah":null},{"id":4743,"surahId":52,"ayatId":8,"ayatNo":"٨","pageNo":523,"ayatText":"مَا لَهُ مِنْ دَافِـعٍۙ","ayatMealText":{"tr":"Ona engel olacak (hiçbir şey de) yoktur.","nl":"Niemand kan hem tegenhouden.","en":"none will avert it—"},"surah":null},{"id":4744,"surahId":52,"ayatId":9,"ayatNo":"٩","pageNo":523,"ayatText":"يَوْمَ تَمُورُ السَّمَٓاءُ مَوْراًۙ","ayatMealText":{"tr":"O gün gök, bir çalkanış çalkalanır","nl":"Op de Dag waarop de hemel heftig beeft.","en":"on the Day the heavens will be shaken violently"},"surah":null},{"id":4745,"surahId":52,"ayatId":10,"ayatNo":"١٠","pageNo":523,"ayatText":"وَتَسٖيرُ الْجِبَالُ سَيْراًؕ","ayatMealText":{"tr":"Dağlar da bir yürüyüş yürür.","nl":"En de bergen zich verplaatsen.","en":"and the mountains will be blown away entirely"},"surah":null},{"id":4746,"surahId":52,"ayatId":11,"ayatNo":"١١","pageNo":523,"ayatText":"فَوَيْلٌ يَوْمَئِذٍ لِلْمُكَذِّبٖينَۙ","ayatMealText":{"tr":"Vay haline o gün yalanlayanların!","nl":"Wee op die Dag de loochenaars.","en":"Then woe on that Day to the deniers—"},"surah":null},{"id":4747,"surahId":52,"ayatId":12,"ayatNo":"١٢","pageNo":523,"ayatText":"اَلَّذٖينَ هُمْ فٖي خَوْضٍ يَلْعَبُونَۘ","ayatMealText":{"tr":"Ki onlar, daldıkları bir batak (bâtıl)da oynayıp duruyorlar.","nl":"Degenen die zich vermaken met ijdelheden.","en":"those who amuse themselves with falsehood"},"surah":null},{"id":4748,"surahId":52,"ayatId":13,"ayatNo":"١٣","pageNo":523,"ayatText":"يَوْمَ يُدَعُّونَ اِلٰى نَارِ جَهَنَّمَ دَعاًّؕ","ayatMealText":{"tr":"O gün onlar cehennem ateşine itilip kakılacaklar.","nl":"Op die Dag zullen zij met geweld naar de Hel worden geduwd.","en":"˹It is˺ the Day they will be fiercely shoved into the Fire of Hell"},"surah":null},{"id":4749,"surahId":52,"ayatId":14,"ayatNo":"١٤","pageNo":523,"ayatText":"هٰذِهِ النَّارُ الَّتٖي كُنْتُمْ بِهَا تُكَذِّبُونَ","ayatMealText":{"tr":"(Onlara): \"İşte yalanlayıp durduğunuz ateş budur\" (denilecek).","nl":"(En er zal gezegd worden:) \"Dit is de Hel die jullie plachten te loochenen.","en":"˹They will be told,˺ “This is the Fire which you used to deny"},"surah":null}]}