{"juzNo":27,"pageNo":528,"arCuzNo":"۲۷","arPageNo":"٥۲۸","quranAyats":[{"id":4829,"surahId":53,"ayatId":45,"ayatNo":"٤٥","pageNo":528,"ayatText":"وَاَنَّهُ خَلَقَ الزَّوْجَيْنِ الذَّكَرَ وَالْاُنْثٰىۙ","ayatMealText":{"tr":"Şüphesiz erkeği, dişiyi iki eş yaratan O'dur,","nl":"En dat Hij de paren heeft geschapen; de man en de vrouw?","en":"And He created the pairs—males and females—"},"surah":{"surahId":53,"name":"Necm","nameAr":"النَّجْمِ","revelationOrder":23,"verseCount":62,"juzNo":27,"firstPage":526}},{"id":4830,"surahId":53,"ayatId":46,"ayatNo":"٤٦","pageNo":528,"ayatText":"مِنْ نُطْفَةٍ اِذَا تُمْنٰىࣕ","ayatMealText":{"tr":"Atıldığı zaman bir nutfeden.","nl":"Van een druppel (sperma), wanneer die wordt uitgestort?","en":"from a sperm-drop when it is emitted"},"surah":null},{"id":4831,"surahId":53,"ayatId":47,"ayatNo":"٤٧","pageNo":528,"ayatText":"وَاَنَّ عَلَيْهِ النَّشْاَةَ الْاُخْرٰىۙ","ayatMealText":{"tr":"Şüphesiz tekrar diriltmek de O'na aittir.","nl":"En dat Hij het andere leven (de opwekking) voortbrengt?","en":"And it is upon Him to bring about re-creation"},"surah":null},{"id":4832,"surahId":53,"ayatId":48,"ayatNo":"٤٨","pageNo":528,"ayatText":"وَاَنَّهُ هُوَ اَغْنٰى وَاَقْنٰىۙ","ayatMealText":{"tr":"Şüphesiz zengin eden de sermaye veren de O'dur.","nl":"En dat Hij het is Die verrijkt en Die verarmt?","en":"And He is the One Who enriches and impoverishes"},"surah":null},{"id":4833,"surahId":53,"ayatId":49,"ayatNo":"٤٩","pageNo":528,"ayatText":"وَاَنَّهُ هُوَ رَبُّ الشِّعْرٰىۙ","ayatMealText":{"tr":"Doğrusu Şi'râ yıldızının Rabbi O'dur.","nl":"En dat Hij de Heer van Sirius is?","en":"And He alone is the Lord of Sirius"},"surah":null},{"id":4834,"surahId":53,"ayatId":50,"ayatNo":"٥٠","pageNo":528,"ayatText":"وَاَنَّـهُٓ اَهْلَكَ عَاداًۨ الْاُو۫لٰىۙ","ayatMealText":{"tr":"O, helak etti önce gelen Âd'ı.","nl":"En dat Hij de vroegere 'Âd vernietigd heeft?","en":"And He destroyed the first ˹people of˺ ’Ȃd"},"surah":null},{"id":4835,"surahId":53,"ayatId":51,"ayatNo":"٥١","pageNo":528,"ayatText":"وَثَمُودَا۬ فَمَٓا اَبْقٰىۙ","ayatMealText":{"tr":"Ve Semûd'u da bırakmadı.","nl":"En de Tsamôed, toen geen van hen overbleef?","en":"and ˹then˺ Thamûd, sparing no one"},"surah":null},{"id":4836,"surahId":53,"ayatId":52,"ayatNo":"٥٢","pageNo":528,"ayatText":"وَقَوْمَ نُوحٍ مِنْ قَبْلُؕ اِنَّهُمْ كَانُوا هُمْ اَظْلَمَ وَاَطْغٰىؕ","ayatMealText":{"tr":"Önceden de Nuh kavmini (helak etmişti), çünkü onlar zulmetmiş ve azmıştı.","nl":"En daarvoor het volk van Nôeh? En voorwaar, zij waren het meest onrechtvaardig en het meest buitensporig.","en":"And before ˹that He destroyed˺ the people of Noah, who were truly far worse in wrongdoing and transgression"},"surah":null},{"id":4837,"surahId":53,"ayatId":53,"ayatNo":"٥٣","pageNo":528,"ayatText":"وَالْمُؤْتَفِكَةَ اَهْوٰىۙ","ayatMealText":{"tr":"Altı üstüne getirilmiş şehirleri devirip yıktı.","nl":"En de omgekeerde steden richtte Hij ten gronde.","en":"And ˹it was˺ He ˹Who˺ turned the cities ˹of Sodom and Gomorrah˺ upside down"},"surah":null},{"id":4838,"surahId":53,"ayatId":54,"ayatNo":"٥٤","pageNo":528,"ayatText":"فَغَشّٰيهَا مَا غَشّٰىۚ","ayatMealText":{"tr":"Onları neler kapladı neler!","nl":"Toen bedekte Hij haar volledig.","en":"How overwhelming was what covered ˹them˺"},"surah":null},{"id":4839,"surahId":53,"ayatId":55,"ayatNo":"٥٥","pageNo":528,"ayatText":"فَبِاَيِّ اٰلَٓاءِ رَبِّكَ تَتَمَارٰى","ayatMealText":{"tr":"O halde Rabbinin hangi nimetinden kuşku duyuyorsun.","nl":"Welke van de genietingen van jouw Heer betwijfelen jullie dan?","en":"Now, which of your Lord’s favours will you dispute"},"surah":null},{"id":4840,"surahId":53,"ayatId":56,"ayatNo":"٥٦","pageNo":528,"ayatText":"هٰذَا نَذٖيرٌ مِنَ النُّذُرِ الْاُو۫لٰى","ayatMealText":{"tr":"Bu da ilk uyarıcılardan bir uyarıcıdır.","nl":"Hij (Moehammad) is een waarschuwer onder de voorafgaande waarschuwers.","en":"This ˹Prophet˺ is a warner like earlier ones"},"surah":null},{"id":4841,"surahId":53,"ayatId":57,"ayatNo":"٥٧","pageNo":528,"ayatText":"اَزِفَتِ الْاٰزِفَةُۚ","ayatMealText":{"tr":"Yaklaşan yaklaştı.","nl":"Het nabije (Dag des Oordeels) is genaderd.","en":"The approaching ˹Hour˺ has drawn near"},"surah":null},{"id":4842,"surahId":53,"ayatId":58,"ayatNo":"٥٨","pageNo":528,"ayatText":"لَيْسَ لَهَا مِنْ دُونِ اللّٰهِ كَاشِفَةٌ","ayatMealText":{"tr":"Onu Allah'tan başka açığa çıkaracak yoktur.","nl":"Er is buiten Allah niemand die haar kan onthullen.","en":"None but Allah can disclose it"},"surah":null},{"id":4843,"surahId":53,"ayatId":59,"ayatNo":"٥٩","pageNo":528,"ayatText":"اَفَمِنْ هٰذَا الْحَدٖيثِ تَعْجَبُونَۙ","ayatMealText":{"tr":"Şimdi siz bu sözden mi hayret ediyorsunuz?","nl":"Zijn jullie verbaasd over deze Koran?","en":"Do you find this revelation astonishing"},"surah":null},{"id":4844,"surahId":53,"ayatId":60,"ayatNo":"٦٠","pageNo":528,"ayatText":"وَتَضْحَكُونَ وَلَا تَبْكُونَۙ","ayatMealText":{"tr":"Gülüyorsunuz da ağlamıyorsunuz?","nl":"En lachen jullie, en huilen jullie niet?","en":"laughing ˹at it˺ and not weeping ˹in awe˺"},"surah":null},{"id":4845,"surahId":53,"ayatId":61,"ayatNo":"٦١","pageNo":528,"ayatText":"وَاَنْتُمْ سَامِدُونَ","ayatMealText":{"tr":"Ve siz mi kafa tutuyorsunuz ey gafiller?","nl":"Terwijl jullie (de Koran) veronachtzamen?","en":"while persisting in heedlessness"},"surah":null},{"id":4846,"surahId":53,"ayatId":62,"ayatNo":"٦٢","pageNo":528,"ayatText":"فَاسْجُدُوا لِلّٰهِ وَاعْبُدُوا","ayatMealText":{"tr":"Haydi Allah için secdeye kapanın ve O'na kulluk edin.","nl":"Knielt dan neer voor Allah en aanbidt (Hem).","en":"Instead, prostrate to Allah and worship ˹Him alone˺"},"surah":null},{"id":4847,"surahId":54,"ayatId":1,"ayatNo":"١","pageNo":528,"ayatText":"اِقْتَرَبَتِ السَّاعَةُ وَانْشَقَّ الْقَمَرُ","ayatMealText":{"tr":"Kıyamet saati yaklaştı, Ay yarıldı.","nl":"Het Uur is nabij en de maan is gespleten.","en":"The Hour has drawn near and the moon was split ˹in two˺"},"surah":{"surahId":54,"name":"Kamer","nameAr":"الْقَمَرِ","revelationOrder":37,"verseCount":55,"juzNo":27,"firstPage":528}},{"id":4848,"surahId":54,"ayatId":2,"ayatNo":"٢","pageNo":528,"ayatText":"وَاِنْ يَرَوْا اٰيَةً يُعْرِضُوا وَيَقُولُوا سِحْرٌ مُسْتَمِرٌّ","ayatMealText":{"tr":"Bir mucize görseler hemen yüz çevirirler ve \"süregelen bir büyüdür\" derler.","nl":"En wanneer zij een Teken zien, dan wenden zij zich af, en zeggen: \"Voortdurende toverij.\"","en":"Yet, whenever they see a sign, they turn away, saying, “Same old magic!”"},"surah":null},{"id":4849,"surahId":54,"ayatId":3,"ayatNo":"٣","pageNo":528,"ayatText":"وَكَذَّبُوا وَاتَّبَعُٓوا اَهْوَٓاءَهُمْ وَكُلُّ اَمْرٍ مُسْتَقِرٌّ","ayatMealText":{"tr":"Yalanladılar, nefislerinin arzularına uydular. Halbuki her iş yerini bulacaktır.","nl":"En zij loochenen en volgen hun begeerten, terwijl alle zaken al zijn vastgesteld.","en":"They rejected ˹the truth˺ and followed their own desires—and every matter will be settled—"},"surah":null},{"id":4850,"surahId":54,"ayatId":4,"ayatNo":"٤","pageNo":528,"ayatText":"وَلَقَدْ جَٓاءَهُمْ مِنَ الْاَنْـبَٓاءِ مَا فٖيهِ مُزْدَجَرٌۙ","ayatMealText":{"tr":"Andolsun ki onlara (kötülükten) vazgeçirecek nice önemli haberler gelmiştir.","nl":"En voorzeker, er zijn berichten tot hen gekomen waar een afschrikking in is.","en":"even though the stories ˹of destroyed nations˺ that have already come to them are a sufficient deterrent"},"surah":null},{"id":4851,"surahId":54,"ayatId":5,"ayatNo":"٥","pageNo":528,"ayatText":"حِكْمَةٌ بَالِغَةٌ فَمَا تُغْنِ النُّذُرُۙ","ayatMealText":{"tr":"Bunlar üstün bir hikmettir fakat uyarılar fayda vermiyor.","nl":"Doeltreffende wijsheid, maar de waarschuwingen baten niet.","en":"˹This Quran is˺ profound ˹in˺ wisdom, but warnings are of no benefit ˹to them˺"},"surah":null},{"id":4852,"surahId":54,"ayatId":6,"ayatNo":"٦","pageNo":528,"ayatText":"فَتَوَلَّ عَنْهُمْۘ يَوْمَ يَدْعُ الدَّاعِ اِلٰى شَيْءٍ نُكُرٍۙ","ayatMealText":{"tr":"Sen de onlardan yüz çevir ki, o gün çağırıcı, görülmedik müthiş bir şeye çağırır.","nl":"Keer je daarom van hen af De Dag (zal komen) waarop een oproeper (een Engel) tot iets verschrikkelijks oproept.","en":"So turn away from them ˹O Prophet˺. ˹And wait for˺ the Day ˹when˺ the caller will summon ˹them˺ for something horrifying"},"surah":null}]}