{"juzNo":27,"pageNo":529,"arCuzNo":"۲۷","arPageNo":"٥۲۹","quranAyats":[{"id":4853,"surahId":54,"ayatId":7,"ayatNo":"٧","pageNo":529,"ayatText":"خُشَّعاً اَبْصَارُهُمْ يَخْرُجُونَ مِنَ الْاَجْدَاثِ كَاَنَّهُمْ جَرَادٌ مُنْتَشِرٌۙ","ayatMealText":{"tr":"Gözleri düşkün düşkün (zelil ve hakir) kabirlerinden çıkarlar, sanki yayılan çekirgeler gibidirler.","nl":"Met teneergeslagen blikken komen zij uit de graven tevoorschijn, alsof zij verspreidde sprinkhanen zijn.","en":"With eyes downcast, they will come forth from the graves as if they were swarming locusts"},"surah":{"surahId":54,"name":"Kamer","nameAr":"الْقَمَرِ","revelationOrder":37,"verseCount":55,"juzNo":27,"firstPage":528}},{"id":4854,"surahId":54,"ayatId":8,"ayatNo":"٨","pageNo":529,"ayatText":"مُهْطِعٖينَ اِلَى الدَّاعِؕ يَقُولُ الْكَافِرُونَ هٰذَا يَوْمٌ عَسِرٌ","ayatMealText":{"tr":"O çağırana koşarak, kâfirler: \"Bu çetin bir gündür.\" derler.","nl":"Zich haastend naar de oproeper. De ongelovigen zullen zeggen: \"Dit is een zware dag.\"","en":"rushing towards the caller. The disbelievers will cry, “This is a difficult Day!”"},"surah":null},{"id":4855,"surahId":54,"ayatId":9,"ayatNo":"٩","pageNo":529,"ayatText":"كَذَّبَتْ قَبْلَهُمْ قَوْمُ نُوحٍ فَكَذَّبُوا عَبْدَنَا وَقَالُوا مَجْنُونٌ وَازْدُجِرَ","ayatMealText":{"tr":"Onlardan önce Nuh'un kavmi de yalanlamıştı. Kulumuzu yalanladılar ve: \"Cinlenmiştir.\" dediler. Ve (Nuh davetten vazgeçmeye) zorlandı.","nl":"Vóór hen loochende het volk van Nôeh, zij loochenden Onze dienaar, en zij zeiden: \"Een bezetene!\" En hij werd verbannen.","en":"Before them, the people of Noah denied ˹the truth˺ and rejected Our servant, calling ˹him˺ insane. And he was intimidated"},"surah":null},{"id":4856,"surahId":54,"ayatId":10,"ayatNo":"١٠","pageNo":529,"ayatText":"فَدَعَا رَبَّهُٓ اَنّٖي مَغْلُوبٌ فَانْتَصِرْ","ayatMealText":{"tr":"Bunun üzerine Rabbine: \"Ben yenik düştüm, bana yardım et!\" diyerek yalvardı.","nl":"Waarop hij zijn Heer aanriep (en zei:) \"Ik ben verslagen, help daarom.\"","en":"So he cried out to his Lord, “I am helpless, so help ˹me˺!”"},"surah":null},{"id":4857,"surahId":54,"ayatId":11,"ayatNo":"١١","pageNo":529,"ayatText":"فَفَتَحْنَٓا اَبْوَابَ السَّمَٓاءِ بِمَٓاءٍ مُنْهَمِرٍؗ","ayatMealText":{"tr":"Biz de boşalan bir su ile göğün kapılarını açtık.","nl":"Wij openden toen de poorten van de hemel met neergietend water.","en":"So We opened the gates of the sky with pouring rain"},"surah":null},{"id":4858,"surahId":54,"ayatId":12,"ayatNo":"١٢","pageNo":529,"ayatText":"وَفَجَّرْنَا الْاَرْضَ عُيُوناً فَالْتَقَى الْمَٓاءُ عَلٰٓى اَمْرٍ قَدْ قُدِرَۚ","ayatMealText":{"tr":"Yeri de kaynaklar halinde fışkırttık, derken sular takdir edilmiş bir iş için birleşti.","nl":"En Wij deden bronnen uit de aarde barsten, waarna de wateren elkaar ontmoetten volgens een beschikking die waarlijk bepaald was.","en":"and caused the earth to burst with springs, so the waters met for a fate already set"},"surah":null},{"id":4859,"surahId":54,"ayatId":13,"ayatNo":"١٣","pageNo":529,"ayatText":"وَحَمَلْنَاهُ عَلٰى ذَاتِ اَلْوَاحٍ وَدُسُرٍۙ","ayatMealText":{"tr":"Nuh'u da tahtalardan yapılmış, çivilerle (çakılmış gemi) üzerinde taşıdık.","nl":"En Wij droegen hem op een vaartuig van planken en (houten) pinnen.","en":"We carried him on that ˹Ark made˺ of planks and nails"},"surah":null},{"id":4860,"surahId":54,"ayatId":14,"ayatNo":"١٤","pageNo":529,"ayatText":"تَجْرٖي بِاَعْيُنِنَاۚ جَزَٓاءً لِمَنْ كَانَ كُفِرَ","ayatMealText":{"tr":"Nankörlük edilen (kulumuz)e bir mükafat olmak üzere (gemi), gözlerimizin önünde akıp gidiyordu.","nl":"Dat voer onder Ons toezicht, als beloning voor degene die werd verworpen.","en":"sailing under Our ˹watchful˺ Eyes—a ˹fair˺ punishment on behalf of the one ˹they˺ denied"},"surah":null},{"id":4861,"surahId":54,"ayatId":15,"ayatNo":"١٥","pageNo":529,"ayatText":"وَلَقَدْ تَرَكْنَاهَٓا اٰيَةً فَهَلْ مِنْ مُدَّكِرٍ","ayatMealText":{"tr":"Bunu bir ibret olarak bıraktık, ibret alan yok mudur?","nl":"En voorzeker, Wij lieten het achter als een teken, is er dan iemand die er lering uit trekt?","en":"We certainly left this as a sign. So is there anyone who will be mindful"},"surah":null},{"id":4862,"surahId":54,"ayatId":16,"ayatNo":"١٦","pageNo":529,"ayatText":"فَكَيْفَ كَانَ عَذَابٖي وَنُذُرِ","ayatMealText":{"tr":"Benim azabım ve uyarılarım nasılmış (görsünler)","nl":"En hoe was Mijn bestraffing en Mijn waarschuwing?","en":"Then how ˹dreadful˺ were My punishment and warnings"},"surah":null},{"id":4863,"surahId":54,"ayatId":17,"ayatNo":"١٧","pageNo":529,"ayatText":"وَلَقَدْ يَسَّرْنَا الْقُرْاٰنَ لِلذِّ كْرِ فَهَلْ مِنْ مُدَّكِرٍ","ayatMealText":{"tr":"Andolsun biz Kur'ân'ı öğüt almak için kolaylaştırdık. Öğüt alan yok mudur?","nl":"En voorzeker, Wij hebben de Koran gemakkelijk gemaakt ter vermaning, is er dan iemand die er lering uit trekt?","en":"And We have certainly made the Quran easy to remember. So is there anyone who will be mindful"},"surah":null},{"id":4864,"surahId":54,"ayatId":18,"ayatNo":"١٨","pageNo":529,"ayatText":"كَذَّبَتْ عَادٌ فَكَيْفَ كَانَ عَذَابٖي وَنُذُرِ","ayatMealText":{"tr":"Âd (kavmi) da yalanladı, azabım ve uyarılarım nasıl oldu?","nl":"(Het volk van) de 'Âd loochende en hoe was Mijn bestraffing en Mijn waarschuwing?","en":"’Ȃd ˹also˺ rejected ˹the truth˺. Then how ˹dreadful˺ were My punishment and warnings"},"surah":null},{"id":4865,"surahId":54,"ayatId":19,"ayatNo":"١٩","pageNo":529,"ayatText":"اِنَّٓا اَرْسَلْنَا عَلَيْهِمْ رٖيحاً صَرْصَراً فٖي يَوْمِ نَحْسٍ مُسْتَمِرٍّۙ","ayatMealText":{"tr":"Biz onların üstüne, uğursuzluğu devam eden bir günde dondurucu bir rüzgar gönderdik.","nl":"Voorwaar, Wij zonden een verwoestende wind over hen, op een langdurige zwaarmoedige dag.","en":"Indeed, We sent against them a furious wind, on a day of unrelenting misery"},"surah":null},{"id":4866,"surahId":54,"ayatId":20,"ayatNo":"٢٠","pageNo":529,"ayatText":"تَنْزِ عُ النَّاسَۙ كَاَنَّهُمْ اَعْجَازُ نَخْلٍ مُنْقَعِرٍ","ayatMealText":{"tr":"(O rüzgar) insanları, sökülmüş hurma kütükleri gibi yere seriyordu.","nl":"Die de mensen wegrukte alsof zij ontwortelde palmbomen waren.","en":"that snatched people up, leaving them like trunks of uprooted palm trees"},"surah":null},{"id":4867,"surahId":54,"ayatId":21,"ayatNo":"٢١","pageNo":529,"ayatText":"فَكَيْفَ كَانَ عَذَابٖي وَنُذُرِ","ayatMealText":{"tr":"Nasılmış benim azabım ve uyarım?","nl":"Hoe was Mijn bestraffing en Mijn waarschuwing?","en":"Then how ˹dreadful˺ were My punishment and warnings"},"surah":null},{"id":4868,"surahId":54,"ayatId":22,"ayatNo":"٢٢","pageNo":529,"ayatText":"وَلَقَدْ يَسَّرْنَا الْقُرْاٰنَ لِلذِّ كْرِ فَهَلْ مِنْ مُدَّكِرٍࣖ","ayatMealText":{"tr":"Andolsun biz Kur'ân'ı öğüt almak için kolaylaştırdık. Öğüt alan yok mudur?","nl":"En voorzeker, Wij hebben de Koran gemakkelijk gemaakt ter vermaning, is er dan iemand die er lering uit trekt?","en":"And We have certainly made the Quran easy to remember. So is there anyone who will be mindful"},"surah":null},{"id":4869,"surahId":54,"ayatId":23,"ayatNo":"٢٣","pageNo":529,"ayatText":"كَذَّبَتْ ثَمُودُ بِالنُّذُرِ","ayatMealText":{"tr":"Semûd da o uyarıları yalanladılar.","nl":"(Het volk van) de Tsamôed loochende de waarschuwingen.","en":"Thamûd rejected the warnings ˹as well˺"},"surah":null},{"id":4870,"surahId":54,"ayatId":24,"ayatNo":"٢٤","pageNo":529,"ayatText":"فَقَالُٓوا اَبَشَراً مِنَّا وَاحِداً نَتَّبِعُهُٓۙ اِنَّٓا اِذاً لَفٖي ضَلَالٍ وَسُعُرٍ","ayatMealText":{"tr":"\"Bizden bir insana mı uyacağız? O takdirde biz apaçık bir sapıklık ve çılgınlık içine düşmüş oluruz.\" dediler.","nl":"En zij zeiden toen: \"Zullen wij één mens van ons volgen? Voorwaar, dan zouden wij in dwaling en in een toestand van krankzinnigheid verkeren.","en":"arguing, “How can we follow one ˹average˺ human being from among us? We would then truly be misguided and insane"},"surah":null},{"id":4871,"surahId":54,"ayatId":25,"ayatNo":"٢٥","pageNo":529,"ayatText":"ءَاُلْقِيَ الذِّ كْرُ عَلَيْهِ مِنْ بَيْنِنَا بَلْ هُوَ كَذَّابٌ اَشِرٌ","ayatMealText":{"tr":"\"Zikir, aramızdan ona mı bırakıldı? Hayır o, yalancı, küstahın biridir\" (dediler).","nl":"Is de vermaning juist aan hèm onder ons neergezonden, terwijl hij een schaamteloze leugenaar is?\"","en":"Has the revelation been sent down ˹only˺ to him out of ˹all of˺ us? In fact, he is a boastful liar.”"},"surah":null},{"id":4872,"surahId":54,"ayatId":26,"ayatNo":"٢٦","pageNo":529,"ayatText":"سَيَعْلَمُونَ غَداً مَنِ الْكَذَّابُ الْاَشِرُ","ayatMealText":{"tr":"Yarın onlar, yalancı, küstahın kim olduğunu bilecekler.","nl":"Zij zullen weten wie de schaamteloze leugenaar is.","en":"˹It was revealed to Ṣâliḥ,˺ “They will soon know who the boastful liar is"},"surah":null},{"id":4873,"surahId":54,"ayatId":27,"ayatNo":"٢٧","pageNo":529,"ayatText":"اِنَّا مُرْسِلُوا النَّاقَةِ فِتْنَةً لَهُمْ فَارْتَقِبْهُمْ وَاصْطَبِرْؗ","ayatMealText":{"tr":"Biz onlara, kendilerini imtihan etmek için dişi deveyi göndereceğiz. Onun için sen onları gözet ve sabırlı ol.","nl":"Wij zullen de vrouwtjeskameel zenden als een beproeving voor hen, let daarom op hen (O Shâlih) en wees geduldig.","en":"We are sending the she-camel as a test for them. So watch them ˹closely˺, and have patience"},"surah":null}]}