{"juzNo":27,"pageNo":530,"arCuzNo":"۲۷","arPageNo":"٥۳۰","quranAyats":[{"id":4874,"surahId":54,"ayatId":28,"ayatNo":"٢٨","pageNo":530,"ayatText":"وَنَبِّئْهُمْ اَنَّ الْمَٓاءَ قِسْمَةٌ بَيْنَهُمْۚ كُلُّ شِرْبٍ مُحْتَضَرٌ","ayatMealText":{"tr":"Onlara suyun aralarında paylaştırılacağını haber ver; her içene düşen miktar, hazır kılınmıştır.","nl":"En bericht hun dat het water onder hen (en de kameel) verdeeld moet worden. Ieder een dronk, om de beurt.","en":"And tell them that the ˹drinking˺ water must be divided between them ˹and her˺, each taking a turn to drink ˹every other day˺.”"},"surah":{"surahId":54,"name":"Kamer","nameAr":"الْقَمَرِ","revelationOrder":37,"verseCount":55,"juzNo":27,"firstPage":528}},{"id":4875,"surahId":54,"ayatId":29,"ayatNo":"٢٩","pageNo":530,"ayatText":"فَنَادَوْا صَاحِبَهُمْ فَتَعَاطٰى فَعَقَرَ","ayatMealText":{"tr":"Bunun üzerine arkadaşlarına bağırdılar. O da (bıçağı) çekerek (deveyi) kesti.","nl":"Zij riepen toen hun metgezel, die overmoedig werd en (haar) slachtte.","en":"But they roused a companion of theirs, so he dared to kill ˹her˺"},"surah":null},{"id":4876,"surahId":54,"ayatId":30,"ayatNo":"٣٠","pageNo":530,"ayatText":"فَكَيْفَ كَانَ عَذَابٖي وَنُذُرِ","ayatMealText":{"tr":"Ama azabım ve uyarılarım nasıl oldu.","nl":"Hoe was toen Mijn bestraffing en Mijn waarschuwing?","en":"Then how ˹dreadful˺ were My punishment and warnings"},"surah":null},{"id":4877,"surahId":54,"ayatId":31,"ayatNo":"٣١","pageNo":530,"ayatText":"اِنَّٓا اَرْسَلْنَا عَلَيْهِمْ صَيْحَةً وَاحِدَةً فَكَانُوا كَهَشٖيمِ الْمُحْتَظِرِ","ayatMealText":{"tr":"Biz onların üzerine tek sayha (korkunç bir ses) gönderdik; ağılcının topladığı çalı çırpı kırıntıları gibi kırılıp dökülüverdiler.","nl":"Voorwaar, Wij zonden één bliksemslag, waarop zij als dorre takken voor veevoer werden.","en":"Indeed, We sent against them ˹only˺ one ˹mighty˺ blast, leaving them like the twigs of fence-builders"},"surah":null},{"id":4878,"surahId":54,"ayatId":32,"ayatNo":"٣٢","pageNo":530,"ayatText":"وَلَقَدْ يَسَّرْنَا الْقُرْاٰنَ لِلذِّ كْرِ فَهَلْ مِنْ مُدَّكِرٍ","ayatMealText":{"tr":"Andolsun biz Kur'ân'ı öğüt almak için kolaylaştırdık. Öğüt alan yok mudur?","nl":"En voorzeker, Wij hebben de Koran gemakkelijk gemaakt ter vermaning, is er dan iemand die er lering uit trekt?","en":"And We have certainly made the Quran easy to remember. So is there anyone who will be mindful"},"surah":null},{"id":4879,"surahId":54,"ayatId":33,"ayatNo":"٣٣","pageNo":530,"ayatText":"كَذَّبَتْ قَوْمُ لُوطٍ بِالنُّذُرِ","ayatMealText":{"tr":"Lût kavmi de uyarıları yalanladı.","nl":"Het volk van Lôeth loochende de waarschuwingen.","en":"The people of Lot ˹also˺ rejected the warnings"},"surah":null},{"id":4880,"surahId":54,"ayatId":34,"ayatNo":"٣٤","pageNo":530,"ayatText":"اِنَّٓا اَرْسَلْنَا عَلَيْهِمْ حَاصِباً اِلَّٓا اٰلَ لُوطٍؕ نَجَّيْنَاهُمْ بِسَحَرٍۙ","ayatMealText":{"tr":"Biz de onların üzerlerine (taşlar savuran) bir fırtına gönderdik. Yalnız Lût ailesini seher vakti kurtardık,","nl":"Voorwaar, Wij zonden vulkanische stenen over hen, behalve over de familie van Lôeth. Wij redden hen in het laatste gedeelte van de nacht.","en":"We unleashed upon them a storm of stones. As for ˹the believers of˺ Lot’s family, We delivered them before dawn"},"surah":null},{"id":4881,"surahId":54,"ayatId":35,"ayatNo":"٣٥","pageNo":530,"ayatText":"نِعْمَةً مِنْ عِنْدِنَاؕ كَذٰلِكَ نَجْزٖي مَنْ شَكَرَ","ayatMealText":{"tr":"Katımızdan bir nimet olarak. Biz şükredeni böyle mükafatlandırırız.","nl":"Als een gunst van Ons. Zo belonen Wij wie dankbaar is.","en":"as a blessing from Us. This is how We reward whoever gives thanks"},"surah":null},{"id":4882,"surahId":54,"ayatId":36,"ayatNo":"٣٦","pageNo":530,"ayatText":"وَلَقَدْ اَنْذَرَهُمْ بَطْشَتَنَا فَتَمَارَوْا بِالنُّذُرِ","ayatMealText":{"tr":"(Lût), onları bizim yakalamamıza karşı uyarmıştı. Fakat ikazlara karşı kuşku duydular,","nl":"En voorzeker, Hij (Lôeth) waarschuwde hen voor Onze harde greep, maar zij twijfelden aan de waarschuwingen.","en":"He had already warned them of Our ˹crushing˺ blow but they disputed the warnings"},"surah":null},{"id":4883,"surahId":54,"ayatId":37,"ayatNo":"٣٧","pageNo":530,"ayatText":"وَلَقَدْ رَاوَدُوهُ عَنْ ضَيْفِهٖ فَطَمَسْنَٓا اَعْيُنَهُمْ فَذُوقُوا عَذَابٖي وَنُذُرِ","ayatMealText":{"tr":"Onun konuklarından murad almaya kalkıştılar. Biz de gözlerini siliverdik. \"Haydi azabımı ve uyarılarımı tadın!\" (dedik).","nl":"En voorzeker, zij probeerden zijn gasten over te halen (tot hun begeerten), waarop Wij hen blind maakten. (En Allah zei:) \"Proeft dan Mijn bestraffing en Mijn waarschuwing.\"","en":"And they even demanded his angel-guests from him, so We blinded their eyes. ˹And they were told,˺ “Taste then My punishment and warnings!”"},"surah":null},{"id":4884,"surahId":54,"ayatId":38,"ayatNo":"٣٨","pageNo":530,"ayatText":"وَلَقَدْ صَبَّحَهُمْ بُكْرَةً عَذَابٌ مُسْتَقِرٌّۚ","ayatMealText":{"tr":"Sabah erken, onları kararlı bir azab yakaladı.","nl":"En voorzeker, een blijvende bestraffing kwam in de ochtend van de volgende dag tot hen.","en":"And indeed, by the early morning they were overwhelmed by an unrelenting torment"},"surah":null},{"id":4885,"surahId":54,"ayatId":39,"ayatNo":"٣٩","pageNo":530,"ayatText":"فَذُوقُوا عَذَابٖي وَنُذُرِ","ayatMealText":{"tr":"\"Azabımı ve uyarılarımı tadın!\" (dedik).","nl":"Proeft dan Mijn bestraffing en Mijn waarschuwing.","en":"˹Again they were told,˺ “Taste now My punishment and warnings!”"},"surah":null},{"id":4886,"surahId":54,"ayatId":40,"ayatNo":"٤٠","pageNo":530,"ayatText":"وَلَقَدْ يَسَّرْنَا الْقُرْاٰنَ لِلذِّكْرِ فَهَلْ مِنْ مُدَّكِرٍࣖ","ayatMealText":{"tr":"Andolsun biz Kur'ân'ı öğüt almak için kolaylaştırdık. Öğüt alan yok mudur?","nl":"En voorzeker, Wij hebben de Koran gemakkelijk gemaakt ter vermaning, is er dan iemand die er lering uit trekt?","en":"And We have certainly made the Quran easy to remember. So is there anyone who will be mindful"},"surah":null},{"id":4887,"surahId":54,"ayatId":41,"ayatNo":"٤١","pageNo":530,"ayatText":"وَلَقَدْ جَٓاءَ اٰلَ فِرْعَوْنَ النُّذُرُۚ","ayatMealText":{"tr":"Şüphesiz Firavun ailesine de uyarıcı peygamberler geldi.","nl":"En voorzeker, tot Fir'aun kwamen waarschuwingen.","en":"And indeed, the warnings ˹also˺ came to the people of Pharaoh"},"surah":null},{"id":4888,"surahId":54,"ayatId":42,"ayatNo":"٤٢","pageNo":530,"ayatText":"كَذَّبُوا بِاٰيَاتِنَا كُلِّهَا فَاَخَذْنَاهُمْ اَخْذَ عَزٖيزٍ مُقْتَدِرٍ","ayatMealText":{"tr":"Lakin onlar bütün âyetlerimizi yalanladılar. Biz de onları çok kuvvetli ve kudretli bir yakalayışla yakaladık. Bu kıssalardan hisseye gelince;","nl":"Zij loochenden alle Tekenen van Ons, waarop Wij hen grepen met de greep van een machtige geweldige.","en":"˹But˺ they rejected all of Our signs, so We seized them with the ˹crushing˺ grip of the Almighty, Most Powerful"},"surah":null},{"id":4889,"surahId":54,"ayatId":43,"ayatNo":"٤٣","pageNo":530,"ayatText":"اَكُفَّارُكُمْ خَيْرٌ مِنْ اُو۬لٰٓئِكُمْ اَمْ لَكُمْ بَرَٓاءَةٌ فِي الزُّبُرِۚ","ayatMealText":{"tr":"Şimdi sizin kâfirleriniz, onlardan hayırlı mı? Yoksa kitaplarda sizin için bir beraet mi var?","nl":"Zijn de ongelovigen onder jullie beter dan diegenen van hen (bovengenoemden), of hebben jullie een vrijbrief in de vroegere Schriften?","en":"Now, are you ˹Meccan˺ disbelievers superior to those ˹destroyed peoples˺? Or have you ˹been granted˺ immunity ˹from punishment˺ in divine Books"},"surah":null},{"id":4890,"surahId":54,"ayatId":44,"ayatNo":"٤٤","pageNo":530,"ayatText":"اَمْ يَقُولُونَ نَحْنُ جَمٖيعٌ مُنْتَصِرٌ","ayatMealText":{"tr":"Yoksa \"Biz birbirimize yardım eden bir topluluğuz.\" mu diyorlar?","nl":"Of zeggen zij: \"Wij vormen één (groep) die zal overwinnen (van Moehammad).\"","en":"Or do they say, “We are all ˹a˺ united ˹front˺, bound to prevail.”"},"surah":null},{"id":4891,"surahId":54,"ayatId":45,"ayatNo":"٤٥","pageNo":530,"ayatText":"سَيُهْزَمُ الْجَمْعُ وَيُوَلُّونَ الدُّبُرَ","ayatMealText":{"tr":"Her halde o topluluk bozulacak ve geriye dönüp kaçacaklardır.","nl":"De groep zal verslagen worden en zij zullen vluchten.","en":"˹Soon˺ their united front will be defeated and ˹forced to˺ flee"},"surah":null},{"id":4892,"surahId":54,"ayatId":46,"ayatNo":"٤٦","pageNo":530,"ayatText":"بَلِ السَّاعَةُ مَوْعِدُهُمْ وَالسَّاعَةُ اَدْهٰى وَاَمَرُّ","ayatMealText":{"tr":"Bilakis kıyamet onlara vaad edilen asıl saattir. Saat cidden çok feci ve acıdır.","nl":"Nee, het Uur is hun belofte, en het Uur is het verschrikkelijkst en het bitterst.","en":"Better yet, the Hour is their appointed time—and the Hour will be most catastrophic and most bitter"},"surah":null},{"id":4893,"surahId":54,"ayatId":47,"ayatNo":"٤٧","pageNo":530,"ayatText":"اِنَّ الْمُجْرِمٖينَ فٖي ضَلَالٍ وَسُعُرٍۘ","ayatMealText":{"tr":"Muhakkak ki suçlular sapıklık ve çılgınlık içindedirler.","nl":"Voorwaar, de misdadigers verkeren in dwaling en in de Hel.","en":"Indeed, the wicked are ˹entrenched˺ in misguidance, and ˹are bound for˺ blazes"},"surah":null},{"id":4894,"surahId":54,"ayatId":48,"ayatNo":"٤٨","pageNo":530,"ayatText":"يَوْمَ يُسْحَبُونَ فِي النَّارِ عَلٰى وُجُوهِهِمْؕ ذُوقُوا مَسَّ سَقَرَ","ayatMealText":{"tr":"O gün yüzleri üstü ateşte sürüklenecekler, \"Cehennemin dokunuşunu tadın!\" (denilecek).","nl":"Op de Dag dat zij naar de Hel gesleept worden op hun gezichten, zal gezegd worden: \"Proeft de aanraking van de Hel (Saqar).\"","en":"On the Day they will be dragged into the Fire on their faces, ˹they will be told,˺ “Taste the touch of Hell!”"},"surah":null},{"id":4895,"surahId":54,"ayatId":49,"ayatNo":"٤٩","pageNo":530,"ayatText":"اِنَّا كُلَّ شَيْءٍ خَلَقْنَاهُ بِقَدَرٍ","ayatMealText":{"tr":"Haberiniz olsun ki, biz her şeyi bir kadere göre yarattık.","nl":"Voorwaar, Wij hebben alle zaken volgens een bepaalde maatgeving geschapen.","en":"Indeed, We have created everything, perfectly preordained"},"surah":null}]}