{"juzNo":27,"pageNo":532,"arCuzNo":"۲۷","arPageNo":"٥۳۲","quranAyats":[{"id":4918,"surahId":55,"ayatId":17,"ayatNo":"١٧","pageNo":532,"ayatText":"رَبُّ الْمَشْرِقَيْنِ وَرَبُّ الْمَغْرِبَيْنِۚ","ayatMealText":{"tr":"(O) iki doğunun ve iki batının Rabbidir.","nl":"De Heer van de twee opgangen en de twee ondergangen.","en":"˹He is˺ Lord of the two easts and the two wests"},"surah":{"surahId":55,"name":"Rahmân","nameAr":"الرَّحْمٰنِ","revelationOrder":97,"verseCount":78,"juzNo":27,"firstPage":531}},{"id":4919,"surahId":55,"ayatId":18,"ayatNo":"١٨","pageNo":532,"ayatText":"فَبِاَيِّ اٰلَٓاءِ رَبِّكُمَا تُكَذِّبَانِ","ayatMealText":{"tr":"Şimdi Rabbinizin hangi nimetlerini yalanlıyorsunuz?","nl":"Welke gunsten van jullie Heer loochenen jullie dan?","en":"Then which of your Lord’s favours will you both deny"},"surah":null},{"id":4920,"surahId":55,"ayatId":19,"ayatNo":"١٩","pageNo":532,"ayatText":"مَرَجَ الْبَحْرَيْنِ يَلْتَقِيَانِۙ","ayatMealText":{"tr":"(Acı ve tatlı) iki denizi salıverdi birbirine kavuşuyorlar.","nl":"Hij heeft de twee zeeën laten stromen en zij ontmoeten elkaar.","en":"He merges the two bodies of ˹fresh and salt˺ water"},"surah":null},{"id":4921,"surahId":55,"ayatId":20,"ayatNo":"٢٠","pageNo":532,"ayatText":"بَيْنَهُمَا بَرْزَخٌ لَا يَبْغِيَانِۚ","ayatMealText":{"tr":"Fakat aralarında bir engel vardır, birbirlerine geçip karışmıyorlar.","nl":"Tussen beide is een scheiding, zij kunnen die niet passeren.","en":"yet between them is a barrier they never cross"},"surah":null},{"id":4922,"surahId":55,"ayatId":21,"ayatNo":"٢١","pageNo":532,"ayatText":"فَبِاَيِّ اٰلَٓاءِ رَبِّكُمَا تُكَذِّبَانِ","ayatMealText":{"tr":"Şimdi Rabbinizin hangi nimetlerini yalanlıyorsunuz?","nl":"Welke gunsten van jullie Heer loochenen jullie dan?","en":"Then which of your Lord’s favours will you both deny"},"surah":null},{"id":4923,"surahId":55,"ayatId":22,"ayatNo":"٢٢","pageNo":532,"ayatText":"يَخْرُجُ مِنْهُمَا اللُّؤْلُؤُ۬ وَالْمَرْجَانُۚ","ayatMealText":{"tr":"İkisinden de inci ve mercan çıkar.","nl":"Uit beide komen parels en koraal voort.","en":"Out of both ˹waters˺ come forth pearls and coral"},"surah":null},{"id":4924,"surahId":55,"ayatId":23,"ayatNo":"٢٣","pageNo":532,"ayatText":"فَبِاَيِّ اٰلَٓاءِ رَبِّكُمَا تُكَذِّبَانِ","ayatMealText":{"tr":"Şimdi Rabbinizin hangi nimetlerini yalanlıyorsunuz?","nl":"Welke gunsten van jullie Heer loochenen jullie dan?","en":"Then which of your Lord’s favours will you both deny"},"surah":null},{"id":4925,"surahId":55,"ayatId":24,"ayatNo":"٢٤","pageNo":532,"ayatText":"وَلَهُ الْجَوَارِ الْمُنْشَاٰتُ فِي الْبَحْرِ كَالْاَعْلَامِۚ","ayatMealText":{"tr":"Denizde koca dağlar gibi yükselen gemiler de onundur.","nl":"En aan Hem behoren de over de zee varende schepen, als bergen.","en":"To Him belong the ships with raised sails, sailing through the seas like mountains"},"surah":null},{"id":4926,"surahId":55,"ayatId":25,"ayatNo":"٢٥","pageNo":532,"ayatText":"فَبِاَيِّ اٰلَٓاءِ رَبِّكُمَا تُكَذِّبَانِࣖ","ayatMealText":{"tr":"Şimdi Rabbinizin hangi nimetlerini yalanlıyorsunuz?","nl":"Welke gunsten van jullie Heer loochenen jullie dan?","en":"Then which of your Lord’s favours will you both deny"},"surah":null},{"id":4927,"surahId":55,"ayatId":26,"ayatNo":"٢٦","pageNo":532,"ayatText":"كُلُّ مَنْ عَلَيْهَا فَانٍۚ","ayatMealText":{"tr":"Yer üzerinde bulunan her şey fânidir.","nl":"Alles wat op aarde is zal vergaan.","en":"Every being on earth is bound to perish"},"surah":null},{"id":4928,"surahId":55,"ayatId":27,"ayatNo":"٢٧","pageNo":532,"ayatText":"وَيَبْقٰى وَجْهُ رَبِّكَ ذُو الْجَلَالِ وَالْاِكْرَامِۚ","ayatMealText":{"tr":"Yalnız celâl ve ikram sahibi Rabbinin yüzü (zâtı) baki kalacaktır.","nl":"En het Aangezicht van jouw Heer is blijvend, de Bezitter van Majesteit en Eer.","en":"Only your Lord Himself, full of Majesty and Honour, will remain ˹forever˺"},"surah":null},{"id":4929,"surahId":55,"ayatId":28,"ayatNo":"٢٨","pageNo":532,"ayatText":"فَبِاَيِّ اٰلَٓاءِ رَبِّكُمَا تُكَذِّبَانِ","ayatMealText":{"tr":"Şimdi Rabbinizin hangi nimetlerini yalanlıyorsunuz?","nl":"Welke gunsten van jullie Heer loochenen jullie dan?","en":"Then which of your Lord’s favours will you both deny"},"surah":null},{"id":4930,"surahId":55,"ayatId":29,"ayatNo":"٢٩","pageNo":532,"ayatText":"يَسْـَٔلُهُ مَنْ فِي السَّمٰوَاتِ وَالْاَرْضِؕ كُلَّ يَوْمٍ هُوَ فٖي شَأْنٍۚ","ayatMealText":{"tr":"Göklerde ve yerde bulunanlar, O'ndan isterler. O, her gün yeni bir iştedir.","nl":"Allen die in de hemelen en op de aarde zijn vragen Hem. Iedere dag is Hij bezig.","en":"All those in the heavens and the earth are dependent on Him. Day in and day out He has something to bring about"},"surah":null},{"id":4931,"surahId":55,"ayatId":30,"ayatNo":"٣٠","pageNo":532,"ayatText":"فَبِاَيِّ اٰلَٓاءِ رَبِّكُمَا تُكَذِّبَانِ","ayatMealText":{"tr":"Şimdi Rabbinizin hangi nimetlerini yalanlıyorsunuz?","nl":"Welke gunsten van jullie Heer loochenen jullie dan?","en":"Then which of your Lord’s favours will you both deny"},"surah":null},{"id":4932,"surahId":55,"ayatId":31,"ayatNo":"٣١","pageNo":532,"ayatText":"سَنَفْرُغُ لَكُمْ اَيُّهَ الثَّقَلَانِۚ","ayatMealText":{"tr":"Ey insan ve cin! sizin de hesabınızı ele alacağız.","nl":"Wij zullen voor jullie een afrekening maken, O jullie Djinn's en mensen!","en":"We will soon attend to you ˹for judgment˺, O two multitudes ˹of jinn and humans˺"},"surah":null},{"id":4933,"surahId":55,"ayatId":32,"ayatNo":"٣٢","pageNo":532,"ayatText":"فَبِاَيِّ اٰلَٓاءِ رَبِّكُمَا تُكَذِّبَانِ","ayatMealText":{"tr":"Şimdi Rabbinizin hangi nimetlerini yalanlıyorsunuz?","nl":"Welke gunsten van jullie Heer loochenen jullie dan?","en":"Then which of your Lord’s favours will you both deny"},"surah":null},{"id":4934,"surahId":55,"ayatId":33,"ayatNo":"٣٣","pageNo":532,"ayatText":"يَا مَعْشَرَ الْجِنِّ وَالْاِنْسِ اِنِ اسْتَطَعْتُمْ اَنْ تَنْفُذُوا مِنْ اَقْطَارِ السَّمٰوَاتِ وَالْاَرْضِ فَانْفُذُواؕ لَا تَنْفُذُونَ اِلَّا بِسُلْطَانٍۚ","ayatMealText":{"tr":"Ey cin ve insan toplulukları! Göklerin ve yerin çevresinden geçmeye gücünüz yeterse geçin gidin. Allah'ın verdiği bir güç olmadan geçemezsiniz.","nl":"O verzameling van Djinn's en mensen, als jullie in staat zijn de hoeken van de hemelen en de aarde te verlaten, verlaat die dan, maar jullie zullen die slechts met een (grote) macht kunnen verlaten.","en":"O assembly of jinn and humans! If you can penetrate beyond the realms of the heavens and the earth, then do so. ˹But˺ you cannot do that without ˹Our˺ authority"},"surah":null},{"id":4935,"surahId":55,"ayatId":34,"ayatNo":"٣٤","pageNo":532,"ayatText":"فَبِاَيِّ اٰلَٓاءِ رَبِّكُمَا تُكَذِّبَانِ","ayatMealText":{"tr":"Şimdi Rabbinizin hangi nimetlerini yalanlıyorsunuz?","nl":"Welke gunsten van jullie Heer loochenen jullie dan?","en":"Then which of your Lord’s favours will you both deny"},"surah":null},{"id":4936,"surahId":55,"ayatId":35,"ayatNo":"٣٥","pageNo":532,"ayatText":"يُرْسَلُ عَلَيْكُمَا شُوَاظٌ مِنْ نَارٍ وَنُحَاسٌ فَلَا تَنْتَصِرَانِۚ","ayatMealText":{"tr":"Üzerinize ateşten alev ve duman gönderilir, kendinizi savunamazsınız.","nl":"Er zal een vlam van vuur en gesmolten koper tot jullie gezonden worden, waartegen jullie elkaar niet kunnen helpen.","en":"Flames of fire and ˹molten˺ copper will be sent against you, and you will not be able to defend one another"},"surah":null},{"id":4937,"surahId":55,"ayatId":36,"ayatNo":"٣٦","pageNo":532,"ayatText":"فَبِاَيِّ اٰلَٓاءِ رَبِّكُمَا تُكَذِّبَانِ","ayatMealText":{"tr":"Şimdi Rabbinizin hangi nimetlerini yalanlıyorsunuz","nl":"Welke gunsten van jullie Heer loochenen jullie dan?","en":"Then which of your Lord’s favours will you both deny"},"surah":null},{"id":4938,"surahId":55,"ayatId":37,"ayatNo":"٣٧","pageNo":532,"ayatText":"فَاِذَا انْشَقَّتِ السَّمَٓاءُ فَكَانَتْ وَرْدَةً كَالدِّهَانِۚ","ayatMealText":{"tr":"Gök yarılıp da, erimiş yağ gibi kıpkırmızı bir gül olduğu zaman...","nl":"Wanneer dan de hemel is gespleten is zij rozenrood, als een geverfde huid.","en":"˹How horrible will it be˺ when the heavens will split apart, becoming rose-red like ˹burnt˺ oil"},"surah":null},{"id":4939,"surahId":55,"ayatId":38,"ayatNo":"٣٨","pageNo":532,"ayatText":"فَبِاَيِّ اٰلَٓاءِ رَبِّكُمَا تُكَذِّبَانِ","ayatMealText":{"tr":"Şimdi Rabbinizin hangi nimetlerini yalanlıyorsunuz?","nl":"Welke gunsten van jullie Heer loochenen jullie dan?","en":"Then which of your Lord’s favours will you both deny"},"surah":null},{"id":4940,"surahId":55,"ayatId":39,"ayatNo":"٣٩","pageNo":532,"ayatText":"فَيَوْمَئِذٍ لَا يُسْـَٔلُ عَنْ ذَنْبِهٖٓ اِنْسٌ وَلَا جَٓانٌّۚ","ayatMealText":{"tr":"İşte o gün, ne insana ne de cinne günahından sorulmaz.","nl":"Op die Dag zullen de mensen en de Djinn's niet ondervraagd worden over hun zonden.","en":"On that Day there will be no need for any human or jinn to be asked about their sins"},"surah":null},{"id":4941,"surahId":55,"ayatId":40,"ayatNo":"٤٠","pageNo":532,"ayatText":"فَبِاَيِّ اٰلَٓاءِ رَبِّكُمَا تُكَذِّبَانِ","ayatMealText":{"tr":"Şimdi Rabbinizin hangi nimetlerini yalanlıyorsunuz?","nl":"Welke gunsten van jullie Heer loochenen jullie dan?","en":"Then which of your Lord’s favours will you both deny"},"surah":null}]}