{"juzNo":27,"pageNo":533,"arCuzNo":"۲۷","arPageNo":"٥۳۳","quranAyats":[{"id":4942,"surahId":55,"ayatId":41,"ayatNo":"٤١","pageNo":533,"ayatText":"يُعْرَفُ الْمُجْرِمُونَ بِسٖيمٰيهُمْ فَيُؤْخَذُ بِالنَّوَاصٖي وَالْاَقْدَامِۚ","ayatMealText":{"tr":"Suçlular simalarından tanınır, alınlarından ve ayaklarından tutulur.","nl":"De misdadigers zullen herkend worden aan hun kenmerken en daarna gegrepen worden bij het haar van het voorhoofd en de voeten.","en":"The wicked will be recognized by their appearance, then will be seized by ˹their˺ forelocks and feet"},"surah":{"surahId":55,"name":"Rahmân","nameAr":"الرَّحْمٰنِ","revelationOrder":97,"verseCount":78,"juzNo":27,"firstPage":531}},{"id":4943,"surahId":55,"ayatId":42,"ayatNo":"٤٢","pageNo":533,"ayatText":"فَبِاَيِّ اٰلَٓاءِ رَبِّكُمَا تُكَذِّبَانِ","ayatMealText":{"tr":"Şimdi Rabbinizin hangi nimetlerini yalanlıyorsunuz?","nl":"Welke gunsten van jullie Heer loochenen jullie dan?","en":"Then which of your Lord’s favours will you both deny"},"surah":null},{"id":4944,"surahId":55,"ayatId":43,"ayatNo":"٤٣","pageNo":533,"ayatText":"هٰذِهٖ جَهَنَّمُ الَّتٖي يُكَذِّبُ بِهَا الْمُجْرِمُونَۘ","ayatMealText":{"tr":"İşte bu, suçluların yalanladığı cehennemdir.","nl":"Dit is de Hel die de zondaren loochenden.","en":"˹They will be told,˺ “This is the Hell which the wicked denied.”"},"surah":null},{"id":4945,"surahId":55,"ayatId":44,"ayatNo":"٤٤","pageNo":533,"ayatText":"يَطُوفُونَ بَيْنَهَا وَبَيْنَ حَمٖيمٍ اٰنٍۚ","ayatMealText":{"tr":"Onunla kaynar su arasında dolaşırlar.","nl":"Zij dolen daar rond in het midden van kokend heet water.","en":"They will alternate between its flames and scalding water"},"surah":null},{"id":4946,"surahId":55,"ayatId":45,"ayatNo":"٤٥","pageNo":533,"ayatText":"فَبِاَيِّ اٰلَٓاءِ رَبِّكُمَا تُكَذِّبَانِࣖ","ayatMealText":{"tr":"Şimdi Rabbinizin hangi nimetlerini yalanlıyorsunuz?","nl":"Welke gunsten van jullie Heer loochenen jullie dan?","en":"Then which of your Lord’s favours will you both deny"},"surah":null},{"id":4947,"surahId":55,"ayatId":46,"ayatNo":"٤٦","pageNo":533,"ayatText":"وَلِمَنْ خَافَ مَقَامَ رَبِّهٖ جَنَّتَانِۚ","ayatMealText":{"tr":"Rabbinin makamından korkan kimselere iki cennet vardır.","nl":"En voor wie vreesde voor het staan voor zijn Heer zijn er twee Tuinen (in het Paradijs).","en":"And whoever is in awe of standing before their Lord will have two Gardens"},"surah":null},{"id":4948,"surahId":55,"ayatId":47,"ayatNo":"٤٧","pageNo":533,"ayatText":"فَبِاَيِّ اٰلَٓاءِ رَبِّكُمَا تُكَذِّبَانِۙ","ayatMealText":{"tr":"Şimdi Rabbinizin hangi nimetlerini yalanlıyorsunuz?","nl":"Welke gunsten van jullie Heer loochenen jullie dan?","en":"Then which of your Lord’s favours will you both deny"},"surah":null},{"id":4949,"surahId":55,"ayatId":48,"ayatNo":"٤٨","pageNo":533,"ayatText":"ذَوَاتَٓا اَفْنَانٍۚ","ayatMealText":{"tr":"İkisinin de çeşitli ağaçları, meyvaları vardır.","nl":"Beide met een overvloed aan takken en vruchten.","en":"˹Both will be˺ with lush branches"},"surah":null},{"id":4950,"surahId":55,"ayatId":49,"ayatNo":"٤٩","pageNo":533,"ayatText":"فَبِاَيِّ اٰلَٓاءِ رَبِّكُمَا تُكَذِّبَانِ","ayatMealText":{"tr":"Şimdi Rabbinizin hangi nimetlerini yalanlıyorsunuz?","nl":"Welke gunsten van jullie Heer loochenen jullie dan?","en":"Then which of your Lord’s favours will you both deny"},"surah":null},{"id":4951,"surahId":55,"ayatId":50,"ayatNo":"٥٠","pageNo":533,"ayatText":"فٖيهِمَا عَيْنَانِ تَجْرِيَانِۚ","ayatMealText":{"tr":"İkisinde de akıp giden iki kaynak vardır.","nl":"In beide zijn twee stromende bronnen.","en":"In each ˹Garden˺ will be two flowing springs"},"surah":null},{"id":4952,"surahId":55,"ayatId":51,"ayatNo":"٥١","pageNo":533,"ayatText":"فَبِاَيِّ اٰلَٓاءِ رَبِّكُمَا تُكَذِّبَانِ","ayatMealText":{"tr":"Şimdi Rabbinizin hangi nimetlerini yalanlıyorsunuz?","nl":"Welke gunsten van jullie Heer loochenen jullie dan?","en":"Then which of your Lord’s favours will you both deny"},"surah":null},{"id":4953,"surahId":55,"ayatId":52,"ayatNo":"٥٢","pageNo":533,"ayatText":"فٖيهِمَا مِنْ كُلِّ فَاكِهَةٍ زَوْجَانِۚ","ayatMealText":{"tr":"İkisinde de her türlü meyvadan çift çift vardır.","nl":"In beide zijn er vruchten van elke soort, in paren.","en":"In each will be two types of every fruit"},"surah":null},{"id":4954,"surahId":55,"ayatId":53,"ayatNo":"٥٣","pageNo":533,"ayatText":"فَبِاَيِّ اٰلَٓاءِ رَبِّكُمَا تُكَذِّبَانِ","ayatMealText":{"tr":"Şimdi Rabbinizin hangi nimetlerini yalanlıyorsunuz?","nl":"Welke gunsten van jullie Heer loochenen jullie dan?","en":"Then which of your Lord’s favours will you both deny"},"surah":null},{"id":4955,"surahId":55,"ayatId":54,"ayatNo":"٥٤","pageNo":533,"ayatText":"مُتَّكِـٖٔينَ عَلٰى فُرُشٍ بَطَٓائِنُهَا مِنْ اِسْتَبْرَقٍؕ وَجَنَا الْجَنَّتَيْنِ دَانٍۚ","ayatMealText":{"tr":"Astarları atlastan yataklara yaslanırlar. İki cennetin de devşirmesi yakındır.","nl":"Leunend, op tapijten met brokaat aan hun binnenzijden en (de vruchten) van beide Tuinen hangen binnen handbereik.","en":"Those ˹believers˺ will recline on furnishings lined with rich brocade. And the fruit of both Gardens will hang within reach"},"surah":null},{"id":4956,"surahId":55,"ayatId":55,"ayatNo":"٥٥","pageNo":533,"ayatText":"فَبِاَيِّ اٰلَٓاءِ رَبِّكُمَا تُكَذِّبَانِ","ayatMealText":{"tr":"Şimdi Rabbinizin hangi nimetlerini yalanlıyorsunuz?","nl":"Welke gunsten van jullie Heer loochenen jullie dan?","en":"Then which of your Lord’s favours will you both deny"},"surah":null},{"id":4957,"surahId":55,"ayatId":56,"ayatNo":"٥٦","pageNo":533,"ayatText":"فٖيهِنَّ قَاصِرَاتُ الطَّرْفِۙ لَمْ يَطْمِثْهُنَّ اِنْسٌ قَبْلَهُمْ وَلَا جَٓانٌّۚ","ayatMealText":{"tr":"Oralarda gözlerini yalnız eşlerine çevirmiş dilberler var ki, bunlardan önce onlara ne insan ne de cin dokunmuştur.","nl":"In de Tuinen bevinden zich schonen met ingetogen blikken, die geen mens en geen Djinn ooit vóór hen heeft aangeraakt.","en":"In both ˹Gardens˺ will be maidens of modest gaze, who no human or jinn has ever touched before"},"surah":null},{"id":4958,"surahId":55,"ayatId":57,"ayatNo":"٥٧","pageNo":533,"ayatText":"فَبِاَيِّ اٰلَٓاءِ رَبِّكُمَا تُكَذِّبَانِۚ","ayatMealText":{"tr":"Şimdi Rabbinizin hangi nimetlerini yalanlıyorsunuz?","nl":"Welke gunsten van jullie Heer loochenen jullie dan?","en":"Then which of your Lord’s favours will you both deny"},"surah":null},{"id":4959,"surahId":55,"ayatId":58,"ayatNo":"٥٨","pageNo":533,"ayatText":"كَاَنَّهُنَّ الْيَاقُوتُ وَالْمَرْجَانُۚ","ayatMealText":{"tr":"Sanki onlar yâkut ve mercandırlar.","nl":"Als waren zij van robijn en koraal.","en":"Those ˹maidens˺ will be ˹as elegant˺ as rubies and coral"},"surah":null},{"id":4960,"surahId":55,"ayatId":59,"ayatNo":"٥٩","pageNo":533,"ayatText":"فَبِاَيِّ اٰلَٓاءِ رَبِّكُمَا تُكَذِّبَانِ","ayatMealText":{"tr":"Şimdi Rabbinizin hangi nimetlerini yalanlıyorsunuz?","nl":"Welke gunsten van jullie Heer loochenen jullie dan?","en":"Then which of your Lord’s favours will you both deny"},"surah":null},{"id":4961,"surahId":55,"ayatId":60,"ayatNo":"٦٠","pageNo":533,"ayatText":"هَلْ جَزَٓاءُ الْاِحْسَانِ اِلَّا الْاِحْسَانُۚ","ayatMealText":{"tr":"İyiliğin karşılığı, yalnız iyilik değil midir?","nl":"Er is voor het verrichten van het goede geen andere beloning dan het goede.","en":"Is there any reward for goodness except goodness"},"surah":null},{"id":4962,"surahId":55,"ayatId":61,"ayatNo":"٦١","pageNo":533,"ayatText":"فَبِاَيِّ اٰلَٓاءِ رَبِّكُمَا تُكَذِّبَانِ","ayatMealText":{"tr":"Şimdi Rabbinizin hangi nimetlerini yalanlıyorsunuz?","nl":"Welke gunsten van jullie Heer loochenen jullie dan?","en":"Then which of your Lord’s favours will you both deny"},"surah":null},{"id":4963,"surahId":55,"ayatId":62,"ayatNo":"٦٢","pageNo":533,"ayatText":"وَمِنْ دُونِهِمَا جَنَّتَانِۚ","ayatMealText":{"tr":"Bu ikisinden başka iki cennet daha vardır.","nl":"En naast deze twee zijn nog twee Tuinen.","en":"And below these two ˹Gardens˺ will be two others"},"surah":null},{"id":4964,"surahId":55,"ayatId":63,"ayatNo":"٦٣","pageNo":533,"ayatText":"فَبِاَيِّ اٰلَٓاءِ رَبِّكُمَا تُكَذِّبَانِۙ","ayatMealText":{"tr":"Şimdi Rabbinizin hangi nimetlerini yalanlıyorsunuz?","nl":"Welke gunsten van jullie Heer loochenen jullie dan?","en":"Then which of your Lord’s favours will you both deny"},"surah":null},{"id":4965,"surahId":55,"ayatId":64,"ayatNo":"٦٤","pageNo":533,"ayatText":"مُدْهَٓامَّتَانِۚ","ayatMealText":{"tr":"(Bu cennetler) yemyeşildirler.","nl":"Donkergroen van kleur.","en":"Both will be dark green"},"surah":null},{"id":4966,"surahId":55,"ayatId":65,"ayatNo":"٦٥","pageNo":533,"ayatText":"فَبِاَيِّ اٰلَٓاءِ رَبِّكُمَا تُكَذِّبَانِۚ","ayatMealText":{"tr":"Şimdi Rabbinizin hangi nimetlerini yalanlıyorsunuz?","nl":"Welke gunsten van jullie Heer loochenen jullie dan?","en":"Then which of your Lord’s favours will you both deny"},"surah":null},{"id":4967,"surahId":55,"ayatId":66,"ayatNo":"٦٦","pageNo":533,"ayatText":"فٖيهِمَا عَيْنَانِ نَضَّاخَتَانِۚ","ayatMealText":{"tr":"İkisinde de fışkıran iki kaynak vardır.","nl":"In beide bevinden zich twee overvloedige bronnen.","en":"In each will be two gushing springs"},"surah":null},{"id":4968,"surahId":55,"ayatId":67,"ayatNo":"٦٧","pageNo":533,"ayatText":"فَبِاَيِّ اٰلَٓاءِ رَبِّكُمَا تُكَذِّبَانِۚ","ayatMealText":{"tr":"Şimdi Rabbinizin hangi nimetlerini yalanlıyorsunuz?","nl":"Welke gunsten van jullie Heer loochenen jullie dan?","en":"Then which of your Lord’s favours will you both deny"},"surah":null}]}