{"juzNo":27,"pageNo":534,"arCuzNo":"۲۷","arPageNo":"٥۳٤","quranAyats":[{"id":4969,"surahId":55,"ayatId":68,"ayatNo":"٦٨","pageNo":534,"ayatText":"فٖيهِمَا فَاكِهَةٌ وَنَخْلٌ وَرُمَّانٌۚ","ayatMealText":{"tr":"İkisinde de her türlü meyva, hurma ve nar vardır.","nl":"In beide zijn vruchten, dadels en granaatappels.","en":"In both will be fruit, palm trees, and pomegranates"},"surah":{"surahId":55,"name":"Rahmân","nameAr":"الرَّحْمٰنِ","revelationOrder":97,"verseCount":78,"juzNo":27,"firstPage":531}},{"id":4970,"surahId":55,"ayatId":69,"ayatNo":"٦٩","pageNo":534,"ayatText":"فَبِاَيِّ اٰلَٓاءِ رَبِّكُمَا تُكَذِّبَانِۚ","ayatMealText":{"tr":"Şimdi Rabbinizin hangi nimetlerini yalanlıyorsunuz?","nl":"Welke gunsten van jullie Heer loochenen jullie dan?","en":"Then which of your Lord’s favours will you both deny"},"surah":null},{"id":4971,"surahId":55,"ayatId":70,"ayatNo":"٧٠","pageNo":534,"ayatText":"فٖيهِنَّ خَيْرَاتٌ حِسَانٌۚ","ayatMealText":{"tr":"İçlerinde güzel huylu, güzel yüzlü kadınlar vardır.","nl":"Er in bevinden zich goede en mooie vrouwen.","en":"In all Gardens will be noble, pleasant mates"},"surah":null},{"id":4972,"surahId":55,"ayatId":71,"ayatNo":"٧١","pageNo":534,"ayatText":"فَبِاَيِّ اٰلَٓاءِ رَبِّكُمَا تُكَذِّبَانِۚ","ayatMealText":{"tr":"Şimdi Rabbinizin hangi nimetlerini yalanlıyorsunuz?","nl":"Welke gunsten van jullie Heer loochenen jullie dan?","en":"Then which of your Lord’s favours will you both deny"},"surah":null},{"id":4973,"surahId":55,"ayatId":72,"ayatNo":"٧٢","pageNo":534,"ayatText":"حُورٌ مَقْصُورَاتٌ فِي الْخِيَامِۚ","ayatMealText":{"tr":"Çadırlar içerisinde gözlerini yalnız kocalarına çevirmiş hûriler vardır.","nl":"Vrouwen met prachtige ogen, afgezonderd in tentverblijven.","en":"˹They will be˺ maidens with gorgeous eyes, reserved in pavilions"},"surah":null},{"id":4974,"surahId":55,"ayatId":73,"ayatNo":"٧٣","pageNo":534,"ayatText":"فَبِاَيِّ اٰلَٓاءِ رَبِّكُمَا تُكَذِّبَانِۚ","ayatMealText":{"tr":"Şimdi Rabbinizin hangi nimetlerini yalanlıyorsunuz?","nl":"Welke gunsten van jullie Heer loochenen jullie dan?","en":"Then which of your Lord’s favours will you both deny"},"surah":null},{"id":4975,"surahId":55,"ayatId":74,"ayatNo":"٧٤","pageNo":534,"ayatText":"لَمْ يَطْمِثْهُنَّ اِنْسٌ قَبْلَهُمْ وَلَا جَٓانٌّۚ","ayatMealText":{"tr":"Bunlardan önce onlara ne insan ne de cin dokunmuştur.","nl":"Die geen mens en geen Djinn ooit vóór hen heeft aangeraakt.","en":"No human or jinn has ever touched these ˹maidens˺ before"},"surah":null},{"id":4976,"surahId":55,"ayatId":75,"ayatNo":"٧٥","pageNo":534,"ayatText":"فَبِاَيِّ اٰلَٓاءِ رَبِّكُمَا تُكَذِّبَانِۚ","ayatMealText":{"tr":"Şimdi Rabbinizin hangi nimetlerini yalanlıyorsunuz?","nl":"Welke gunsten van jullie Heer loochenen jullie dan?","en":"Then which of your Lord’s favours will you both deny"},"surah":null},{"id":4977,"surahId":55,"ayatId":76,"ayatNo":"٧٦","pageNo":534,"ayatText":"مُتَّكِـٖٔينَ عَلٰى رَفْرَفٍ خُضْرٍ وَعَبْقَرِيٍّ حِسَانٍۚ","ayatMealText":{"tr":"Yeşil yastıklara ve hârikulâde güzel işlemeli döşeklere yaslanırlar.","nl":"Leunend op groene kussens en op prachtige tapijten.","en":"All ˹believers˺ will be reclining on green cushions and splendid carpets"},"surah":null},{"id":4978,"surahId":55,"ayatId":77,"ayatNo":"٧٧","pageNo":534,"ayatText":"فَبِاَيِّ اٰلَٓاءِ رَبِّكُمَا تُكَذِّبَانِ","ayatMealText":{"tr":"Şimdi Rabbinizin hangi nimetlerini yalanlıyorsunuz?","nl":"Welke gunsten van jullie Heer loochenen jullie dan?","en":"Then which of your Lord’s favours will you both deny"},"surah":null},{"id":4979,"surahId":55,"ayatId":78,"ayatNo":"٧٨","pageNo":534,"ayatText":"تَبَارَكَ اسْمُ رَبِّكَ ذِي الْجَلَالِ وَالْاِكْرَامِ","ayatMealText":{"tr":"Büyüklük ve ikram sahibi Rabbinin adı ne yücedir!","nl":"Gezegend zij de Naam van jouw Heer, de Bezitter van Majesteit en Eer.","en":"Blessed is the Name of your Lord, full of Majesty and Honour"},"surah":null},{"id":4980,"surahId":56,"ayatId":1,"ayatNo":"١","pageNo":534,"ayatText":"اِذَا وَقَعَتِ الْوَاقِعَةُۙ","ayatMealText":{"tr":"Olacak vak'a olduğu zaman","nl":"Wanneer de Dag der Opstanding plaatsvindt.","en":"When the Inevitable Event takes place"},"surah":{"surahId":56,"name":"Vâkıa","nameAr":"الْوَاقِعَةِ","revelationOrder":46,"verseCount":96,"juzNo":27,"firstPage":534}},{"id":4981,"surahId":56,"ayatId":2,"ayatNo":"٢","pageNo":534,"ayatText":"لَيْسَ لِوَقْعَتِهَا كَاذِبَةٌۘ","ayatMealText":{"tr":"Onun oluşunu yalanlayacak kimse yoktur.","nl":"(Dan) kent de gebeurtenis ervan geen loochening.","en":"then no one can deny it has come"},"surah":null},{"id":4982,"surahId":56,"ayatId":3,"ayatNo":"٣","pageNo":534,"ayatText":"خَافِضَةٌ رَافِعَةٌۙ","ayatMealText":{"tr":"O, alçaltıcıdır, yükselticidir.","nl":"Verlagend (voor de één), verheffend (voor de ander).","en":"It will debase ˹some˺ and elevate ˹others˺"},"surah":null},{"id":4983,"surahId":56,"ayatId":4,"ayatNo":"٤","pageNo":534,"ayatText":"اِذَا رُجَّتِ الْاَرْضُ رَجاًّۙ","ayatMealText":{"tr":"Yer şiddetle sarsıldığı","nl":"Wanneer de aarde hevig geschud wordt.","en":"When the earth will be violently shaken"},"surah":null},{"id":4984,"surahId":56,"ayatId":5,"ayatNo":"٥","pageNo":534,"ayatText":"وَبُسَّتِ الْجِبَالُ بَساًّۙ","ayatMealText":{"tr":"Dağlar serpildikçe serpildiği","nl":"En de bergen volledig vernietigd worden.","en":"and the mountains will be crushed to pieces"},"surah":null},{"id":4985,"surahId":56,"ayatId":6,"ayatNo":"٦","pageNo":534,"ayatText":"فَكَانَتْ هَبَٓاءً مُنْبَثاًّۙ","ayatMealText":{"tr":"Dağılıp toz duman haline geldiği","nl":"Zodat deze tot rondvliegend stof worden.","en":"becoming scattered ˹particles of˺ dust"},"surah":null},{"id":4986,"surahId":56,"ayatId":7,"ayatNo":"٧","pageNo":534,"ayatText":"وَكُنْتُمْ اَزْوَاجاً ثَلٰثَةًؕ","ayatMealText":{"tr":"Ve sizler üç sınıf olduğunuz zaman","nl":"En jullie in drie groepen verdeeld zijn.","en":"you will ˹all˺ be ˹divided into˺ three groups"},"surah":null},{"id":4987,"surahId":56,"ayatId":8,"ayatNo":"٨","pageNo":534,"ayatText":"فَاَصْحَابُ الْمَيْمَنَةِ مَٓا اَصْحَابُ الْمَيْمَنَةِؕ","ayatMealText":{"tr":"Sağın adamları (var ya) ne mutludurlar onlar!","nl":"De mensen van de rechterzijde, (wat een voorspoed voor) de mensen van de rechterzijde!","en":"the people of the right, how ˹blessed˺ will they be"},"surah":null},{"id":4988,"surahId":56,"ayatId":9,"ayatNo":"٩","pageNo":534,"ayatText":"وَاَصْحَابُ الْمَشْـَٔمَةِ مَٓا اَصْحَابُ الْمَشْـَٔمَةِؕ","ayatMealText":{"tr":"Solun adamları ise ne uğursuzdurlar onlar!","nl":"En de mensen van de linkerzijde, (wat een tegenspoed voor) de mensen van de linkerzijde!","en":"the people of the left, how ˹miserable˺ will they be"},"surah":null},{"id":4989,"surahId":56,"ayatId":10,"ayatNo":"١٠","pageNo":534,"ayatText":"وَالسَّابِقُونَ السَّابِقُونَۙ","ayatMealText":{"tr":"Önde olanlar (var ya), onlar öncüdürler.","nl":"En de eersten (de derde groep) zijn de eersten.","en":"and the foremost ˹in faith˺ will be the foremost ˹in Paradise˺"},"surah":null},{"id":4990,"surahId":56,"ayatId":11,"ayatNo":"١١","pageNo":534,"ayatText":"اُو۬لٰٓئِكَ الْمُقَرَّبُونَۚ","ayatMealText":{"tr":"İşte o yaklaştırılanlar,","nl":"Dat zijn degenen die nabij zijn gebracht.","en":"They are the ones nearest ˹to Allah˺"},"surah":null},{"id":4991,"surahId":56,"ayatId":12,"ayatNo":"١٢","pageNo":534,"ayatText":"فٖي جَنَّاتِ النَّعٖيمِ","ayatMealText":{"tr":"Nimet cennetlerindedirler.","nl":"In de Tuinen van gelukzaligheid (het Paradijs).","en":"in the Gardens of Bliss"},"surah":null},{"id":4992,"surahId":56,"ayatId":13,"ayatNo":"١٣","pageNo":534,"ayatText":"ثُلَّةٌ مِنَ الْاَوَّلٖينَۙ","ayatMealText":{"tr":"Çoğu önceki ümmetlerden,","nl":"Een aantal van de vroegeren.","en":"˹They will be˺ a multitude from earlier generations"},"surah":null},{"id":4993,"surahId":56,"ayatId":14,"ayatNo":"١٤","pageNo":534,"ayatText":"وَقَلٖيلٌ مِنَ الْاٰخِرٖينَؕ","ayatMealText":{"tr":"Birazı da sonrakilerden.","nl":"En weinig van de lateren.","en":"and a few from later generations"},"surah":null},{"id":4994,"surahId":56,"ayatId":15,"ayatNo":"١٥","pageNo":534,"ayatText":"عَلٰى سُرُرٍ مَوْضُونَةٍۙ","ayatMealText":{"tr":"(Onlar) cevherlerle işlenmiş tahtlar üzerindedirler.","nl":"Op (met goud) geborduurde rustbanken.","en":"˹All will be˺ on jewelled thrones"},"surah":null},{"id":4995,"surahId":56,"ayatId":16,"ayatNo":"١٦","pageNo":534,"ayatText":"مُتَّكِـٖٔينَ عَلَيْهَا مُتَقَابِلٖينَ","ayatMealText":{"tr":"Karşılıklı olarak onların üzerinde yaslanırlar.","nl":"Daarop leunend, tegenover elkaar zittend.","en":"reclining face to face"},"surah":null}]}