{"juzNo":27,"pageNo":535,"arCuzNo":"۲۷","arPageNo":"٥۳٥","quranAyats":[{"id":4996,"surahId":56,"ayatId":17,"ayatNo":"١٧","pageNo":535,"ayatText":"يَطُوفُ عَلَيْهِمْ وِلْدَانٌ مُخَلَّدُونَۙ","ayatMealText":{"tr":"Çevrelerinde, ölümsüzlüğe ulaşmış gençler dolaşırlar.","nl":"Onder hen gaan eeuwig jeugdigen rond.","en":"They will be waited on by eternal youths"},"surah":{"surahId":56,"name":"Vâkıa","nameAr":"الْوَاقِعَةِ","revelationOrder":46,"verseCount":96,"juzNo":27,"firstPage":534}},{"id":4997,"surahId":56,"ayatId":18,"ayatNo":"١٨","pageNo":535,"ayatText":"بِاَكْوَابٍ وَاَبَارٖيقَ وَكَأْسٍ مِنْ مَعٖينٍۙ","ayatMealText":{"tr":"Kaynağından doldurulmuş, testiler, ibrikler ve kadehlerle.","nl":"Met bokalen en kannen en glazen, gevuld aan een stromende bron.","en":"with cups, pitchers, and a drink ˹of pure wine˺ from a flowing stream"},"surah":null},{"id":4998,"surahId":56,"ayatId":19,"ayatNo":"١٩","pageNo":535,"ayatText":"لَا يُصَدَّعُونَ عَنْهَا وَلَا يُنْزِفُونَۙ","ayatMealText":{"tr":"Ondan ne başları ağrıtılır, ne de akılları giderilir.","nl":"Waarvan zij geen hoofdpijn krijgen en niet dronken worden.","en":"that will cause them neither headache nor intoxication"},"surah":null},{"id":4999,"surahId":56,"ayatId":20,"ayatNo":"٢٠","pageNo":535,"ayatText":"وَفَاكِهَةٍ مِمَّا يَتَخَيَّرُونَۙ","ayatMealText":{"tr":"Beğendikleri meyvalar,","nl":"En vruchten waaruit zij kunnen kiezen.","en":"˹They will also be served˺ any fruit they choose"},"surah":null},{"id":5000,"surahId":56,"ayatId":21,"ayatNo":"٢١","pageNo":535,"ayatText":"وَلَحْمِ طَيْرٍ مِمَّا يَشْتَهُونَؕ","ayatMealText":{"tr":"Canlarının çektiği kuş etleri,","nl":"En vlees van gevogelte, wat zij maar verlangen.","en":"and meat from any bird they desire"},"surah":null},{"id":5001,"surahId":56,"ayatId":22,"ayatNo":"٢٢","pageNo":535,"ayatText":"وَحُورٌ عٖينٌۙ","ayatMealText":{"tr":"İri gözlü hûriler,","nl":"En schonen met schitterende ogen.","en":"And ˹they will have˺ maidens with gorgeous eyes"},"surah":null},{"id":5002,"surahId":56,"ayatId":23,"ayatNo":"٢٣","pageNo":535,"ayatText":"كَاَمْثَالِ اللُّؤْلُؤِ۬ الْمَكْنُونِۚ","ayatMealText":{"tr":"Saklı inciler gibi,","nl":"Gelijk welbewaarde parels.","en":"like pristine pearls"},"surah":null},{"id":5003,"surahId":56,"ayatId":24,"ayatNo":"٢٤","pageNo":535,"ayatText":"جَزَٓاءً بِمَا كَانُوا يَعْمَلُونَ","ayatMealText":{"tr":"Yaptıklarına karşılık olarak verilir.","nl":"Als een beloning voor wat zij plachten te doen.","en":"˹all˺ as a reward for what they used to do"},"surah":null},{"id":5004,"surahId":56,"ayatId":25,"ayatNo":"٢٥","pageNo":535,"ayatText":"لَا يَسْمَعُونَ فٖيهَا لَغْواً وَلَا تَأْثٖيماًۙ","ayatMealText":{"tr":"Orada boş bir söz ve günaha sokan bir laf işitmezler.","nl":"Zij horen daarin geen onzin en geen zondigheid.","en":"There they will never hear any idle or sinful talk—"},"surah":null},{"id":5005,"surahId":56,"ayatId":26,"ayatNo":"٢٦","pageNo":535,"ayatText":"اِلَّا قٖيلاً سَلَاماً سَلَاماً","ayatMealText":{"tr":"Duydukları söz, yalnız \"selam\", \"selam\" dır.","nl":"Slechts het zeggen van: \"Vrede! Vrede!\"","en":"only good and virtuous speech"},"surah":null},{"id":5006,"surahId":56,"ayatId":27,"ayatNo":"٢٧","pageNo":535,"ayatText":"وَاَصْحَابُ الْيَمٖينِ مَٓا اَصْحَابُ الْيَمٖينِؕ","ayatMealText":{"tr":"Sağın adamları, nedir o sağın adamları!","nl":"En de mensen van de rechterzijde, (wat een voorspoed voor) de mensen van de rechterzijde!","en":"And the people of the right—how ˹blessed˺ will they be"},"surah":null},{"id":5007,"surahId":56,"ayatId":28,"ayatNo":"٢٨","pageNo":535,"ayatText":"فٖي سِدْرٍ مَخْضُودٍۙ","ayatMealText":{"tr":"Dalbastı kirazlar,","nl":"Temidden van lotusbomen zonder doornen.","en":"˹They will be˺ amid thornless lote trees"},"surah":null},{"id":5008,"surahId":56,"ayatId":29,"ayatNo":"٢٩","pageNo":535,"ayatText":"وَطَلْحٍ مَنْضُودٍۙ","ayatMealText":{"tr":"Meyva dizili muzlar,","nl":"En bananenbomen vol met vruchten.","en":"clusters of bananas"},"surah":null},{"id":5009,"surahId":56,"ayatId":30,"ayatNo":"٣٠","pageNo":535,"ayatText":"وَظِلٍّ مَمْدُودٍۙ","ayatMealText":{"tr":"Uzamış gölgeler,","nl":"En langdurige schaduw.","en":"extended shade"},"surah":null},{"id":5010,"surahId":56,"ayatId":31,"ayatNo":"٣١","pageNo":535,"ayatText":"وَمَٓاءٍ مَسْكُوبٍۙ","ayatMealText":{"tr":"Fışkıran sular.","nl":"En stromend water.","en":"flowing water"},"surah":null},{"id":5011,"surahId":56,"ayatId":32,"ayatNo":"٣٢","pageNo":535,"ayatText":"وَفَاكِهَةٍ كَثٖيرَةٍۙ","ayatMealText":{"tr":"Pek çok meyva arasında,","nl":"En fruit in overvloed.","en":"abundant fruit—"},"surah":null},{"id":5012,"surahId":56,"ayatId":33,"ayatNo":"٣٣","pageNo":535,"ayatText":"لَا مَقْطُوعَةٍ وَلَا مَمْنُوعَةٍۙ","ayatMealText":{"tr":"Tükenmeyen ve yasaklanmayan","nl":"Niet onderbroken en niet verboden.","en":"never out of season nor forbidden—"},"surah":null},{"id":5013,"surahId":56,"ayatId":34,"ayatNo":"٣٤","pageNo":535,"ayatText":"وَفُرُشٍ مَرْفُوعَةٍؕ","ayatMealText":{"tr":"Ve yükseltilmiş döşekler üstündedirler.","nl":"Op verhoogde rustbedden.","en":"and elevated furnishings"},"surah":null},{"id":5014,"surahId":56,"ayatId":35,"ayatNo":"٣٥","pageNo":535,"ayatText":"اِنَّٓا اَنْشَأْنَاهُنَّ اِنْشَٓاءًۙ","ayatMealText":{"tr":"Biz kadınları yeniden inşa ettik (yarattık).","nl":"Voorwaar, Wij hebben hen (de vrouwen in het Paradijs) opnieuw geschapen.","en":"Indeed, We will have perfectly created their mates"},"surah":null},{"id":5015,"surahId":56,"ayatId":36,"ayatNo":"٣٦","pageNo":535,"ayatText":"فَجَعَلْنَاهُنَّ اَبْكَاراًۙ","ayatMealText":{"tr":"Onları bâkireler yaptık.","nl":"En Wij hebben hen maagdelijk gemaakt.","en":"making them virgins"},"surah":null},{"id":5016,"surahId":56,"ayatId":37,"ayatNo":"٣٧","pageNo":535,"ayatText":"عُـرُباً اَتْـرَاباًۙ","ayatMealText":{"tr":"Hep yaşıt sevgililer,","nl":"Liefdevol en gelijk in leeftijd.","en":"loving and of equal age"},"surah":null},{"id":5017,"surahId":56,"ayatId":38,"ayatNo":"٣٨","pageNo":535,"ayatText":"لِاَصْحَـابِ الْيَمٖينِؕࣖ","ayatMealText":{"tr":"Sağın adamları içindir.","nl":"Voor de mensen aan de rechterzijde.","en":"for the people of the right"},"surah":null},{"id":5018,"surahId":56,"ayatId":39,"ayatNo":"٣٩","pageNo":535,"ayatText":"ثُلَّةٌ مِنَ الْاَوَّلٖينَۙ","ayatMealText":{"tr":"Bir çoğu öncekilerdendir.","nl":"Een aantal van de vroegeren (groepen).","en":"˹who will be˺ a multitude from earlier generations"},"surah":null},{"id":5019,"surahId":56,"ayatId":40,"ayatNo":"٤٠","pageNo":535,"ayatText":"وَثُلَّةٌ مِنَ الْاٰخِرٖينَؕ","ayatMealText":{"tr":"Bir çoğu da sonrakilerdendir.","nl":"En een aantal van de lateren.","en":"and a multitude from later generations"},"surah":null},{"id":5020,"surahId":56,"ayatId":41,"ayatNo":"٤١","pageNo":535,"ayatText":"وَاَصْحَابُ الشِّمَالِۙ مَٓا اَصْحَابُ الشِّمَالِؕ","ayatMealText":{"tr":"Solun adamları, nedir o solcular!","nl":"En de mensen van de linkerzijde, (wat een tegenspoed voor) de mensen aan de linkerzijde!","en":"And the people of the left—how ˹miserable˺ will they be"},"surah":null},{"id":5021,"surahId":56,"ayatId":42,"ayatNo":"٤٢","pageNo":535,"ayatText":"فٖي سَمُومٍ وَحَمٖيمٍۙ","ayatMealText":{"tr":"İçlerine işleyen bir ateş ve kaynar şu içinde,","nl":"(Zij verkeren) in een verzengende wind en kokend water.","en":"˹They will be˺ in scorching heat and boiling water"},"surah":null},{"id":5022,"surahId":56,"ayatId":43,"ayatNo":"٤٣","pageNo":535,"ayatText":"وَظِلٍّ مِنْ يَحْمُومٍۙ","ayatMealText":{"tr":"Kapkara dumandan bir gölge altındadırlar.","nl":"En schaduwen van zwarte rook.","en":"in the shade of black smoke"},"surah":null},{"id":5023,"surahId":56,"ayatId":44,"ayatNo":"٤٤","pageNo":535,"ayatText":"لَا بَارِدٍ وَلَا كَرٖيمٍ","ayatMealText":{"tr":"Ki ne serindir, ne de faydalı.","nl":"Niet koel en niet weldadig.","en":"neither cool nor refreshing"},"surah":null},{"id":5024,"surahId":56,"ayatId":45,"ayatNo":"٤٥","pageNo":535,"ayatText":"اِنَّهُمْ كَانُوا قَبْلَ ذٰلِكَ مُتْرَفٖينَۚ","ayatMealText":{"tr":"Çünkü onlar bundan önce varlık içinde sefâhete dalmışlardı.","nl":"Voorwaar, zij plachten voorheen in weelde te leven.","en":"Indeed, before this ˹torment˺ they were spoiled by luxury"},"surah":null},{"id":5025,"surahId":56,"ayatId":46,"ayatNo":"٤٦","pageNo":535,"ayatText":"وَكَانُوا يُصِرُّونَ عَلَى الْحِنْثِ الْعَظٖيمِۚ","ayatMealText":{"tr":"Büyük günahı işlemekte ısrar ediyorlardı.","nl":"En zij volhardden in geweldige zondigheid.","en":"and persisted in the worst of sin"},"surah":null},{"id":5026,"surahId":56,"ayatId":47,"ayatNo":"٤٧","pageNo":535,"ayatText":"وَكَانُوا يَقُولُونَ اَئِذَا مِتْنَا وَكُنَّا تُرَاباً وَعِظَاماً ءَاِنَّا لَمَبْعُوثُونَۙ","ayatMealText":{"tr":"Ve diyorlardı ki: \"Biz ölüp, toprak ve kemik yığını olduktan sonra, biz mi bir daha diriltileceğiz?\"","nl":"Zij plachten te zeggen: \"Als wij gestorven zijn en tot stof en botten zijn geworden, zullen wij dan zeker opgewekt worden?","en":"They used to ask ˹mockingly˺, “When we are dead and reduced to dust and bones, will we really be resurrected"},"surah":null},{"id":5027,"surahId":56,"ayatId":48,"ayatNo":"٤٨","pageNo":535,"ayatText":"اَوَاٰبَٓاؤُ۬نَا الْاَوَّلُونَ","ayatMealText":{"tr":"\"Önceki atalarımızda mı?\"","nl":"En ook onze voorvaderen?\"","en":"And our forefathers as well?”"},"surah":null},{"id":5028,"surahId":56,"ayatId":49,"ayatNo":"٤٩","pageNo":535,"ayatText":"قُلْ اِنَّ الْاَوَّلٖينَ وَالْاٰخِرٖينَۙ","ayatMealText":{"tr":"De ki: \"Öncekiler ve sonrakiler\"","nl":"Zeg: \"Voorwaar, de vroegeren en de lateren.\"","en":"Say, ˹O Prophet,˺ “Most certainly, earlier and later generations"},"surah":null},{"id":5029,"surahId":56,"ayatId":50,"ayatNo":"٥٠","pageNo":535,"ayatText":"لَمَجْمُوعُونَ اِلٰى مٖيقَاتِ يَوْمٍ مَعْلُومٍ","ayatMealText":{"tr":"\"Belli bir günün belli vaktinde mutlaka toplanacaklardır.\"","nl":"Zij zullen zeker bijeengebracht worden op het bepaalde tijdstip van een bekende Dag.","en":"will surely be gathered ˹together˺ for the appointed Day"},"surah":null}]}