{"juzNo":27,"pageNo":536,"arCuzNo":"۲۷","arPageNo":"٥۳٦","quranAyats":[{"id":5030,"surahId":56,"ayatId":51,"ayatNo":"٥١","pageNo":536,"ayatText":"ثُمَّ اِنَّكُمْ اَيُّهَا الضَّٓالُّونَ الْمُكَذِّبُونَۙ","ayatMealText":{"tr":"Sonra siz, ey sapık yalanlayıcılar!","nl":"Daarna zullen jullie, O dwalende, loochenaars.","en":"Then you, O misguided deniers"},"surah":{"surahId":56,"name":"Vâkıa","nameAr":"الْوَاقِعَةِ","revelationOrder":46,"verseCount":96,"juzNo":27,"firstPage":534}},{"id":5031,"surahId":56,"ayatId":52,"ayatNo":"٥٢","pageNo":536,"ayatText":"لَاٰكِلُونَ مِنْ شَجَرٍ مِنْ زَقُّومٍۙ","ayatMealText":{"tr":"Elbette bir ağaçtan, zakkum ağacından yiyeceksiniz.","nl":"Zeker van de Zaqqôem-boom eten.","en":"will certainly eat from ˹the fruit of˺ the trees of Zaqqûm"},"surah":null},{"id":5032,"surahId":56,"ayatId":53,"ayatNo":"٥٣","pageNo":536,"ayatText":"فَمَالِـؤُ۫نَ مِنْهَا الْبُطُونَۚ","ayatMealText":{"tr":"Karınlarınızı hep onunla dolduracaksınız.","nl":"Dan zullen jullie daarmee de buiken vullen.","en":"filling up ˹your˺ bellies with it"},"surah":null},{"id":5033,"surahId":56,"ayatId":54,"ayatNo":"٥٤","pageNo":536,"ayatText":"فَشَارِبُونَ عَلَيْهِ مِنَ الْحَمٖيمِۚ","ayatMealText":{"tr":"Üstüne de kaynar su içeceksiniz.","nl":"Daarna zullen jullie er (kokend water) van drinken.","en":"Then on top of that you will drink boiling water—"},"surah":null},{"id":5034,"surahId":56,"ayatId":55,"ayatNo":"٥٥","pageNo":536,"ayatText":"فَشَارِبُونَ شُرْبَ الْهٖيمِؕ","ayatMealText":{"tr":"Susuzluk illetine tutulmuş develerin içişi gibi içeceksiniz.","nl":"Jullie zullen dan drinken als smachtende kamelen.","en":"and you will drink ˹it˺ like thirsty camels do.”"},"surah":null},{"id":5035,"surahId":56,"ayatId":56,"ayatNo":"٥٦","pageNo":536,"ayatText":"هٰذَا نُزُلُهُمْ يَوْمَ الدّٖينِؕ","ayatMealText":{"tr":"İşte ceza gününde onlara sunulacak ziyafet budur.","nl":"Dit is hun onthaal op de Dag des Oordeels.","en":"This will be their accommodation on the Day of Judgment"},"surah":null},{"id":5036,"surahId":56,"ayatId":57,"ayatNo":"٥٧","pageNo":536,"ayatText":"نَحْنُ خَلَقْنَاكُمْ فَلَوْلَا تُصَدِّقُونَࣖ","ayatMealText":{"tr":"Biz sizi yarattık; tasdik etmeniz gerekmez mi?","nl":"Wij hebben jullie geschapen, waren jullie maar overtuigd geweest!","en":"It is We Who created you. Will you not then believe ˹in resurrection˺"},"surah":null},{"id":5037,"surahId":56,"ayatId":58,"ayatNo":"٥٨","pageNo":536,"ayatText":"اَفَرَاَيْتُمْ مَا تُمْنُونَؕ","ayatMealText":{"tr":"Attığınız meniyi gördünüz mü?","nl":"Hoe denken jullie dan over dat (zaad) wat jullie uitstorten?","en":"Have you considered what you ejaculate"},"surah":null},{"id":5038,"surahId":56,"ayatId":59,"ayatNo":"٥٩","pageNo":536,"ayatText":"ءَاَنْتُمْ تَخْلُقُونَهُٓ اَمْ نَحْنُ الْخَالِقُونَ","ayatMealText":{"tr":"Onu siz mi yaratıyorsunuz yoksa yaratan biz miyiz?","nl":"Hebben jullie dat geschapen of zijn Wij de Scheppers?","en":"Is it you who create ˹a child out of˺ it, or is it We Who do so"},"surah":null},{"id":5039,"surahId":56,"ayatId":60,"ayatNo":"٦٠","pageNo":536,"ayatText":"نَحْنُ قَدَّرْنَا بَيْنَكُمُ الْمَوْتَ وَمَا نَحْنُ بِمَسْبُوقٖينَۙ","ayatMealText":{"tr":"Aranızda ölümü takdir eden biziz ve bizim önümüze geçilmez.","nl":"Wij hebben de dood onder jullie bepaald, en Wij zijn niet zwak.","en":"We have ordained death for ˹all of˺ you, and We cannot be prevented"},"surah":null},{"id":5040,"surahId":56,"ayatId":61,"ayatNo":"٦١","pageNo":536,"ayatText":"عَلٰٓى اَنْ نُبَدِّلَ اَمْثَالَكُمْ وَنُنْشِئَكُمْ فٖي مَا لَا تَعْلَمُونَ","ayatMealText":{"tr":"Böylece sizin yerinize benzerlerinizi getirelim ve sizi bilmediğiniz bir yaratılışta tekrar var edelim diye (böyle yapıyoruz).","nl":"Om schepselen zoals jullie te scheppen en om jullie opnieuw tot leven te brengen in (een schepping) waarvan jullie niet weten.","en":"from transforming and recreating you in forms unknown to you"},"surah":null},{"id":5041,"surahId":56,"ayatId":62,"ayatNo":"٦٢","pageNo":536,"ayatText":"وَلَقَدْ عَلِمْتُمُ النَّشْاَةَ الْاُو۫لٰى فَلَوْلَا تَذَكَّرُونَ","ayatMealText":{"tr":"Andolsun, ilk yaratılışı bildiniz. Düşünüp ibret almanız gerekmez mi?","nl":"En voorzeker, jullie hebben kennis over de eerste schepping, hadden jullie er maar lering uit getrokken!","en":"You already know how you were first created. Will you not then be mindful"},"surah":null},{"id":5042,"surahId":56,"ayatId":63,"ayatNo":"٦٣","pageNo":536,"ayatText":"اَفَرَاَيْتُمْ مَا تَحْرُثُونَؕ","ayatMealText":{"tr":"Ektiğinizi gördünüz mü?","nl":"Hoe denken jullie dan over wat jullie zaaien?","en":"Have you considered what you sow"},"surah":null},{"id":5043,"surahId":56,"ayatId":64,"ayatNo":"٦٤","pageNo":536,"ayatText":"ءَاَنْتُمْ تَزْرَعُونَهُٓ اَمْ نَحْنُ الزَّارِعُونَ","ayatMealText":{"tr":"Onu siz mi bitiriyorsunuz, yoksa bitiren biz miyiz?","nl":"Zijn jullie het die het doen groeien of zijn Wij het Die doen groeien?","en":"Is it you who cause it to grow, or is it We Who do so"},"surah":null},{"id":5044,"surahId":56,"ayatId":65,"ayatNo":"٦٥","pageNo":536,"ayatText":"لَوْ نَشَٓاءُ لَجَعَلْنَاهُ حُطَاماً فَظَلْتُمْ تَفَكَّهُونَ","ayatMealText":{"tr":"Dileseydik, onu kuru bir çöp yapardık. Hayret eder dururdunuz.","nl":"Als Wij zouden willen, dan zouden Wij het laten verdorren, zodat jullie het zouden blijven betreuren.","en":"If We willed, We could simply reduce this ˹harvest˺ to chaff, leaving you to lament"},"surah":null},{"id":5045,"surahId":56,"ayatId":66,"ayatNo":"٦٦","pageNo":536,"ayatText":"اِنَّا لَمُغْرَمُونَۙ","ayatMealText":{"tr":"\"Doğrusu borç altına girdik.\"","nl":"(En zeiden:) \"Voorwaar, wij zijn zeker met schuld beladen.","en":"“We have truly suffered a ˹great˺ loss"},"surah":null},{"id":5046,"surahId":56,"ayatId":67,"ayatNo":"٦٧","pageNo":536,"ayatText":"بَلْ نَحْنُ مَحْرُومُونَ","ayatMealText":{"tr":"\"Doğrusu, biz yoksul bırakıldık\" (derdiniz).","nl":"Wij zijn zelfs beroofd.\"","en":"In fact, we have been deprived ˹of our livelihood˺.”"},"surah":null},{"id":5047,"surahId":56,"ayatId":68,"ayatNo":"٦٨","pageNo":536,"ayatText":"اَفَرَاَيْتُمُ الْمَٓاءَ الَّذٖي تَشْرَبُونَؕ","ayatMealText":{"tr":"İçtiğiniz suya baktınız mı?","nl":"Hoe denken jullie dan over het water dat jullie drinken?","en":"Have you considered the water you drink"},"surah":null},{"id":5048,"surahId":56,"ayatId":69,"ayatNo":"٦٩","pageNo":536,"ayatText":"ءَاَنْتُمْ اَنْزَلْتُمُوهُ مِنَ الْمُزْنِ اَمْ نَحْنُ الْمُنْزِلُونَ","ayatMealText":{"tr":"Buluttan onu siz mi indirdiniz, yoksa indiren biz miyiz?","nl":"Zijn jullie het die het uit de wolken doen neerkomen of zijn Wij de neerzenders?","en":"Is it you who bring it down from the clouds, or is it We Who do so"},"surah":null},{"id":5049,"surahId":56,"ayatId":70,"ayatNo":"٧٠","pageNo":536,"ayatText":"لَوْ نَشَٓاءُ جَعَلْنَاهُ اُجَاجاً فَلَوْلَا تَشْكُرُونَ","ayatMealText":{"tr":"Dileseydik onu tuzlu yapardık. O halde şükretseniz ya!","nl":"Als Wij zouden willen, dan zouden Wij het tot zout water maken. Waren jullie maar dankbaar!","en":"If We willed, We could make it salty. Will you not then give thanks"},"surah":null},{"id":5050,"surahId":56,"ayatId":71,"ayatNo":"٧١","pageNo":536,"ayatText":"اَفَرَاَيْتُمُ النَّارَ الَّتٖي تُورُونَؕ","ayatMealText":{"tr":"Yaktığınız ateşi gördünüz mü?","nl":"Hoe denken jullie dan over het vuur dat jullie ontsteken?","en":"Have you considered the fire you kindle"},"surah":null},{"id":5051,"surahId":56,"ayatId":72,"ayatNo":"٧٢","pageNo":536,"ayatText":"ءَاَنْتُمْ اَنْشَأْتُمْ شَجَرَتَـهَٓا اَمْ نَحْنُ الْمُنْشِؤُ۫نَ","ayatMealText":{"tr":"Onun ağacını siz mi yarattınız, yoksa yaratan biz miyiz?","nl":"Hebben jullie de boom daarvoor voortgebracht, of zijn Wij de voortbrengers?","en":"Is it you who produce its trees, or is it We Who do so"},"surah":null},{"id":5052,"surahId":56,"ayatId":73,"ayatNo":"٧٣","pageNo":536,"ayatText":"نَحْنُ جَعَلْنَاهَا تَذْكِرَةً وَمَتَاعاً لِلْمُقْوٖينَۚ","ayatMealText":{"tr":"Biz onu bir ibret ve çölden gelip geçenlere bir fayda yaptık.","nl":"Wij hebben het (vuur) gemaakt ter herinnering en tot nut voor de reizigers.","en":"We have made it ˹as˺ a reminder ˹of the Hellfire˺ and a provision for the travellers"},"surah":null},{"id":5053,"surahId":56,"ayatId":74,"ayatNo":"٧٤","pageNo":536,"ayatText":"فَسَبِّحْ بِاسْمِ رَبِّكَ الْعَظٖيمِࣖ","ayatMealText":{"tr":"Öyleyse büyük Rabbinin adını yücelt.","nl":"Prijst daarom de Naam van jouw Heer, de Geweldige.","en":"So glorify the Name of your Lord, the Greatest"},"surah":null},{"id":5054,"surahId":56,"ayatId":75,"ayatNo":"٧٥","pageNo":536,"ayatText":"فَلَٓا اُقْسِمُ بِمَوَاقِـعِ النُّجُومِۙ","ayatMealText":{"tr":"Hayır, yıldızların yerlerine yemin ederim.","nl":"Ik zweer bij het vallen van de sterren.","en":"So I do swear by the positions of the stars—"},"surah":null},{"id":5055,"surahId":56,"ayatId":76,"ayatNo":"٧٦","pageNo":536,"ayatText":"وَاِنَّهُ لَقَسَمٌ لَوْ تَعْلَمُونَ عَظٖيمٌۙ","ayatMealText":{"tr":"Bilirseniz bu büyük bir yemindir.","nl":"En voorwaar, dat is zeker een geweldige eed, als jullie dat begrepen!","en":"and this, if only you knew, is indeed a great oath—"},"surah":null}]}