{"juzNo":27,"pageNo":537,"arCuzNo":"۲۷","arPageNo":"٥۳۷","quranAyats":[{"id":5056,"surahId":56,"ayatId":77,"ayatNo":"٧٧","pageNo":537,"ayatText":"اِنَّهُ لَقُرْاٰنٌ كَرٖيمٌۙ","ayatMealText":{"tr":"O, elbette şerefli bir Kur'ân'dır.","nl":"En voorwaar, dit is zeker de nobele Koran.","en":"that this is truly a noble Quran"},"surah":{"surahId":56,"name":"Vâkıa","nameAr":"الْوَاقِعَةِ","revelationOrder":46,"verseCount":96,"juzNo":27,"firstPage":534}},{"id":5057,"surahId":56,"ayatId":78,"ayatNo":"٧٨","pageNo":537,"ayatText":"فٖي كِتَابٍ مَكْنُونٍۙ","ayatMealText":{"tr":"Korunmuş bir kitaptadır.","nl":"In een welbewaard Boek.","en":"in a well-preserved Record"},"surah":null},{"id":5058,"surahId":56,"ayatId":79,"ayatNo":"٧٩","pageNo":537,"ayatText":"لَا يَمَسُّهُٓ اِلَّا الْمُطَهَّرُونَؕ","ayatMealText":{"tr":"Ona temizlenenlerden başkası el süremez.","nl":"Dat niemand aanraakt dan de gereinigden.","en":"touched by none except the purified ˹angels˺"},"surah":null},{"id":5059,"surahId":56,"ayatId":80,"ayatNo":"٨٠","pageNo":537,"ayatText":"تَنْزٖيلٌ مِنْ رَبِّ الْعَالَمٖينَ","ayatMealText":{"tr":"(O), âlemlerin Rabbinden indirilmiştir.","nl":"Een neerzending van de Heer der Werelden.","en":"˹It is˺ a revelation from the Lord of all worlds"},"surah":null},{"id":5060,"surahId":56,"ayatId":81,"ayatNo":"٨١","pageNo":537,"ayatText":"اَفَبِهٰذَا الْحَدٖيثِ اَنْتُمْ مُدْهِنُونَۙ","ayatMealText":{"tr":"Şimdi siz bu sözü mü küçümsüyorsunuz?","nl":"Onderschatten jullie deze Koran dan?","en":"How can you then take this message lightly"},"surah":null},{"id":5061,"surahId":56,"ayatId":82,"ayatNo":"٨٢","pageNo":537,"ayatText":"وَتَجْعَلُونَ رِزْقَكُمْ اَنَّكُمْ تُكَذِّبُونَ","ayatMealText":{"tr":"Rızkınızı, yalanlamanızdan ibaret mi kılıyorsunuz?","nl":"En nemen jullie het loochenen (als dankbetuiging voor) jullie levensvoorziening?","en":"and repay ˹Allah for˺ your provisions with denial"},"surah":null},{"id":5062,"surahId":56,"ayatId":83,"ayatNo":"٨٣","pageNo":537,"ayatText":"فَلَوْلَٓا اِذَا بَلَغَتِ الْحُلْقُومَۙ","ayatMealText":{"tr":"Can boğaza dayandığı zaman","nl":"Waren jullie maar, toen (de ziel) de keel bereikte.","en":"Why then ˹are you helpless˺ when the soul ˹of a dying person˺ reaches ˹their˺ throat"},"surah":null},{"id":5063,"surahId":56,"ayatId":84,"ayatNo":"٨٤","pageNo":537,"ayatText":"وَاَنْتُمْ حٖينَئِذٍ تَنْظُرُونَۙ","ayatMealText":{"tr":"Ki o zaman siz (ölmek üzere olana) bakar durursunuz.","nl":"En jullie op dat moment toezagen.","en":"while you are looking on"},"surah":null},{"id":5064,"surahId":56,"ayatId":85,"ayatNo":"٨٥","pageNo":537,"ayatText":"وَنَحْنُ اَقْرَبُ اِلَيْهِ مِنْكُمْ وَلٰكِنْ لَا تُبْصِرُونَ","ayatMealText":{"tr":"Biz ona sizden daha yakınız, fakat siz görmezsiniz.","nl":"En Wij dichter bij hem waren dan jullie - maar jullie zagen het niet.","en":"And We are nearer to such a person than you, but you cannot see"},"surah":null},{"id":5065,"surahId":56,"ayatId":86,"ayatNo":"٨٦","pageNo":537,"ayatText":"فَلَوْلَٓا اِنْ كُنْتُمْ غَيْرَ مَدٖينٖينَۙ","ayatMealText":{"tr":"Eğer cezalandırılmayacak iseniz,","nl":"Waren jullie toen maar niet verantwoordelijk geweest.","en":"Now, if you are not subject to Our Will ˹as you claim˺"},"surah":null},{"id":5066,"surahId":56,"ayatId":87,"ayatNo":"٨٧","pageNo":537,"ayatText":"تَرْجِعُونَـهَٓا اِنْ كُنْتُمْ صَادِقٖينَ","ayatMealText":{"tr":"Onu geri çevirsenize; şayet iddianızda doğru iseniz.","nl":"Dan zouden jullie haar (de ziel) terugbrengen, als jullie waarachtig geweest waren.","en":"bring that soul back, if what you say is true"},"surah":null},{"id":5067,"surahId":56,"ayatId":88,"ayatNo":"٨٨","pageNo":537,"ayatText":"فَاَمَّٓا اِنْ كَانَ مِنَ الْمُقَرَّبٖينَۙ","ayatMealText":{"tr":"Fakat ölen kişiye gelince, eğer o rahmete yaklaştırılanlardan ise,","nl":"Als hij (de ziel) tot de nabijgebrachten behoort.","en":"So, if the deceased is one of those brought near ˹to Us˺"},"surah":null},{"id":5068,"surahId":56,"ayatId":89,"ayatNo":"٨٩","pageNo":537,"ayatText":"فَرَوْحٌ وَرَيْحَانٌ وَجَنَّتُ نَعٖيمٍ","ayatMealText":{"tr":"Ona rahatlık, güzel rızık ve Naîm cenneti vardır.","nl":"(Dan zijn er voor de ziel) rust en voorzieningen en de Tuinen van gelukzaligheid (het Paradijs).","en":"then ˹such a person will have˺ serenity, fragrance, and a Garden of Bliss"},"surah":null},{"id":5069,"surahId":56,"ayatId":90,"ayatNo":"٩٠","pageNo":537,"ayatText":"وَاَمَّٓا اِنْ كَانَ مِنْ اَصْحَابِ الْيَمٖينِۙ","ayatMealText":{"tr":"Eğer O, sağın adamlarından ise,","nl":"Als hij tot de mensen aan de rechterzijde behoort.","en":"And if the deceased is one of the people of the right"},"surah":null},{"id":5070,"surahId":56,"ayatId":91,"ayatNo":"٩١","pageNo":537,"ayatText":"فَسَلَامٌ لَكَ مِنْ اَصْحَابِ الْيَمٖينِ","ayatMealText":{"tr":"\"(Ey sağcı), sana sağcılardan selam!\"","nl":"(Luidt de begroeting.) \"Vrede zij met jou,\" van de mensen van de rechterzijde.","en":"then ˹they will be told,˺ “Greetings to you from the people of the right.”"},"surah":null},{"id":5071,"surahId":56,"ayatId":92,"ayatNo":"٩٢","pageNo":537,"ayatText":"وَاَمَّٓا اِنْ كَانَ مِنَ الْمُكَذِّبٖينَ الضَّٓالّٖينَۙ","ayatMealText":{"tr":"Ama yalanlayıcı sapıklardan ise;","nl":"En als hij tot de dwalende loochenaars behoort.","en":"But if such person is one of the misguided deniers"},"surah":null},{"id":5072,"surahId":56,"ayatId":93,"ayatNo":"٩٣","pageNo":537,"ayatText":"فَنُزُلٌ مِنْ حَمٖيمٍۙ","ayatMealText":{"tr":"İşte ona da kaynar sudan bir ziyafet vardır.","nl":"Dan is er een onthaal van kokend water.","en":"then their accommodation will be boiling water ˹to drink˺"},"surah":null},{"id":5073,"surahId":56,"ayatId":94,"ayatNo":"٩٤","pageNo":537,"ayatText":"وَتَصْلِيَةُ جَحٖيمٍۙ","ayatMealText":{"tr":"Ve cehenneme atılma vardır.","nl":"En roostering in Djahîm (de Hel).","en":"and burning in Hellfire"},"surah":null},{"id":5074,"surahId":56,"ayatId":95,"ayatNo":"٩٥","pageNo":537,"ayatText":"اِنَّ هٰذَا لَهُوَ حَقُّ الْيَقٖينِۚ","ayatMealText":{"tr":"Kesin gerçek budur işte.","nl":"Voorwaar, dit is zeker de stellige Waarheid.","en":"Indeed, this is the absolute truth"},"surah":null},{"id":5075,"surahId":56,"ayatId":96,"ayatNo":"٩٦","pageNo":537,"ayatText":"فَسَبِّـحْ بِاسْمِ رَبِّكَ الْعَظٖيمِ","ayatMealText":{"tr":"Öyle ise Rabbini o büyük ismiyle tesbih et.","nl":"Prijst daarom de Naam van jouw Heer, de Geweldige.","en":"So glorify the Name of your Lord, the Greatest"},"surah":null},{"id":5076,"surahId":57,"ayatId":1,"ayatNo":"١","pageNo":537,"ayatText":"سَبَّحَ لِلّٰهِ مَا فِي السَّمٰوَاتِ وَالْاَرْضِۚ وَهُوَ الْعَزٖيزُ الْحَكٖيمُ","ayatMealText":{"tr":"Göklerde ve yerde bulunan her şey Allah'ı tesbih etmektedir. O, çok güçlüdür, hüküm ve hikmet sahibidir.","nl":"Wat er in de hemelen en op de aarde is prijst de Glorie van Allah, en Hij is de Almachtige, de Alwijze.","en":"Whatever is in the heavens and the earth glorifies Allah, for He is the Almighty, All-Wise"},"surah":{"surahId":57,"name":"Hadîd","nameAr":"الْحَد۪يدِ","revelationOrder":94,"verseCount":29,"juzNo":27,"firstPage":537}},{"id":5077,"surahId":57,"ayatId":2,"ayatNo":"٢","pageNo":537,"ayatText":"لَهُ مُلْكُ السَّمٰوَاتِ وَالْاَرْضِۚ يُحْـيٖ وَيُمٖيتُۚ وَهُوَ عَلٰى كُلِّ شَيْءٍ قَدٖيرٌ","ayatMealText":{"tr":"Göklerin ve yerin mülkü O'nundur. O, diriltir, öldürür, O, her şeye kadirdir.","nl":"Aan Hem behoort de heerschappij van de hemelen en de aarde. Hij doet leven en Hij doet sterven en Hij is Almachtig over alle zaken.","en":"To Him belongs the kingdom of the heavens and the earth. He gives life and causes death. And He is Most Capable of everything"},"surah":null},{"id":5078,"surahId":57,"ayatId":3,"ayatNo":"٣","pageNo":537,"ayatText":"هُوَ الْاَوَّلُ وَالْاٰخِرُ وَالظَّاهِرُ وَالْبَاطِنُۚ وَهُوَ بِكُلِّ شَيْءٍ عَلٖيمٌ","ayatMealText":{"tr":"O ilktir, sondur, zahirdir, bâtındır. O herşeyi bilendir.","nl":"Hij is de Eerste en de Laatste, Az Zhâhir en Al Bâthin. En Hij is Alwetend over alle zaken.","en":"He is the First and the Last, the Most High and Most Near, and He has ˹perfect˺ knowledge of all things"},"surah":null}]}