{"juzNo":27,"pageNo":538,"arCuzNo":"۲۷","arPageNo":"٥۳۸","quranAyats":[{"id":5079,"surahId":57,"ayatId":4,"ayatNo":"٤","pageNo":538,"ayatText":"هُوَ الَّذٖي خَلَقَ السَّمٰوَاتِ وَالْاَرْضَ فٖي سِتَّةِ اَيَّامٍ ثُمَّ اسْتَوٰى عَلَى الْعَرْشِؕ يَعْلَمُ مَا يَلِجُ فِي الْاَرْضِ وَمَا يَخْرُجُ مِنْهَا وَمَا يَنْزِلُ مِنَ السَّمَٓاءِ وَمَا يَعْرُجُ فٖيهَاؕ وَهُوَ مَعَكُمْ اَيْنَ مَا كُنْتُمْؕ وَاللّٰهُ بِمَا تَعْمَلُونَ بَصٖيرٌ","ayatMealText":{"tr":"O'dur ki gökleri ve yeri altı günde yarattı. Sonra arş üzerine istivâ etti (hükümran oldu). Yere gireni, ondan çıkanı, gökten ineni, ona çıkanı bilir. Nerede olsanız O sizinle beraberdir. Allah yaptıklarınızı görmektedir.","nl":"Hij is Degene Die de hemelen en de aarde heeft geschapen in zes dagen (perioden) waarna Hij Zich op de Troon zetelde. Hij kent wat de aarde ingaat en wat er uit komt en wat uit de hemel neerdaalt en wat er in opstijgt. En Hij is met jullie, waar jullie ook zijn. En Allah is Alziende over wat jullie doen.","en":"He is the One Who created the heavens and the earth in six Days, then established Himself on the Throne. He knows whatever goes into the earth and whatever comes out of it, and whatever descends from the sky and whatever ascends into it. And He is with you wherever you are. For Allah is All-Seeing of what you do"},"surah":{"surahId":57,"name":"Hadîd","nameAr":"الْحَد۪يدِ","revelationOrder":94,"verseCount":29,"juzNo":27,"firstPage":537}},{"id":5080,"surahId":57,"ayatId":5,"ayatNo":"٥","pageNo":538,"ayatText":"لَهُ مُلْكُ السَّمٰوَاتِ وَالْاَرْضِؕ وَاِلَى اللّٰهِ تُرْجَعُ الْاُمُورُ","ayatMealText":{"tr":"Göklerin ve yerin mülkü O'nundur. Bütün işler O'na döndürülecektir.","nl":"Aan Hem behoort de heerschappij van de hemelen en de aarde. En tot Allah keren de zaken terug.","en":"To Him belongs the kingdom of the heavens and the earth. And to Allah all matters are returned"},"surah":null},{"id":5081,"surahId":57,"ayatId":6,"ayatNo":"٦","pageNo":538,"ayatText":"يُولِجُ الَّيْلَ فِي النَّهَارِ وَيُولِجُ النَّهَارَ فِي الَّيْلِؕ وَهُوَ عَلٖيمٌ بِذَاتِ الصُّدُورِ","ayatMealText":{"tr":"Geceyi gündüzün içine sokar, gündüzü gecenin içine sokar. O, göğüslerin özünü bilir.","nl":"Hij doet de nacht overgaan in de dag en Hij doet de dag overgaan in de nacht. En Hij is de Kenner van wat in de harten is.","en":"He merges the night into day and the day into night. And He knows best what is ˹hidden˺ in the heart"},"surah":null},{"id":5082,"surahId":57,"ayatId":7,"ayatNo":"٧","pageNo":538,"ayatText":"اٰمِنُوا بِاللّٰهِ وَرَسُولِهٖ وَاَنْفِقُوا مِمَّا جَعَلَكُمْ مُسْتَخْلَفٖينَ فٖيهِؕ فَالَّذٖينَ اٰمَنُوا مِنْكُمْ وَاَنْفَقُوا لَهُمْ اَجْرٌ كَبٖيرٌ","ayatMealText":{"tr":"Allah'a ve Resulüne iman edin. Sizi hâkim kıldığı, sizin yönetiminize verdiği şeylerden harcayın. Sizden, inanan ve harcayanlar için büyük mükafat vardır.","nl":"Gelooft in Allah en Zijn Boodschapper en geeft bijdragen van dat waarover Hij jullie als beheerders aangesteld heeft. Voor degenen van jullie die geloven en bijdragen geven is er een grote beloning.","en":"Believe in Allah and His Messenger, and donate from what He has entrusted you with. So those of you who believe and donate will have a mighty reward"},"surah":null},{"id":5083,"surahId":57,"ayatId":8,"ayatNo":"٨","pageNo":538,"ayatText":"وَمَا لَكُمْ لَا تُؤْمِنُونَ بِاللّٰهِۚ وَالرَّسُولُ يَدْعُوكُمْ لِتُؤْمِنُوا بِرَبِّكُمْ وَقَدْ اَخَذَ مٖيثَاقَكُمْ اِنْ كُنْتُمْ مُؤْمِنٖينَ","ayatMealText":{"tr":"Size ne oldu ki, Resul sizi Rabbinize inanmanız için davet ettiği halde Allah'a inanmıyorsunuz? Oysa O, sizden kesin söz almıştı. Eğer inanacaksanız.","nl":"En wat is er met jullie, dat jullie niet geloven in Allah, terwijl de Boodschapper jullie oproept om te geloven in jullie Heer? En Hij is waarlijk een verbond met jullie aangegaan, als jullie gelovig zijn!","en":"Why do you not believe in Allah while the Messenger is inviting you to have faith in your Lord, although He has already taken your covenant, if you will ever believe"},"surah":null},{"id":5084,"surahId":57,"ayatId":9,"ayatNo":"٩","pageNo":538,"ayatText":"هُوَ الَّذٖي يُنَزِّلُ عَلٰى عَبْدِهٖٓ اٰيَاتٍ بَيِّنَاتٍ لِيُخْرِجَكُمْ مِنَ الظُّلُمَاتِ اِلَى النُّورِؕ وَاِنَّ اللّٰهَ بِكُمْ لَرَؤُ۫فٌ رَحٖيمٌ","ayatMealText":{"tr":"Sizi karanlıklardan aydınlığa çıkarmak için kuluna apaçık âyetler indiren O'dur. Şüphesiz Allah, size karşı çok şefkatli, çok merhametlidir.","nl":"Hij is Degene Die duidelijke Verzen naar Zijn dienaar doet neerdalen om jullie uit de duisternissen naar het licht te voeren. En voorwaar, Allah is voor jullie zeker Zachtmoedig en Meest Barmhartig.","en":"He is the One Who sends down clear revelations to His servant to bring you out of darkness and into light. For indeed Allah is Ever Gracious and Most Merciful to you"},"surah":null},{"id":5085,"surahId":57,"ayatId":10,"ayatNo":"١٠","pageNo":538,"ayatText":"وَمَا لَكُمْ اَلَّا تُنْفِقُوا فٖي سَبٖيلِ اللّٰهِ وَلِلّٰهِ مٖيرَاثُ السَّمٰوَاتِ وَالْاَرْضِؕ لَا يَسْتَوٖي مِنْكُمْ مَنْ اَنْفَقَ مِنْ قَبْلِ الْفَتْحِ وَقَاتَلَؕ اُو۬لٰٓئِكَ اَعْظَمُ دَرَجَةً مِنَ الَّذٖينَ اَنْفَقُوا مِنْ بَعْدُ وَقَاتَلُواؕ وَكُلاًّ وَعَدَ اللّٰهُ الْحُسْنٰىؕ وَاللّٰهُ بِمَا تَعْمَلُونَ خَبٖيرٌࣖ","ayatMealText":{"tr":"Neden siz Allah yolunda harcamayasınız ki? Göklerin ve yerin mirası zaten Allah'ındır. Elbette içinizden, fetihten önce harcayan ve savaşan bir olmaz. Onların derecesi, sonradan infak eden ve savaşanlardan daha büyüktür. Bununla beraber Allah hepsinede en güzel sonucu vaad etmiştir. Allah yaptıklarınızdan haberdardır.","nl":"En wat is er met jullie, dat jullie geen bijdragen geven op de Weg van Allah, terwijl aan Allah de erfenis van de hemelen en de aarde behoort? Degenen van jullie die vóór de overwinning (bij Mekkah) bijdragen gaven en vochten, zijn niet gelijk, hun rang is hoger dan die van degenen die daarna bijdragen gaven en vochten. Maar beide groepen heeft Allah het goede (het Paradijs) beloofd. En Allah is Alwetend over wat jullie doen.","en":"And why should you not spend in the cause of Allah, while Allah is the ˹sole˺ inheritor of the heavens and the earth? Those of you who donated and fought before the victory ˹over Mecca˺ are unparalleled. They are far greater in rank than those who donated and fought afterwards. Yet Allah has promised each a fine reward. And Allah is All-Aware of what you do"},"surah":null},{"id":5086,"surahId":57,"ayatId":11,"ayatNo":"١١","pageNo":538,"ayatText":"مَنْ ذَا الَّذٖي يُقْرِضُ اللّٰهَ قَرْضاً حَسَناً فَيُضَاعِفَهُ لَهُ وَلَهُٓ اَجْرٌ كَرٖيمٌۚ","ayatMealText":{"tr":"Kimdir o, Allah'a güzel bir borç verecek olan ki, Allah da onun verdiğini kat kat artırsın ve onun için şerefli bir mükafat da versin.","nl":"Wie is degene die aan Allah een goede lening geeft? Dan zal Hij deze verdubbelen voor hem en voor hem is er een rijke beloning.","en":"Who is it that will lend to Allah a good loan which Allah will multiply ˹many times over˺ for them, and they will have an honourable reward"},"surah":null}]}