{"juzNo":28,"pageNo":543,"arCuzNo":"۲۸","arPageNo":"٥٤۳","quranAyats":[{"id":5111,"surahId":58,"ayatId":7,"ayatNo":"٧","pageNo":543,"ayatText":"اَلَمْ تَرَ اَنَّ اللّٰهَ يَعْلَمُ مَا فِي السَّمٰوَاتِ وَمَا فِي الْاَرْضِؕ مَا يَكُونُ مِنْ نَجْوٰى ثَلٰثَةٍ اِلَّا هُوَ رَابِعُهُمْ وَلَا خَمْسَةٍ اِلَّا هُوَ سَادِسُهُمْ وَلَٓا اَدْنٰى مِنْ ذٰلِكَ وَلَٓا اَكْثَرَ اِلَّا هُوَ مَعَهُمْ اَيْنَ مَا كَانُواۚ ثُمَّ يُنَبِّئُهُمْ بِمَا عَمِلُوا يَوْمَ الْقِيٰمَةِؕ اِنَّ اللّٰهَ بِكُلِّ شَيْءٍ عَلٖيمٌ","ayatMealText":{"tr":"Göklerde ve yerde olanları, Allah'ın bildiğini görmüyor musunuz? Üç kişinin gizli konuştuğu yerde dördüncüsü mutlaka O'dur. Beş kişinin gizli konuştuğu yerde altıncısı mutlaka O'dur. Bunlardan az veya çok olsunlar ve nerede bulunurlarsa bulunsunlar mutlak O, onlarla beraberdir. Sonra kıyamet günü onlara yaptıklarını haber verecektir. Doğrusu Allah, her şeyi bilendir.","nl":"Zie jij niet dat Allah weet wat er in de hemelen en op de aarde is? Er is geen geheim gesprek tussen drie mensen, of Hij is hun vierde; en niet tussen vijf, of Hij is hun zesde; en niet minder of meer dan dat, of Hij is met hen, waar zij zich ook bevinden. En Hij zal hun dan op de Dag der Opstanding bekendmaken wat zij hebben gedaan. Voorwaar, Allah is Alwetend over alle zaken.","en":"Do you not see that Allah knows whatever is in the heavens and whatever is on the earth? If three converse privately, He is their fourth. If five, He is their sixth. Whether fewer or more, He is with them wherever they may be. Then, on the Day of Judgment, He will inform them of what they have done. Surely Allah has ˹perfect˺ knowledge of all things"},"surah":{"surahId":58,"name":"Mücâdele","nameAr":"الْمُجَادَلَةِ","revelationOrder":105,"verseCount":22,"juzNo":28,"firstPage":542}},{"id":5112,"surahId":58,"ayatId":8,"ayatNo":"٨","pageNo":543,"ayatText":"اَلَمْ تَرَ اِلَى الَّذٖينَ نُهُوا عَنِ النَّجْوٰى ثُمَّ يَعُودُونَ لِمَا نُهُوا عَنْهُ وَيَتَنَاجَوْنَ بِالْاِثْمِ وَالْعُدْوَانِ وَمَعْصِيَتِ الرَّسُولِؗ وَاِذَا جَٓاؤُ۫كَ حَيَّوْكَ بِمَا لَمْ يُحَيِّكَ بِهِ اللّٰهُۙ وَيَقُولُونَ فٖٓي اَنْفُسِهِمْ لَوْلَا يُعَذِّبُنَا اللّٰهُ بِمَا نَقُولُؕ حَسْبُهُمْ جَهَنَّمُۚ يَصْلَوْنَهَاۚ فَبِئْسَ الْمَصٖيرُ","ayatMealText":{"tr":"Gizli konuşmaktan menedildikten sonra yine o menedildikleri şeyi yapmaya kalkışarak günah, düşmanlık ve Peygamber'e karşı gelmek hususunda gizlice konuşanları görmedin mi? Onlar sana geldikleri zaman seni, Allah'ın selamlamadığı bir tarzda selamlıyorlar. Kendi içlerinden de \"bu söylediklerimiz yüzünden Allah'ın bize azap etmesi gerekmez miydi?\" derler. Cehennem onlara yeter. Oraya gireceklerdir, ne kötü dönüş yeridir orası!","nl":"Zie jij degenen niet die het geheime gesprek verboden werd? Daarop vervielen zij tot dat wat hun verboden werd. En zij voerden geheime gesprekken omwille van zonde, vijandigheid en opstand tegen de Boodschapper. En wanneer zij tot jou kwamen, begroetten zij jou niet met de woorden waarmee Allah jou begroet, en zij zeggen onder elkaar: \"Had Allah ons maar bestraft voor wat wij zeiden.\" De Hel is voldoende voor hen. Daarin zullen zij branden. En dat is de slechtste plaats van terugkeer!","en":"Have you not seen those who were forbidden from secret talks, yet they ˹always˺ return to what they were forbidden from, conspiring in sin, aggression, and disobedience to the Messenger? And when they come to you ˹O Prophet˺, they greet you not as Allah greets you, and say to one another, “Why does Allah not punish us for what we say?” Hell is enough for them—they will burn in it. And what an evil destination"},"surah":null},{"id":5113,"surahId":58,"ayatId":9,"ayatNo":"٩","pageNo":543,"ayatText":"يَٓا اَيُّهَا الَّذٖينَ اٰمَنُٓوا اِذَا تَنَاجَيْتُمْ فَلَا تَتَنَاجَوْا بِالْاِثْمِ وَالْعُدْوَانِ وَمَعْصِيَتِ الرَّسُولِ وَتَنَاجَوْا بِالْبِرِّ وَالتَّقْوٰىؕ وَاتَّقُوا اللّٰهَ الَّـذٖٓي اِلَيْهِ تُحْشَرُونَ","ayatMealText":{"tr":"Ey iman edenler! Aranızda gizli konuşacağınız zaman günahı düşmanlığı ve Peygamber'e karşı gelmeyi fısıldamayın. İyilik ve takvayı konuşun. Huzuruna toplanacağınız Allah'tan korkun.","nl":"O jullie die geloven, wanneer jullie geheime gesprekken voeren, voert dan geen geheime gesprekken omwille van zonde, vijandigheid en opstand tegen de Boodschapper, maar voert geheime gesprekken omwille van goedheid en het vrezen (van Allah). En vreest Allah tot Wie jullie teruggekeerd worden.","en":"O believers! When you converse privately, let it not be for sin, aggression, or disobedience to the Messenger, but let it be for goodness and righteousness. And fear Allah, to Whom you will ˹all˺ be gathered"},"surah":null},{"id":5114,"surahId":58,"ayatId":10,"ayatNo":"١٠","pageNo":543,"ayatText":"اِنَّمَا النَّجْوٰى مِنَ الشَّيْطَانِ لِيَحْزُنَ الَّذٖينَ اٰمَنُوا وَلَيْسَ بِضَٓارِّهِمْ شَيْـٔاً اِلَّا بِاِذْنِ اللّٰهِؕ وَعَلَى اللّٰهِ فَلْيَتَوَكَّلِ الْمُؤْمِنُونَ","ayatMealText":{"tr":"Gizli konuşmalar şeytandandır. Bu iman edenleri üzmek içindir. Oysa şeytan, Allah'ın izni olmadıkça, müminlere hiçbir zarar veremez. Müminler Allah'a dayanıp güvensinler.","nl":"Voorwaar, de (slechte) geheime gesprekken zijn afkomstig van de Satan, om degenen die geloven te bedroeven. Maar hij kan hen geen enkel kwaad berokkenen, behalve met de toestemming van Allah. En laten de gelovigen dan Allah vertrouwen.","en":"Secret talks are only inspired by Satan to grieve the believers. Yet he cannot harm them whatsoever except by Allah’s Will. So in Allah let the believers put their trust"},"surah":null},{"id":5115,"surahId":58,"ayatId":11,"ayatNo":"١١","pageNo":543,"ayatText":"يَٓا اَيُّهَا الَّذٖينَ اٰمَنُٓوا اِذَا قٖيلَ لَكُمْ تَفَسَّحُوا فِي الْمَجَالِسِ فَافْسَحُوا يَفْسَحِ اللّٰهُ لَكُمْۚ وَاِذَا قٖيلَ انْشُزُوا فَانْشُزُوا يَرْفَعِ اللّٰهُ الَّذٖينَ اٰمَنُوا مِنْكُمْۙ وَالَّذٖينَ اُو۫تُوا الْعِلْمَ دَرَجَاتٍؕ وَاللّٰهُ بِمَا تَعْمَلُونَ خَبٖيرٌ","ayatMealText":{"tr":"Ey iman edenler! Size: \"Meclislerde yer açın.\" denilince yer açın ki Allah da size genişlik versin. Size \"Kalkın.\" denilince de kalkın ki Allah sizden inananları ve kendilerine ilim verilenleri derecelerle yükseltsin. Allah yaptıklarınızdan haberi olandır.","nl":"O jullie die geloven, wanneer tot jullie gezegd wordt: \"Maakt ruimte in de plaatsen van samenkomsten,\" maakt dan ruimte; Allah zal voor jullie ruimte maken. En wanneer tot jullie gezegd wordt: \"Staat op,\" staat dan op; Allah zal degenen onder jullie die geloven en degenen aan wie kennis is gegeven in rang verheffen. En Allah is Alwetend over wat jullie doen.","en":"O believers! When you are told to make room in gatherings, then do so. Allah will make room for you ˹in His grace˺. And if you are told to rise, then do so. Allah will elevate those of you who are faithful, and ˹raise˺ those gifted with knowledge in rank. And Allah is All-Aware of what you do"},"surah":null}]}