{"juzNo":28,"pageNo":554,"arCuzNo":"۲۸","arPageNo":"٥٥٤","quranAyats":[{"id":5186,"surahId":62,"ayatId":9,"ayatNo":"٩","pageNo":554,"ayatText":"يَٓا اَيُّهَا الَّذٖينَ اٰمَنُٓوا اِذَا نُودِيَ لِلصَّلٰوةِ مِنْ يَوْمِ الْجُمُعَةِ فَاسْعَوْا اِلٰى ذِكْرِ اللّٰهِ وَذَرُوا الْبَيْعَؕ ذٰلِكُمْ خَيْرٌ لَكُمْ اِنْ كُنْتُمْ تَعْلَمُونَ","ayatMealText":{"tr":"Ey inananlar! Cuma günü namaz için çağrıldığı(nız) zaman, Allah'ı anmaya koşun, alışverişi bırakın. Eğer bilirseniz, bu sizin için daha hayırlıdır.","nl":"O jullie die geloven, wanneer jullie tot het vrijdaggebed worden geroepen, haast jullie dan naar het gedenken van Allah en laat de handel achter. Dat is beter voor jullie, als jullie het wisten!","en":"O believers! When the call to prayer is made on Friday, then proceed ˹diligently˺ to the remembrance of Allah and leave off ˹your˺ business. That is best for you, if only you knew"},"surah":{"surahId":62,"name":"Cuma","nameAr":"الْجُمُعَةِ","revelationOrder":110,"verseCount":11,"juzNo":28,"firstPage":553}},{"id":5187,"surahId":62,"ayatId":10,"ayatNo":"١٠","pageNo":554,"ayatText":"فَاِذَا قُضِيَتِ الصَّلٰوةُ فَانْتَشِرُوا فِي الْاَرْضِ وَابْتَغُوا مِنْ فَضْلِ اللّٰهِ وَاذْكُرُوا اللّٰهَ كَثٖيراً لَعَلَّكُمْ تُفْلِحُونَ","ayatMealText":{"tr":"Namaz kılındıktan sonra yeryüzüne dağılın ve Allah'ın lütfundan (nasibinizi) arayın. Allah'ı çok anın ki kurtuluşa eresiniz.","nl":"En wanneer de shalât is beëindigd, verspreidt jullie dan op de aarde en zoekt de gunst van Allah, en gedenkt Allah veelvuldig. Hopelijk zullen jullie welslagen.","en":"Once the prayer is over, disperse throughout the land and seek the bounty of Allah. And remember Allah often so you may be successful"},"surah":null},{"id":5188,"surahId":62,"ayatId":11,"ayatNo":"١١","pageNo":554,"ayatText":"وَاِذَا رَاَوْا تِجَارَةً اَوْ لَهْواًۨ انْفَضُّٓوا اِلَيْهَا وَتَرَكُوكَ قَٓائِماًؕ قُلْ مَا عِنْدَ اللّٰهِ خَيْرٌ مِنَ اللَّهْوِ وَمِنَ التِّجَارَةِؕ وَاللّٰهُ خَيْرُ الرَّازِقٖينَ","ayatMealText":{"tr":"Bir ticaret ve eğlence gördükleri zaman hemen dağılıp ona gittiler ve seni ayakta bıraktılar. De ki: \"Allah'ın yanında bulunan, eğlenceden ve ticaretten de hayırlıdır. Allah, rızık verenlerin en hayırlısıdır.\"","nl":"En als zij handel of vermaak zien, dan lopen zij daarheen en laten jou staan (in de shalât). Zeg: \"Wat zich bij Allah bevindt is beter dan het vermaak en dan de handel. En Allah is de Beste der Voorzieners.\"","en":"When they saw the fanfare along with the caravan, they ˹almost all˺ flocked to it, leaving you ˹O Prophet˺ standing ˹on the pulpit˺. Say, “What is with Allah is far better than amusement and merchandise. And Allah is the Best Provider.”"},"surah":null},{"id":5189,"surahId":63,"ayatId":1,"ayatNo":"١","pageNo":554,"ayatText":"اِذَا جَٓاءَكَ الْمُنَافِقُونَ قَالُوا نَشْهَدُ اِنَّكَ لَرَسُولُ اللّٰهِۘ وَاللّٰهُ يَعْلَمُ اِنَّكَ لَرَسُولُهُؕ وَاللّٰهُ يَشْهَدُ اِنَّ الْمُنَافِقٖينَ لَكَاذِبُونَۚ","ayatMealText":{"tr":"Münafıklar sana geldikleri vakit: \"Şahitlik ederiz ki sen muhakkak Allah'ın elçisisin.\" derler. Senin mutlaka kendisinin elçisi olduğunu Allah bilir ve Allah münafıkların yalancı olduklarına şahitlik eder.","nl":"Wanneer de huichelaars tot jou komen, dan zeggen zij: \"Wij getuigen dat jij zeker de Boodschapper van Allah bent.\" En Allah weet dat jij zeker Zijn Boodschapper bent en Allah getuigt dat de huichelaars zeker leugenaars zijn.","en":"When the hypocrites come to you ˹O Prophet˺, they say, “We bear witness that you are certainly the Messenger of Allah”—and surely Allah knows that you are His Messenger—but Allah bears witness that the hypocrites are truly liars"},"surah":{"surahId":63,"name":"Münâfikûn","nameAr":"الْمُنَافِقُونَ","revelationOrder":104,"verseCount":11,"juzNo":28,"firstPage":554}},{"id":5190,"surahId":63,"ayatId":2,"ayatNo":"٢","pageNo":554,"ayatText":"اِتَّخَذُٓوا اَيْمَانَهُمْ جُنَّةً فَصَدُّوا عَنْ سَبٖيلِ اللّٰهِؕ اِنَّهُمْ سَٓاءَ مَا كَانُوا يَعْمَلُونَ","ayatMealText":{"tr":"Yeminlerini kalkan yapıp (insanları) Allah'ın yolundan çevirdiler. Onların yaptıkları ne kötüdür!","nl":"Zij hebben hun eden tot een schild gemaakt en zij houden af van de Weg van Allah. Voorwaar, slecht is het wat zij plachten te doen.","en":"They have made their ˹false˺ oaths as a shield, hindering ˹others˺ from the Way of Allah. Evil indeed is what they do"},"surah":null},{"id":5191,"surahId":63,"ayatId":3,"ayatNo":"٣","pageNo":554,"ayatText":"ذٰلِكَ بِاَنَّهُمْ اٰمَنُوا ثُمَّ كَفَرُوا فَطُبِـعَ عَلٰى قُلُوبِهِمْ فَهُمْ لَا يَفْقَهُونَ","ayatMealText":{"tr":"Bunun sebebi şudur: Onlar inandılar, sonra inkar ettiler, bu yüzden kalblerinin üzeri mühürlendi. Artık onlar anlamazlar.","nl":"Dat is omdat zij geloofden en daarna ongelovig werden, waarna hun harten verzegeld werden, zodat zij niet begrijpen.","en":"This is because they believed and then abandoned faith. Therefore, their hearts have been sealed, so they do not comprehend"},"surah":null},{"id":5192,"surahId":63,"ayatId":4,"ayatNo":"٤","pageNo":554,"ayatText":"وَاِذَا رَاَيْتَهُمْ تُعْجِبُكَ اَجْسَامُهُمْؕ وَاِنْ يَقُولُوا تَسْمَعْ لِقَوْلِهِمْؕ كَاَنَّهُمْ خُشُبٌ مُسَنَّدَةٌؕ يَحْسَبُونَ كُلَّ صَيْحَةٍ عَلَيْهِمْؕ هُمُ الْعَدُوُّ فَاحْذَرْهُمْؕ قَاتَلَهُمُ اللّٰهُؗ اَنّٰى يُؤْفَكُونَ","ayatMealText":{"tr":"Onları gördüğün zaman kalıpları hoşuna gider, konuşurlarsa sözlerini dinlersin. Onlar sanki dayanmış keresteler gibidirler. Her gürültüyü kendi aleyhlerine sanırlar. Onlar düşmandır, onlardan sakın. Allah onları kahretsin! Nasıl olup da döndürülüyorlar?","nl":"En wanneer jij hen ziet, wekken hun lichamen (hun uiterlijk vertoon) jouw verwondering op; en wanneer zij spreken, dan luister jij naar hun woorden. Zij zijn als balken die gestut worden. Zij denken dat elke schreeuw tot hen gericht is. Zij zijn de vijanden, kijk daarom uit voor hen. Allah vervloekt hen. Hoe kunnen zij misleid worden?","en":"When you see them, their appearance impresses you. And when they speak, you listen to their ˹impressive˺ speech. But they are ˹just˺ like ˹worthless˺ planks of wood leaned ˹against a wall˺. They think every cry is against them. They are the enemy, so beware of them. May Allah condemn them! How can they be deluded ˹from the truth˺"},"surah":null}]}