{"juzNo":28,"pageNo":559,"arCuzNo":"۲۸","arPageNo":"٥٥۹","quranAyats":[{"id":5223,"surahId":65,"ayatId":6,"ayatNo":"٦","pageNo":559,"ayatText":"اَسْكِنُوهُنَّ مِنْ حَيْثُ سَكَنْتُمْ مِنْ وُجْدِكُمْ وَلَا تُضَٓارُّوهُنَّ لِتُضَيِّقُوا عَلَيْهِنَّؕ وَاِنْ كُنَّ اُو۬لَاتِ حَمْلٍ فَاَنْفِقُوا عَلَيْهِنَّ حَتّٰى يَضَعْنَ حَمْلَهُنَّۚ فَاِنْ اَرْضَعْنَ لَكُمْ فَاٰتُوهُنَّ اُجُورَهُنَّۚ وَأْتَمِرُوا بَيْنَكُمْ بِمَعْرُوفٍۚ وَاِنْ تَعَاسَرْتُمْ فَسَتُرْضِعُ لَهُٓ اُخْرٰىؕ","ayatMealText":{"tr":"O kadınları, gücünüz ölçüsünde oturduğunuz yerin bir bölümünde oturtun ve onları sıkıştırmak için kendilerine zarar vermeye kalkışmayın. Şayet gebe iseler, yüklerini bırakıncaya kadar onları besleyin. Sonra sizin için emzirirlerse ücretlerini verin ve aranızda güzellikle konuşup danışın. Güçlük çekerseniz çocuğu, başka bir kadın emzirecektir.","nl":"Laat hen (gedurende de wachttijd) wonen zoals jullie zelf wonen, naar jullie vermogens, en kwelt hen niet om hen in het nauw te drijven. En als zij zwanger zijn, voorziet hun dan tot zij gebaard hebben wat zij dragen. En als zij (de kinderen) voor jullie zogen, geeft hun dan hun vergoeding en pleegt onderling overleg op een redelijke wijze. En als jullie moeilijkheden ondervinden, laat dan een andere (vrouw het kind) voor hem zogen.","en":"Let them live where you live ˹during their waiting period˺, according to your means. And do not harass them to make their stay unbearable. If they are pregnant, then maintain them until they deliver. And if they nurse your child, compensate them, and consult together courteously. But if you fail to reach an agreement, then another woman will nurse ˹the child˺ for the father"},"surah":{"surahId":65,"name":"Talâk","nameAr":"الطَّلَاقِ","revelationOrder":99,"verseCount":12,"juzNo":28,"firstPage":558}},{"id":5224,"surahId":65,"ayatId":7,"ayatNo":"٧","pageNo":559,"ayatText":"لِيُنْفِقْ ذُو سَعَةٍ مِنْ سَعَتِهٖؕ وَمَنْ قُدِرَ عَلَيْهِ رِزْقُهُ فَلْيُنْفِقْ مِمَّٓا اٰتٰيهُ اللّٰهُؕ لَا يُكَلِّفُ اللّٰهُ نَفْساً اِلَّا مَٓا اٰتٰيهَاؕ سَيَجْعَلُ اللّٰهُ بَعْدَ عُسْرٍ يُسْراًࣖ","ayatMealText":{"tr":"Eli geniş olan genişliğine göre nafaka versin. Rızkı kısılmış bulunan da Allah'ın kendisine verdiğinden versin. Allah bir kişiye ne vermişse ancak onu teklif eder. Allah bir güçlükten sonra bir kolaylık yaratacaktır.","nl":"Laat de welvarende besteden volgens zijn welvaart; en degene wiens voorzieningen beperkt zijn, laat hem besteden van wat Allah hem heeft gegeven. Allah belast geen ziel dan volgens wat Hij haar heeft gegeven. Allah zal na moeilijkheden gemak schenken.","en":"Let the man of wealth provide according to his means. As for the one with limited resources, let him provide according to whatever Allah has given him. Allah does not require of any soul beyond what He has given it. After hardship, Allah will bring about ease"},"surah":null},{"id":5225,"surahId":65,"ayatId":8,"ayatNo":"٨","pageNo":559,"ayatText":"وَكَاَيِّنْ مِنْ قَرْيَةٍ عَتَتْ عَنْ اَمْرِ رَبِّهَا وَرُسُلِهٖ فَحَاسَبْنَاهَا حِسَاباً شَدٖيداً وَعَذَّبْنَاهَا عَذَاباً نُكْراً","ayatMealText":{"tr":"Nice kent var ki Rablerinin ve O'nun elçilerinin emrine başkaldırdı, biz de onları çetin bir hesaba çektik ve onlara görülmemiş şekilde azab ettik.","nl":"En hoeveel steden zijn er niet in opstand gekomen tegen het bevel van hun Heer en Zijn Boodschappers, waarop Wij met hen afrekenden met een harde afrekening. En Wij hebben hen met een verschrikkelijke bestraffing bestraft.","en":"˹Imagine˺ how many societies rebelled against the commandments of their Lord and His messengers, so We called each ˹society˺ to a severe account and subjected them to a horrible punishment"},"surah":null},{"id":5226,"surahId":65,"ayatId":9,"ayatNo":"٩","pageNo":559,"ayatText":"فَذَاقَتْ وَبَالَ اَمْرِهَا وَكَانَ عَاقِبَةُ اَمْرِهَا خُسْراً","ayatMealText":{"tr":"İşlerinin vebalini tattılar. İşlerinin sonucu tam bir hüsran olmuştur.","nl":"Zij proefden toen het kwaad van hun wandaden, en het einde van hun zaak was een verlies.","en":"So they tasted the evil consequences of their doings, and the outcome of their doings was ˹total˺ loss"},"surah":null},{"id":5227,"surahId":65,"ayatId":10,"ayatNo":"١٠","pageNo":559,"ayatText":"اَعَدَّ اللّٰهُ لَهُمْ عَذَاباً شَدٖيداً فَاتَّقُوا اللّٰهَ يَٓا اُو۬لِي الْاَلْبَابِۚۛ اَلَّذٖينَ اٰمَنُواۚۛ قَدْ اَنْزَلَ اللّٰهُ اِلَيْكُمْ ذِ كْراًۙ","ayatMealText":{"tr":"Allah onlara şiddetli bir azap hazırlamıştır. O halde ey inanan aklı selim sahipleri! Allah'tan korkun, Allah size bir uyarıcı gönderdi.","nl":"Allah heeft voor hen een harde bestraffing bereid. Vreest daarom Allah, O bezitters van verstand die geloven! Waarlijk, Allah heeft tot jullie een Vermaning gezonden.","en":"Allah has ˹also˺ prepared for them a severe punishment. So fear Allah, O people of reason and faith. Allah has indeed revealed to you a Reminder"},"surah":null},{"id":5228,"surahId":65,"ayatId":11,"ayatNo":"١١","pageNo":559,"ayatText":"رَسُولاً يَتْلُوا عَلَيْكُمْ اٰيَاتِ اللّٰهِ مُبَيِّنَاتٍ لِيُخْرِجَ الَّذٖينَ اٰمَنُوا وَعَمِلُوا الصَّالِحَاتِ مِنَ الظُّلُمَاتِ اِلَى النُّورِؕ وَمَنْ يُؤْمِنْ بِاللّٰهِ وَيَعْمَلْ صَالِحاً يُدْخِلْهُ جَنَّاتٍ تَجْرٖي مِنْ تَحْتِهَا الْاَنْهَارُ خَالِدٖينَ فٖيهَٓا اَبَداًؕ قَدْ اَحْسَنَ اللّٰهُ لَهُ رِزْقاً","ayatMealText":{"tr":"Size Allah'ın açık açık âyetlerini okuyan bir elçi (gönderdi) ki inanıp faydalı işler yapanları, karanlıklardan aydınlığa çıkarsın. Kim Allah'a inanır ve yararlı iş yaparsa (Allah) onu, altlarından ırmaklar akan, içinde ebedi kalacakları cennetlere sokar. Allah ona gerçekten ne güzel rızık vermiştir.","nl":"Een Boodschapper die voor jullie de verduidelijkende Verzen van Allah voordraagt, om degenen die geloven en goede daden verrichten uit de duisternissen naar het licht te voeren. En wie in Allah gelooft en goede daden verricht: Hij zal hem Tuinen (het Paradijs) doen binnengaan waar de rivieren onder door stromen. Zij zijn daarin eeuwig levenden, voor altijd. Allah heeft hem waarlijk een goede voorziening gegeven.","en":"˹and sent˺ a messenger reciting to you Allah’s revelations, making things clear so that He may bring those who believe and do good out of darkness and into light. And whoever believes in Allah and does good will be admitted by Him into Gardens under which rivers flow, to stay there for ever and ever. Allah will have indeed granted them an excellent provision"},"surah":null},{"id":5229,"surahId":65,"ayatId":12,"ayatNo":"١٢","pageNo":559,"ayatText":"اَللّٰهُ الَّذٖي خَلَقَ سَبْعَ سَمٰوَاتٍ وَمِنَ الْاَرْضِ مِثْلَهُنَّؕ يَتَنَزَّلُ الْاَمْرُ بَيْنَهُنَّ لِتَعْلَمُٓوا اَنَّ اللّٰهَ عَلٰى كُلِّ شَيْءٍ قَدٖيرٌۙ وَاَنَّ اللّٰهَ قَدْ اَحَاطَ بِكُلِّ شَيْءٍ عِلْماً","ayatMealText":{"tr":"Allah O'dur ki yedi göğü ve yerden de onlar kadarını yarattı. Emir bunlar arasında iner ki Allah'ın her şeye kâdir olduğunu ve Allah'ın bilgisinin, her şeyi kuşattığını bilesiniz.","nl":"Allah is Degene Die de zeven hemelen heeft geschapen en zo ook de aarde. De beschikking daalt tussen hen (hemel en aarde) neer, opdat jullie weten dat Allah de Almachtige over alle zaken is en dat Allah alle zaken in kennis omvat.","en":"Allah is the One Who created seven heavens ˹in layers˺, and likewise for the earth. The ˹divine˺ command descends between them so you may know that Allah is Most Capable of everything and that Allah certainly encompasses all things in ˹His˺ knowledge"},"surah":null}]}