{"juzNo":3,"pageNo":56,"arCuzNo":"۳","arPageNo":"٥٦","quranAyats":[{"id":339,"surahId":3,"ayatId":46,"ayatNo":"٤٦","pageNo":56,"ayatText":"وَيُكَلِّمُ النَّاسَ فِي الْمَهْدِ وَكَهْلاً وَمِنَ الصَّالِحٖينَ","ayatMealText":{"tr":"Beşikte de, yetişkin çağında da insanlarla konuşacak ve iyilerden olacaktır.","nl":"En hij spreekt tot de mensen vanuit de wie en als volwassene en hij behort tot de rechtschapenen.\"","en":"And he will speak to people in ˹his˺ infancy and adulthood and will be one of the righteous.”"},"surah":{"surahId":3,"name":"Âl-i İmrân","nameAr":"اٰلِ عِمْرٰنَ","revelationOrder":89,"verseCount":200,"juzNo":3,"firstPage":50}},{"id":340,"surahId":3,"ayatId":47,"ayatNo":"٤٧","pageNo":56,"ayatText":"قَالَتْ رَبِّ اَنّٰى يَكُونُ لٖي وَلَدٌ وَلَمْ يَمْسَسْنٖي بَشَرٌؕ قَالَ كَذٰلِكِ اللّٰهُ يَخْلُقُ مَا يَشَٓاءُؕ اِذَا قَضٰٓى اَمْراً فَاِنَّمَا يَقُولُ لَهُ كُنْ فَيَكُونُ","ayatMealText":{"tr":"(Meryem): \"Ey Rabbim, bana bir beşer dokunmamışken benim nasıl çocuğum olur?\" dedi. Allah: \"Öyle ama, Allah dilediğini yaratır, bir şeyin olmasını dilediğinde ona sadece 'ol!' der, o da hemen oluverir.\" dedi.","nl":"Zij zei: \"O mijn Heer, hoe kan ik een kind krijgen terwijl geen man mij heeft aangeraakt?\" Hij (Allah) zei: \"Zo is het: Allah schept wat Hij wil, als Hij over een zaak bepaalt, dan zegt Hij er slechts tegen: 'Wees', en het is.\"","en":"Mary wondered, “My Lord! How can I have a child when no man has ever touched me?” An angel replied, “So will it be. Allah creates what He wills. When He decrees a matter, He simply tells it, ‘Be!’ And it is"},"surah":null},{"id":341,"surahId":3,"ayatId":48,"ayatNo":"٤٨","pageNo":56,"ayatText":"وَيُعَلِّمُهُ الْكِتَابَ وَالْحِكْمَةَ وَالتَّوْرٰيةَ وَالْاِنْجٖيلَۚ","ayatMealText":{"tr":"Allah ona kitab (okuma ve yazmay)ı, hikmeti ve Tevrat ile İncil'i öğretir.","nl":"En Hij onderwijst hem de Schrift, en de Wijsheid en de Taurât en de Indjîl.","en":"And Allah will teach him writing and wisdom, the Torah and the Gospel"},"surah":null},{"id":342,"surahId":3,"ayatId":49,"ayatNo":"٤٩","pageNo":56,"ayatText":"وَرَسُولاً اِلٰى بَنٖٓي اِسْرَٓائٖلَ اَنّٖي قَدْ جِئْتُكُمْ بِاٰيَةٍ مِنْ رَبِّكُمْۙ اَنّٖٓي اَخْلُقُ لَكُمْ مِنَ الطّٖينِ كَهَيْـَٔةِ الطَّيْرِ فَاَنْفُخُ فٖيهِ فَيَكُونُ طَيْراً بِاِذْنِ اللّٰهِۚ وَاُبْرِئُ الْاَكْمَهَ وَالْاَبْرَصَ وَاُحْـيِ الْمَوْتٰى بِاِذْنِ اللّٰهِۚ وَاُنَبِّئُكُمْ بِمَا تَأْكُلُونَ وَمَا تَدَّخِرُونَۙ فٖي بُيُوتِكُمْؕ اِنَّ فٖي ذٰلِكَ لَاٰيَةً لَكُمْ اِنْ كُنْتُمْ مُؤْمِنٖينَۚ","ayatMealText":{"tr":"Allah onu İsrailoğullarına (şöyle diyecek) bir peygamber olarak gönderir: \"Şüphesiz ki ben size Rabbinizden bir âyet (mucize, belge) getirdim: Size, kuş biçiminde çamurdan birşey yaparım da içine üflerim, Allah'ın izniyle o, kuş olur; anadan doğma körü ve alacalıyı iyileştiririm ve Allah'ın izniyle ölüleri diriltirim. Evlerinizde ne yiyor ve neleri biriktiriyorsanız size haber veririm\".","nl":"En (hij is) als een Boodschapper voor de Kinderen van Israël, (die zegt:) \"Voorwaar, ik ben tot jullie gekomen met een Teken van jullie Heer, en ik maak voor jullie (iets) uit klei, gelijkende op de vorm van een vogel en ik blaas erin en het zal met verlof van Allah een vogel zijn. En ik genees de blinden en de leprozen en ik doe de doden met het verlof van Allah tot leven komen. En ik vertel jullie wat jullie eten, en wat jullie in jullie huizen bewaren. Voorwaar, daarin is een Teken voor jullie als jullie gelovigen zijn.","en":"and ˹make him˺ a messenger to the Children of Israel ˹to proclaim,˺ ‘I have come to you with a sign from your Lord: I will make for you a bird from clay, breathe into it, and it will become a ˹real˺ bird—by Allah’s Will. I will heal the blind and the leper and raise the dead to life—by Allah’s Will. And I will prophesize what you eat and store in your houses. Surely in this is a sign for you if you ˹truly˺ believe"},"surah":null},{"id":343,"surahId":3,"ayatId":50,"ayatNo":"٥٠","pageNo":56,"ayatText":"وَمُصَدِّقاً لِمَا بَيْنَ يَدَيَّ مِنَ التَّوْرٰيةِ وَلِاُحِلَّ لَكُمْ بَعْضَ الَّذٖي حُرِّمَ عَلَيْكُمْ وَجِئْتُكُمْ بِاٰيَةٍ مِنْ رَبِّكُمْ فَاتَّقُوا اللّٰهَ وَاَطٖيعُونِ","ayatMealText":{"tr":"\"Önümdeki Tevrat'ı doğrulayıcı olarak ve size haram kılınan bazı şeyleri helal kılmak için (geldim) ve Rabbiniz tarafından size bir mucize getirdim. Artık Allah'tan korkun da bana uyun\".","nl":"En als bevestiging van wat er voor mij is gekomen van de Taurât, opdat ik jullie een paar dingen wettig kan verklaren die voor jullie verboden waren, en ik ben tot jullie gekomen met een Teken van jullie Heer, vreest daarom Allah en gehoorzaamt mij.","en":"And I will confirm the Torah revealed before me and legalize some of what had been forbidden to you. I have come to you with a sign from your Lord, so be mindful of Allah and obey me"},"surah":null},{"id":344,"surahId":3,"ayatId":51,"ayatNo":"٥١","pageNo":56,"ayatText":"اِنَّ اللّٰهَ رَبّٖي وَرَبُّكُمْ فَاعْبُدُوهُؕ هٰذَا صِرَاطٌ مُسْتَقٖيمٌ","ayatMealText":{"tr":"\"Şüphesiz Allah, benim de Rabbim, sizin de Rabbinizdir. Onun için hep O'na kulluk edin! İşte bu, doğru yoldur\".","nl":"Voorwaar, Allah is mijn Heer en jullie Heer, dient Hem dus, dit is een recht Pad.\"","en":"Surely Allah is my Lord and your Lord. So worship Him ˹alone˺. This is the Straight Path.’”"},"surah":null},{"id":345,"surahId":3,"ayatId":52,"ayatNo":"٥٢","pageNo":56,"ayatText":"فَلَمَّٓا اَحَسَّ عٖيسٰى مِنْهُمُ الْكُفْرَ قَالَ مَنْ اَنْصَارٖٓي اِلَى اللّٰهِؕ قَالَ الْحَوَارِيُّونَ نَحْنُ اَنْصَارُ اللّٰهِۚ اٰمَنَّا بِاللّٰهِۚ وَاشْهَدْ بِاَنَّا مُسْلِمُونَ","ayatMealText":{"tr":"İsa onların inkârlarını hissedince: \"Allah yolunda yardımcılarım kim?\" dedi. Havariler: \"Allah yolunda yardımcılar biziz. Allah'a iman ettik. Şahit ol ki, biz muhakkak müslümanlarız.\" dediler.","nl":"En toen 'Îsa ongeloof bij hen ontdekte, zei hij: \"Wie zijn mijn helpers (op het rechte Pad) naar Allah?\" Zijn metgezellen (Hawâriyyôen) zeiden: \"Wij zijn helpers van Allah, wij geloven in Allah en getuigen dat wij ons overgegeven hebben.","en":"When Jesus sensed disbelief from his people, he asked, “Who will stand up with me for Allah?” The disciples replied, “We will stand up for Allah. We believe in Allah, so bear witness that we have submitted.”"},"surah":null}]}