{"juzNo":28,"pageNo":561,"arCuzNo":"۲۸","arPageNo":"٥٦۱","quranAyats":[{"id":5237,"surahId":66,"ayatId":8,"ayatNo":"٨","pageNo":561,"ayatText":"يَٓا اَيُّهَا الَّذٖينَ اٰمَنُوا تُوبُٓوا اِلَى اللّٰهِ تَوْبَةً نَصُوحاًؕ عَسٰى رَبُّكُمْ اَنْ يُكَفِّرَ عَنْكُمْ سَيِّـَٔاتِكُمْ وَيُدْخِلَكُمْ جَنَّاتٍ تَجْرٖي مِنْ تَحْتِهَا الْاَنْهَارُۙ يَوْمَ لَا يُخْزِي اللّٰهُ النَّبِيَّ وَالَّذٖينَ اٰمَنُوا مَعَهُۚ نُورُهُمْ يَسْعٰى بَيْنَ اَيْدٖيهِمْ وَبِاَيْمَانِهِمْ يَقُولُونَ رَبَّـنَٓا اَتْمِمْ لَنَا نُورَنَا وَاغْفِرْ لَنَاۚ اِنَّكَ عَلٰى كُلِّ شَيْءٍ قَدٖيرٌ","ayatMealText":{"tr":"Ey iman edenler! Samimi bir tevbe ile Allah'a dönün. Umulur ki Rabbiniz sizin kötülüklerinizi örter, Peygamber'i ve onunla birlikte iman edenleri utandırmayacağı günde Allah sizi, içlerinden ırmaklar akan cennetlere sokar. Çünkü onların nurları, önlerinde ve yanlarında koşar da, \"Ey Rabbimiz! Nurumuzu tamamla, bizi bağışla, çünkü sen her şeye kâdirsin.\" derler.","nl":"O jullie die geloven, toont Allah oprecht berouw, hopelijk zal jullie Heer jullie zonden uitwissen en jullie Tuinen (het Paradijs) doen binnengaan waar de rivieren onder door stromen op de Dag waarop Allah de Profeet en degenen die met hem geloven niet zal vernederen. Hun licht straalt vóór hen en rechts van hen. Zij zeggen: \"Onze Heer, vervolmaak voor ons ons licht en vergeef ons: voorwaar, U bent Almachtig over alle zaken.\"","en":"O believers! Turn to Allah in sincere repentance, so your Lord may absolve you of your sins and admit you into Gardens, under which rivers flow, on the Day Allah will not disgrace the Prophet or the believers with him. Their light will shine ahead of them and on their right. They will say, “Our Lord! Perfect our light for us, and forgive us. ˹For˺ You are truly Most Capable of everything.”"},"surah":{"surahId":66,"name":"Tahrîm","nameAr":"التَّحْر۪يمِ","revelationOrder":107,"verseCount":12,"juzNo":28,"firstPage":560}},{"id":5238,"surahId":66,"ayatId":9,"ayatNo":"٩","pageNo":561,"ayatText":"يَٓا اَيُّهَا النَّبِيُّ جَاهِدِ الْكُفَّارَ وَالْمُنَافِقٖينَ وَاغْلُظْ عَلَيْهِمْؕ وَمَأْوٰيهُمْ جَهَنَّمُؕ وَبِئْسَ الْمَصٖيرُ","ayatMealText":{"tr":"Ey Peygamber! Kâfirler ve münafıklarla savaş, onlara karşı sert davran. Onların varacağı yer cehennemdir. O gidilecek yer, ne de kötüdür!","nl":"O Profeet, bestrijd de ongelovigen en de huichelaars en treed hard tegen hen op. Hun bestemming is de Hel, en dat is de slechtste plaats van bestemming.","en":"O Prophet! Struggle against the disbelievers and the hypocrites, and be firm with them. Hell will be their home. What an evil destination"},"surah":null},{"id":5239,"surahId":66,"ayatId":10,"ayatNo":"١٠","pageNo":561,"ayatText":"ضَرَبَ اللّٰهُ مَثَلاً لِلَّذٖينَ كَفَرُوا امْرَاَتَ نُوحٍ وَامْرَاَتَ لُوطٍؕ كَانَتَا تَحْتَ عَبْدَيْنِ مِنْ عِبَادِنَا صَالِحَيْنِ فَخَانَتَاهُمَا فَلَمْ يُغْنِيَا عَنْهُمَا مِنَ اللّٰهِ شَيْـٔاً وَقٖيلَ ادْخُلَا النَّارَ مَعَ الدَّاخِلٖينَ","ayatMealText":{"tr":"Allah, inkâr edenlere, Nuh'un karısı ile Lut'un karısını misal verdi. Bu ikisi, kullarımızdan iki salih kulun (nikahı) altında idiler, onlara hıyanet ettiler. (Kocaları,) Allah'tan hiçbir şeyi onlardan savamadı. (Onlara): \"Haydi girenlerle birlikte siz de ateşe girin!\" denildi.","nl":"Allah heeft degenen die niet geloven de vrouw van Nôeh en de vrouw van Lôeth als een voorbeeld gegeven. Zij waren onder de hoede van twee rechtschapenen van onder Onze dienaren, maar zij verraadden hen, toen baatten zij (Nôeh en Lôeth) hun in niets tegen Allah. En er werd tot hen (de beide vrouwen) gezegd: \"Treedt de hel binnen, tezamen met de binnentreders.\"","en":"Allah sets forth an example for the disbelievers: the wife of Noah and the wife of Lot. Each was married to one of Our righteous servants, yet betrayed them. So their husbands were of no benefit to them against Allah whatsoever. Both were told, “Enter the Fire, along with the others!”"},"surah":null},{"id":5240,"surahId":66,"ayatId":11,"ayatNo":"١١","pageNo":561,"ayatText":"وَضَرَبَ اللّٰهُ مَثَلاً لِلَّذٖينَ اٰمَنُوا امْرَاَتَ فِرْعَوْنَۘ اِذْ قَالَتْ رَبِّ ابْنِ لٖي عِنْدَكَ بَيْتاً فِي الْجَنَّةِ وَنَجِّنٖي مِنْ فِرْعَوْنَ وَعَمَلِهٖ وَنَجِّنٖي مِنَ الْقَوْمِ الظَّالِمٖينَۙ","ayatMealText":{"tr":"Allah, inananlara da Firavun'un karısını örnek gösterdi. O şöyle demişti: \"Rabbim! Bana yanında cennetin içinde bir ev yap, beni Firavun'dan ve onun (kötü) işinden kurtar. Ve beni şu zalim toplumdan kurtar!\"","nl":"En de gelovigen heeft Allah de vrouw van Fir'aun als voorbeeld gegeven, toen zij zei: \"Mijn Heer, bouw voor mij een huis aan Uw Zijde in het Paradijs, en red mij van Fir'aun en zijn deden en red mij van het onrechtvaardige volk.\"","en":"And Allah sets forth an example for the believers: the wife of Pharaoh, who prayed, “My Lord! Build me a house in Paradise near You, deliver me from Pharaoh and his ˹evil˺ doing, and save me from the wrongdoing people.”"},"surah":null},{"id":5241,"surahId":66,"ayatId":12,"ayatNo":"١٢","pageNo":561,"ayatText":"وَمَرْيَمَ ابْنَتَ عِمْرٰنَ الَّتٖٓي اَحْصَنَتْ فَرْجَهَا فَنَفَخْنَا فٖيهِ مِنْ رُوحِنَا وَصَدَّقَتْ بِكَلِمَاتِ رَبِّهَا وَكُتُبِهٖ وَكَانَتْ مِنَ الْقَانِتٖينَ","ayatMealText":{"tr":"Irzını korumuş olan, İmrân kızı Meryem'i de Allah örnek gösterdi. Biz, ona ruhumuzdan üfledik ve Rabbinin sözlerini ve kitaplarını tasdik etti. O, gönülden itaat edenlerdendi.","nl":"En (het voorbeeld van) Maryam, de dochter van Imrân, die haar eerbaarheid bewaard had, waarop Wij in haar van Onze geest bliezen en zij getuigde van de Waarheid van de Woorden van haar Heer en Zijn Schriften en zij behoorde tot de gehoorzamen.","en":"˹There is˺ also ˹the example of˺ Mary, the daughter of ’Imrân, who guarded her chastity, so We breathed into her ˹womb˺ through Our angel ˹Gabriel˺. She testified to the words of her Lord and His Scriptures, and was one of the ˹sincerely˺ devout"},"surah":null}]}