{"juzNo":29,"pageNo":564,"arCuzNo":"۲۹","arPageNo":"٥٦٤","quranAyats":[{"id":5268,"surahId":67,"ayatId":27,"ayatNo":"٢٧","pageNo":564,"ayatText":"فَلَمَّا رَاَوْهُ زُلْفَةً سٖٓيـَٔتْ وُجُوهُ الَّذٖينَ كَفَرُوا وَقٖيلَ هٰذَا الَّذٖي كُنْتُمْ بِهٖ تَدَّعُونَ","ayatMealText":{"tr":"Onu yakın görünce inkâr edenlerin yüzleri kötüleşti. Ve: \"İşte çağırıp durduğunuz şey budur!\" dendi.","nl":"Wanneer zij dan (de bestraffing) van dichtbij zien, worden de gezichten van degenen die niet geloven bedroefd, en er zal worden gezegd: \"Dit is waar jullie om plachten te vragen.\"","en":"Then when they see the torment drawing near, the faces of the disbelievers will become gloomy, and it will be said ˹to them˺, “This is what you claimed would never come.”"},"surah":{"surahId":67,"name":"Mülk","nameAr":"الْمُلْكِ","revelationOrder":77,"verseCount":30,"juzNo":29,"firstPage":562}},{"id":5269,"surahId":67,"ayatId":28,"ayatNo":"٢٨","pageNo":564,"ayatText":"قُلْ اَرَاَيْتُمْ اِنْ اَهْلَكَنِيَ اللّٰهُ وَمَنْ مَعِيَ اَوْ رَحِمَنَاۙ فَمَنْ يُجٖيرُ الْكَافِرٖينَ مِنْ عَذَابٍ اَلٖيمٍ","ayatMealText":{"tr":"De ki: \"Baksanıza, eğer Allah beni ve benimle beraber olanları öldürse, yahut bize merhamet etse, kâfirleri acı bir azabdan kim kurtarabilir?","nl":"Zeg: \"Wat dachten jullie, als Allah mij en wie met mij zijn vernietigt of als Hij ons begenadigt, wie beschermt dan de ongelovigen tegen een pijnlijke bestraffing?\"","en":"Say, ˹O Prophet,˺ “Consider this: whether Allah causes me and those with me to die or shows us mercy, who will save the disbelievers from a painful punishment?”"},"surah":null},{"id":5270,"surahId":67,"ayatId":29,"ayatNo":"٢٩","pageNo":564,"ayatText":"قُلْ هُوَ الرَّحْمٰنُ اٰمَنَّا بِهٖ وَعَلَيْهِ تَوَكَّلْنَاۚ فَسَتَعْلَمُونَ مَنْ هُوَ فٖي ضَلَالٍ مُبٖينٍ","ayatMealText":{"tr":"De ki: \"O çok merhametlidir. O'na inanmış, O'na dayanmışızdır. Yakında kimin apaçık bir sapıklık içinde olduğunu bileceksiniz.\"","nl":"Zeg: \"Hij is de Erbarmer, Wij geloven in Hem en wij vertrouwen op Hem.\" Jullie zullen weten wie in duidelijke dwaling verkeert.\"","en":"Say, “He is the Most Compassionate—in Him ˹alone˺ we believe, and in Him ˹alone˺ we trust. You will soon know who is clearly astray.”"},"surah":null},{"id":5271,"surahId":67,"ayatId":30,"ayatNo":"٣٠","pageNo":564,"ayatText":"قُلْ اَرَاَيْتُمْ اِنْ اَصْبَحَ مَٓاؤُ۬كُمْ غَوْراً فَمَنْ يَأْتٖيكُمْ بِمَٓاءٍ مَعٖينٍ","ayatMealText":{"tr":"De ki: \"Baksanıza, eğer suyunuz çekilse, size kim bir akarsu getirebilir?\"","nl":"Zeg: \"Wat dachten jullie, als jullie water plotseling in de aarde verdwijnt, wie zal jullie dan stromend water brengen?\"","en":"Say, “Consider this: if your water were to sink ˹into the earth˺, then who ˹else˺ could bring you flowing water?”"},"surah":null},{"id":5272,"surahId":68,"ayatId":1,"ayatNo":"١","pageNo":564,"ayatText":"نٓ وَالْقَلَمِ وَمَا يَسْطُرُونَۙ","ayatMealText":{"tr":"Nûn, Kaleme ve yazdıklarına andolsun.","nl":"Nôen. Bij de pen en wat zij schrijven.","en":"Nũn. By the pen and what everyone writes"},"surah":{"surahId":68,"name":"Kalem","nameAr":"الْقَلَمِ","revelationOrder":2,"verseCount":52,"juzNo":29,"firstPage":564}},{"id":5273,"surahId":68,"ayatId":2,"ayatNo":"٢","pageNo":564,"ayatText":"مَٓا اَنْتَ بِنِعْمَةِ رَبِّكَ بِمَجْنُونٍۚ","ayatMealText":{"tr":"Sen Rabbinin nimetiyle mecnun değilsin.","nl":"Jij bent dankzij de gunst van jouw Heer geen bezetene.","en":"By the grace of your Lord, you ˹O Prophet˺ are not insane"},"surah":null},{"id":5274,"surahId":68,"ayatId":3,"ayatNo":"٣","pageNo":564,"ayatText":"وَاِنَّ لَكَ لَاَجْراً غَيْرَ مَمْنُونٍۚ","ayatMealText":{"tr":"Kuşkusuz senin için tükenmez bir ecir var.","nl":"En voorwaar, voor jou is er zeker een beloning zonder onderbreking.","en":"You will certainly have a never-ending reward"},"surah":null},{"id":5275,"surahId":68,"ayatId":4,"ayatNo":"٤","pageNo":564,"ayatText":"وَاِنَّكَ لَعَلٰى خُلُقٍ عَظٖيمٍ","ayatMealText":{"tr":"Sen elbette yüce bir ahlak üzeresin.","nl":"En voorwaar, jij beschikt over een hoogstaand karakter.","en":"And you are truly ˹a man˺ of outstanding character"},"surah":null},{"id":5276,"surahId":68,"ayatId":5,"ayatNo":"٥","pageNo":564,"ayatText":"فَسَتُبْصِرُ وَيُبْصِرُونَۙ","ayatMealText":{"tr":"Sen de göreceksin, onlar da görecek.","nl":"Jullie zullen zien en zij zullen zien.","en":"Soon you and the pagans will see"},"surah":null},{"id":5277,"surahId":68,"ayatId":6,"ayatNo":"٦","pageNo":564,"ayatText":"بِاَيِّكُمُ الْمَفْتُونُ","ayatMealText":{"tr":"Hanginizde imiş o fitne ve cinnet.","nl":"Wie van jullie de (met bezetenheid) beproefde is.","en":"which of you is mad"},"surah":null},{"id":5278,"surahId":68,"ayatId":7,"ayatNo":"٧","pageNo":564,"ayatText":"اِنَّ رَبَّكَ هُوَ اَعْلَمُ بِمَنْ ضَلَّ عَنْ سَبٖيلِهٖࣕ وَهُوَ اَعْلَمُ بِالْمُهْتَدٖينَ","ayatMealText":{"tr":"Doğrusu Rabbin, yolundan sapanı en iyi bilendir. Hidayete ereni de en iyi bilen O'dur.","nl":"Voorwaar, jouw Heer weet het beste wie van Zijn Weg is afgedwaald en Hij kent het beste de rechtgeleiden.","en":"Surely your Lord ˹alone˺ knows best who has strayed from His Way and who is ˹rightly˺ guided"},"surah":null},{"id":5279,"surahId":68,"ayatId":8,"ayatNo":"٨","pageNo":564,"ayatText":"فَلَا تُطِـعِ الْمُكَذِّبٖينَ","ayatMealText":{"tr":"O halde, yalanlayıcılara itaat etme.","nl":"Gehoorzaam daarom de loochenaars niet.","en":"So do not give in to the deniers"},"surah":null},{"id":5280,"surahId":68,"ayatId":9,"ayatNo":"٩","pageNo":564,"ayatText":"وَدُّوا لَوْ تُدْهِنُ فَيُدْهِنُونَ","ayatMealText":{"tr":"Onlar istediler ki yumuşak davranasın da onlar da sana yumuşak davransınlar.","nl":"Zij wensen dat jij toegeeflijk zal worden, dan zullen zij (ook) toegeeflijk worden.","en":"They wish you would compromise so they would yield ˹to you˺"},"surah":null},{"id":5281,"surahId":68,"ayatId":10,"ayatNo":"١٠","pageNo":564,"ayatText":"وَلَا تُطِـعْ كُلَّ حَلَّافٍ مَهٖينٍۙ","ayatMealText":{"tr":"Şunların hiçbirine boyun eğme: Yemin edip duran aşağılık,","nl":"En gehoorzaam geen enkele verachtelijke edenzweerder.","en":"And do not obey the despicable, vain oath-taker"},"surah":null},{"id":5282,"surahId":68,"ayatId":11,"ayatNo":"١١","pageNo":564,"ayatText":"هَمَّازٍ مَشَّٓاءٍ بِنَمٖيمٍۙ","ayatMealText":{"tr":"Daima kusur arayıp kınayan, hep lâf götürüp getiren,","nl":"Een lasteraar die rondloopt met roddelpraat.","en":"slanderer, gossip-monger"},"surah":null},{"id":5283,"surahId":68,"ayatId":12,"ayatNo":"١٢","pageNo":564,"ayatText":"مَنَّاعٍ لِلْخَيْرِ مُعْتَدٍ اَثٖيمٍۙ","ayatMealText":{"tr":"Hayra engel olan, saldırgan, günahkâr,","nl":"Een tegenhouder van het goede, buitensporig, zondig.","en":"withholder of good, transgressor, evildoer"},"surah":null},{"id":5284,"surahId":68,"ayatId":13,"ayatNo":"١٣","pageNo":564,"ayatText":"عُتُلٍّ بَعْدَ ذٰلِكَ زَنٖيمٍۙ","ayatMealText":{"tr":"Kaba ve haşin, sonra da kötülükle damgalı,","nl":"Die daarnaast ook nog een bruut is, en bastaard.","en":"brute, and—on top of all that—an illegitimate child"},"surah":null},{"id":5285,"surahId":68,"ayatId":14,"ayatNo":"١٤","pageNo":564,"ayatText":"اَنْ كَانَ ذَا مَالٍ وَبَنٖينَؕ","ayatMealText":{"tr":"Mal ve oğulları var diye (böyle davranır).","nl":"(Hij is ongelovig) omdat hij een bezitter van rijkdom en zonen is.","en":"Now, ˹simply˺ because he has been blessed with ˹abundant˺ wealth and children"},"surah":null},{"id":5286,"surahId":68,"ayatId":15,"ayatNo":"١٥","pageNo":564,"ayatText":"اِذَا تُتْلٰى عَلَيْهِ اٰيَاتُنَا قَالَ اَسَاطٖيرُ الْاَوَّلٖينَ","ayatMealText":{"tr":"Kendisine âyetlerimiz okunduğunda: \"Eskilerin masalları\" der.","nl":"Wanneer Onze Verzen aan hem voorgedragen worden, dan zegt hij: \"Fabels van de vroegeren.\"","en":"whenever Our revelations are recited to him, he says, “Ancient fables!”"},"surah":null}]}