{"juzNo":29,"pageNo":565,"arCuzNo":"۲۹","arPageNo":"٥٦٥","quranAyats":[{"id":5287,"surahId":68,"ayatId":16,"ayatNo":"١٦","pageNo":565,"ayatText":"سَنَسِمُهُ عَلَى الْخُرْطُومِ","ayatMealText":{"tr":"Yakında biz onu hortumunun (burnunun) üzerinden damgalayacağız.","nl":"Wij zullen hem brandmerken op zijn snuit.","en":"We will soon mark his snout"},"surah":{"surahId":68,"name":"Kalem","nameAr":"الْقَلَمِ","revelationOrder":2,"verseCount":52,"juzNo":29,"firstPage":564}},{"id":5288,"surahId":68,"ayatId":17,"ayatNo":"١٧","pageNo":565,"ayatText":"اِنَّا بَلَوْنَاهُمْ كَمَا بَلَوْنَٓا اَصْحَابَ الْجَنَّةِۚ اِذْ اَقْسَمُوا لَيَصْرِمُنَّهَا مُصْبِحٖينَۙ","ayatMealText":{"tr":"Biz onlara da belâ verdik, bahçe sahiplerine verdiğimiz gibi. Hani onlar sabah olunca bahçeyi mutlaka devşireceklerine yemin etmişlerdi.","nl":"Wij hebben hen beproefd zoals Wij de bezitters van de tuin hebben beproefd, toen zij zwoeren in de morgen van haar (vruchten) te zullen plukken.","en":"Indeed, We have tested those ˹Meccans˺ as We tested the owners of the garden—when they swore they would surely harvest ˹all˺ its fruit in the early morning"},"surah":null},{"id":5289,"surahId":68,"ayatId":18,"ayatNo":"١٨","pageNo":565,"ayatText":"وَلَا يَسْتَثْنُونَ","ayatMealText":{"tr":"İstisna da etmiyorlardı (\"inşaallah\" demiyorlardı).","nl":"Maar zij maakten geen voorbehoud.","en":"leaving no thought for Allah’s Will"},"surah":null},{"id":5290,"surahId":68,"ayatId":19,"ayatNo":"١٩","pageNo":565,"ayatText":"فَطَافَ عَلَيْهَا طَٓائِفٌ مِنْ رَبِّكَ وَهُمْ نَٓائِمُونَ","ayatMealText":{"tr":"Fakat onlar uyurken dolaşıcı bir belâ onu sardı da,","nl":"Toen ging er een bezoeking (storm) van jouw Heer in haar rond, terwijl zij sliepen.","en":"Then it was struck by a torment from your Lord while they slept"},"surah":null},{"id":5291,"surahId":68,"ayatId":20,"ayatNo":"٢٠","pageNo":565,"ayatText":"فَاَصْبَحَتْ كَالصَّرٖيمِ","ayatMealText":{"tr":"Bahçe simsiyah kesiliverdi.","nl":"Zij werd als een verschroeid stoppelveld.","en":"so it was reduced to ashes"},"surah":null},{"id":5292,"surahId":68,"ayatId":21,"ayatNo":"٢١","pageNo":565,"ayatText":"فَتَنَادَوْا مُصْبِحٖينَۙ","ayatMealText":{"tr":"Derken sabahleyin birbirlerine seslendiler:","nl":"Toen riepen zij tot elkaar in de ochtend.","en":"Then by daybreak they called out to each other"},"surah":null},{"id":5293,"surahId":68,"ayatId":22,"ayatNo":"٢٢","pageNo":565,"ayatText":"اَنِ اغْدُوا عَلٰى حَرْثِكُمْ اِنْ كُنْتُمْ صَارِمٖينَ","ayatMealText":{"tr":"\"Haydi, devşirecekseniz erkenden ekininize gidin\" diye.","nl":"\"Gaat deze ochtend naar jullie akkers, als jullie van plan zijn om te oogsten.\"","en":"˹saying,˺ “Go early to your harvest, if you want to pick ˹all˺ the fruit.”"},"surah":null},{"id":5294,"surahId":68,"ayatId":23,"ayatNo":"٢٣","pageNo":565,"ayatText":"فَانْطَلَقُوا وَهُمْ يَتَخَافَتُونَۙ","ayatMealText":{"tr":"Derken fırladılar, aralarında fısıldaşıyorlardı.","nl":"Zo vertrokken zij, terwijl zij naar elkaar fluisterden.","en":"So they went off, whispering to one another"},"surah":null},{"id":5295,"surahId":68,"ayatId":24,"ayatNo":"٢٤","pageNo":565,"ayatText":"اَنْ لَا يَدْخُلَنَّهَا الْيَوْمَ عَلَيْكُمْ مِسْكٖينٌ","ayatMealText":{"tr":"\"Sakın bugün hiçbir yoksul bahçeye girip yanınıza sokulmasın\" diyorlardı.","nl":"(Zij zeiden:) \"Laat er deze dag geen enkele arme bij jullie binnengaan.\"","en":"“Do not let any poor person enter your garden today.”"},"surah":null},{"id":5296,"surahId":68,"ayatId":25,"ayatNo":"٢٥","pageNo":565,"ayatText":"وَغَدَوْا عَلٰى حَرْدٍ قَادِرٖينَ","ayatMealText":{"tr":"(Zanlarınca yoksulları) engellemeye güçleri yeterek erkenden gittiler.","nl":"En zij vertrokken die ochtend, vastbesloten om (de armen) te weren.","en":"And they proceeded early, totally fixated on their purpose"},"surah":null},{"id":5297,"surahId":68,"ayatId":26,"ayatNo":"٢٦","pageNo":565,"ayatText":"فَلَمَّا رَاَوْهَا قَالُٓوا اِنَّا لَضَٓالُّونَۙ","ayatMealText":{"tr":"Fakat bahçeyi gördüklerinde: \"Biz herhalde yanlış gelmişiz\" dediler.","nl":"Maar toen zij haar (de tuin) zagen, zeiden zij: \"Voorwaar, wij zijn zeker dwalenden.","en":"But when they saw it ˹devastated˺, they cried, “We must have lost ˹our˺ way"},"surah":null},{"id":5298,"surahId":68,"ayatId":27,"ayatNo":"٢٧","pageNo":565,"ayatText":"بَلْ نَحْنُ مَحْرُومُونَ","ayatMealText":{"tr":"\"Yok, biz mahrum edilmişiz.\" (dediler).","nl":"Wij zijn zelfs beroofd.\"","en":"In fact, we have been deprived ˹of our livelihood˺.”"},"surah":null},{"id":5299,"surahId":68,"ayatId":28,"ayatNo":"٢٨","pageNo":565,"ayatText":"قَالَ اَوْسَطُهُمْ اَلَمْ اَقُلْ لَكُمْ لَوْلَا تُسَبِّحُونَ","ayatMealText":{"tr":"İçlerinde en makul olanı şöyle dedi: \"Ben size Rabbinizi tesbih etsenize dememiş miydim?\"","nl":"De meest wijze onder hen zei: \"Heb ik jullie niet gezegd dat jullie de Glorie (van Allah) hadden moeten prijzen!\"","en":"The most sensible of them said, “Did I not urge you to say, ‘Allah willing.’?”"},"surah":null},{"id":5300,"surahId":68,"ayatId":29,"ayatNo":"٢٩","pageNo":565,"ayatText":"قَالُوا سُبْحَانَ رَبِّنَٓا اِنَّا كُنَّا ظَالِمٖينَ","ayatMealText":{"tr":"\"Rabbimizi tesbih ederiz, doğrusu biz zalimler imişiz.\" (dediler).","nl":"Zij zeiden: \"Heilig is onze Heer: voorwaar, wij waren onrechtvaardig.\"","en":"They replied, “Glory be to our Lord! We have truly been wrongdoers.”"},"surah":null},{"id":5301,"surahId":68,"ayatId":30,"ayatNo":"٣٠","pageNo":565,"ayatText":"فَاَقْبَلَ بَعْضُهُمْ عَلٰى بَعْضٍ يَتَلَاوَمُونَ","ayatMealText":{"tr":"Ardından suçu birbirlerine yüklemeye başladılar.","nl":"Toen keerde de ene groep zich tegen de andere, elkaar verwijten makend.","en":"Then they turned on each other, throwing blame"},"surah":null},{"id":5302,"surahId":68,"ayatId":31,"ayatNo":"٣١","pageNo":565,"ayatText":"قَالُوا يَا وَيْلَنَٓا اِنَّا كُنَّا طَاغٖينَ","ayatMealText":{"tr":"Yazıklar olsun bize, dediler, biz azgınlarmışız.","nl":"Zij zeiden: \"Wee ons! Voorwaar, wij waren buitensporig.","en":"They said, “Woe to us! We have certainly been transgressors"},"surah":null},{"id":5303,"surahId":68,"ayatId":32,"ayatNo":"٣٢","pageNo":565,"ayatText":"عَسٰى رَبُّنَٓا اَنْ يُبْدِلَنَا خَيْراً مِنْهَٓا اِنَّٓا اِلٰى رَبِّنَا رَاغِبُونَ","ayatMealText":{"tr":"Ola ki Rabbimiz bize onun yerine daha hayırlısını verir. Biz Rabbimize yönelir, ondan umarız.","nl":"Hopelijk zal onze Heer ons een betere (tuin) in de plaats van deze geven: voorwaar, wij hopen vurig (op vergeving) van onze Heer.\"","en":"We trust our Lord will give us a better garden than this, ˹for˺ we are indeed turning to our Lord with hope.”"},"surah":null},{"id":5304,"surahId":68,"ayatId":33,"ayatNo":"٣٣","pageNo":565,"ayatText":"كَذٰلِكَ الْعَذَابُؕ وَلَعَذَابُ الْاٰخِرَةِ اَكْبَرُۘ لَوْ كَانُوا يَعْلَمُونَࣖ","ayatMealText":{"tr":"İşte azap böyledir. Elbette ahiret azabı daha büyüktür. Fakat bilselerdi.","nl":"Zo was de bestraffing. En de bestraffing in het Hiernamaals is zeker groter, als zij het zouden weten!","en":"That is the ˹way of Our˺ punishment ˹in this world˺. But the punishment of the Hereafter is certainly far worse, if only they knew"},"surah":null},{"id":5305,"surahId":68,"ayatId":34,"ayatNo":"٣٤","pageNo":565,"ayatText":"اِنَّ لِلْمُتَّقٖينَ عِنْدَ رَبِّهِمْ جَنَّاتِ النَّعٖيمِ","ayatMealText":{"tr":"Kuşkusuz korunanlar için de, Rableri katında nimetleri bol bahçeler vardır.","nl":"Voorwaar, voor de Moettaqôen zijn er bij hun Heer Tuinen van gelukzaligheid (het Paradijs).","en":"Indeed, the righteous will have the Gardens of Bliss with their Lord"},"surah":null},{"id":5306,"surahId":68,"ayatId":35,"ayatNo":"٣٥","pageNo":565,"ayatText":"اَفَنَجْعَلُ الْمُسْلِمٖينَ كَالْمُجْرِمٖينَؕ","ayatMealText":{"tr":"Öyle ya, teslimiyet gösterenleri suçlular gibi tutar mıyız hiç?","nl":"Zullen Wij hen die zich aan Allah hebben overgegeven net zo behandelen als de misdadigers?","en":"Should We then treat those who have submitted like the wicked"},"surah":null},{"id":5307,"surahId":68,"ayatId":36,"ayatNo":"٣٦","pageNo":565,"ayatText":"مَا لَكُمْࣞ كَـيْفَ تَحْكُمُونَۚ","ayatMealText":{"tr":"Neyiniz var, nasıl hüküm veriyorsunuz?","nl":"Wat is er met jullie? Hoe oordelen jullie?","en":"What is the matter with you? How do you judge"},"surah":null},{"id":5308,"surahId":68,"ayatId":37,"ayatNo":"٣٧","pageNo":565,"ayatText":"اَمْ لَكُمْ كِتَابٌ فٖيهِ تَدْرُسُونَۙ","ayatMealText":{"tr":"Yoksa size ait bir kitap var da onda mı okuyorsunuz?","nl":"Of hebben jullie een Schrift waar jullie in kunnen studeren?","en":"Or do you have a scripture, in which you read"},"surah":null},{"id":5309,"surahId":68,"ayatId":38,"ayatNo":"٣٨","pageNo":565,"ayatText":"اِنَّ لَكُمْ فٖيهِ لَمَا تَخَيَّرُونَۚ","ayatMealText":{"tr":"O kitapta, \"beğendiğiniz her şey sizindir\" diye mi yazılı?","nl":"Waar waarlijk voor jullie in is wat jullie kiezen?","en":"that you will have whatever you choose"},"surah":null},{"id":5310,"surahId":68,"ayatId":39,"ayatNo":"٣٩","pageNo":565,"ayatText":"اَمْ لَكُمْ اَيْمَانٌ عَلَيْنَا بَالِغَةٌ اِلٰى يَوْمِ الْقِيٰمَةِۙ اِنَّ لَكُمْ لَمَا تَحْكُمُونَۚ","ayatMealText":{"tr":"Yoksa, \"ne hükmederseniz mutlaka sizindir\" diye sizin lehinize olarak tarafımızdan verilmiş, kıyamet gününe kadar geçerli kesin sözler mi var?","nl":"Of hebben jullie een verdrag met Ons dat tot aan de Dag der Opstanding geldt, dat er waarlijk voor jullie is wat jullie oordelen?","en":"Or do you have oaths binding on Us until the Day of Judgment that you will have whatever you decide"},"surah":null},{"id":5311,"surahId":68,"ayatId":40,"ayatNo":"٤٠","pageNo":565,"ayatText":"سَلْهُمْ اَيُّهُمْ بِذٰلِكَ زَعٖيمٌۚۛ","ayatMealText":{"tr":"Sor bakalım onlara, içlerinden ona kefil hangisi?","nl":"Vraag hun wie van hen daarvoor verantwoordelijk is.","en":"Ask them ˹O Prophet˺ which of them can guarantee all that"},"surah":null},{"id":5312,"surahId":68,"ayatId":41,"ayatNo":"٤١","pageNo":565,"ayatText":"اَمْ لَهُمْ شُرَكَٓاءُۚۛ فَلْيَأْتُوا بِشُرَكَٓائِهِمْ اِنْ كَانُوا صَادِقٖينَ","ayatMealText":{"tr":"Yoksa ortakları mı var onların? Doğru iseler ortaklarını getirsinler.","nl":"Of beschikken zij over deelgenoten? Laat zij dan komen met kun deelgenoten, als zij waarachtig zijn.","en":"Or do they have associate-gods ˹supporting this claim˺? Then let them bring forth their associate-gods, if what they say is true"},"surah":null},{"id":5313,"surahId":68,"ayatId":42,"ayatNo":"٤٢","pageNo":565,"ayatText":"يَوْمَ يُكْشَفُ عَنْ سَاقٍ وَيُدْعَوْنَ اِلَى السُّجُودِ فَلَا يَسْتَطٖيعُونَۙ","ayatMealText":{"tr":"O gün işler zorlaşır ve secdeye davet edilirler. Fakat güç yetiremezler.","nl":"(Gedenkt) de Dag waarop de onderbenen ontbloot zullen worden en zij opgeroepen worden om neer te knielen, terwijl zij daartoe niet in staat zijn.","en":"˹Beware of˺ the Day the Shin ˹of Allah˺ will be bared, and the wicked will be asked to prostrate, but they will not be able to do so"},"surah":null}]}