{"juzNo":29,"pageNo":567,"arCuzNo":"۲۹","arPageNo":"٥٦۷","quranAyats":[{"id":5332,"surahId":69,"ayatId":9,"ayatNo":"٩","pageNo":567,"ayatText":"وَجَٓاءَ فِرْعَوْنُ وَمَنْ قَبْلَهُ وَالْمُؤْتَفِكَاتُ بِالْخَاطِئَةِۚ","ayatMealText":{"tr":"Firavun, ondan öncekiler ve altı üstüne getirilen beldeler de hep o hatayı işleyegeldiler.","nl":"En Fir'aun en degenen die er vóór hem waren en de (bewoners van) de op hun fundamenten gekeerde steden pleegden grote zonden.","en":"Also, Pharaoh and those before him, and ˹the people of˺ the overturned cities ˹of Lot˺ indulged in sin"},"surah":{"surahId":69,"name":"Hâkka","nameAr":"الْحَاقَّةِ","revelationOrder":78,"verseCount":52,"juzNo":29,"firstPage":566}},{"id":5333,"surahId":69,"ayatId":10,"ayatNo":"١٠","pageNo":567,"ayatText":"فَعَصَوْا رَسُولَ رَبِّهِمْ فَاَخَذَهُمْ اَخْذَةً رَابِيَةً","ayatMealText":{"tr":"Hep Rablerinin elçilerine karşı geldiler. O da onları pek şiddetli bir şekilde yakalayıverdi.","nl":"En zij waren ongehoorzaam aan de Boodschapper van hun Heer. Toen groep Hij hen met een krachtige bestraffing.","en":"each disobeying their Lord’s messenger, so He seized them with a crushing grip"},"surah":null},{"id":5334,"surahId":69,"ayatId":11,"ayatNo":"١١","pageNo":567,"ayatText":"اِنَّا لَمَّا طَغَا الْمَٓاءُ حَمَلْنَاكُمْ فِي الْجَارِيَةِۙ","ayatMealText":{"tr":"Kuşkusuz, sular kabarınca sizi gemide biz taşıdık.","nl":"Voorwaar, toen het water overstroomde, droegen Wij jullie (voorvader Nôeh en zijn familie) in het vaartuig (de ark).","en":"Indeed, when the floodwater had overflowed, We carried you in the floating Ark ˹with Noah˺"},"surah":null},{"id":5335,"surahId":69,"ayatId":12,"ayatNo":"١٢","pageNo":567,"ayatText":"لِنَجْعَلَهَا لَكُمْ تَذْكِرَةً وَتَعِيَهَٓا اُذُنٌ وَاعِيَةٌ","ayatMealText":{"tr":"Onu size bir ibret yapalım ve belleyici kulaklar bellesin diye.","nl":"Opdat Wij dit voor jullie tot een vermaning zouden maken en opdat een aandachtig oor er aandacht aan zou schenken.","en":"so that We may make this a reminder to you, and that attentive ears may grasp it"},"surah":null},{"id":5336,"surahId":69,"ayatId":13,"ayatNo":"١٣","pageNo":567,"ayatText":"فَاِذَا نُفِخَ فِي الصُّورِ نَفْخَةٌ وَاحِدَةٌۙ","ayatMealText":{"tr":"Sûr'a bir tek üfleme üflendiği,","nl":"Wanneer dan op de bazuin geblazen wordt met één stoot.","en":"At last, when the Trumpet will be blown with one blast"},"surah":null},{"id":5337,"surahId":69,"ayatId":14,"ayatNo":"١٤","pageNo":567,"ayatText":"وَحُمِلَتِ الْاَرْضُ وَالْجِبَالُ فَدُكَّتَا دَكَّةً وَاحِدَةً","ayatMealText":{"tr":"Arz ve dağlar yerlerinden kaldırılıp şiddetle birbirine çarpılarak darmadağın olduğu zaman,","nl":"En de aarde en de bergen worden opgetild en dan in één klap worden verpulverd.","en":"and the earth and mountains will be lifted up and crushed with one blow"},"surah":null},{"id":5338,"surahId":69,"ayatId":15,"ayatNo":"١٥","pageNo":567,"ayatText":"فَيَوْمَئِذٍ وَقَعَتِ الْوَاقِعَةُۙ","ayatMealText":{"tr":"İşte o gün olacak olur.","nl":"Op die Dag zal de gebeurtenis plaatsvinden.","en":"on that Day the Inevitable Event will have come to pass"},"surah":null},{"id":5339,"surahId":69,"ayatId":16,"ayatNo":"١٦","pageNo":567,"ayatText":"وَانْشَقَّتِ السَّمَٓاءُ فَهِيَ يَوْمَئِذٍ وَاهِيَةٌۙ","ayatMealText":{"tr":"O gün gök yarılmış, sarkmıştır.","nl":"En de hemel zal splijten, dan wordt zij broos.","en":"The sky will then be so torn that it will be frail"},"surah":null},{"id":5340,"surahId":69,"ayatId":17,"ayatNo":"١٧","pageNo":567,"ayatText":"وَالْمَلَكُ عَلٰٓى اَرْجَٓائِهَاؕ وَيَحْمِلُ عَرْشَ رَبِّكَ فَوْقَهُمْ يَوْمَئِذٍ ثَمَانِيَةٌؕ","ayatMealText":{"tr":"Melekler de onun etrafındadır, O gün Rabbinin Arşını bunların da üstünde sekiz melek yüklenir.","nl":"En de Engelen zullen zich op haar randen bevinden en acht (van hen) zullen op die Dag de Troon van jouw Heer boven zich dragen.","en":"with the angels on its sides. On that Day eight ˹mighty angels˺ will bear the Throne of your Lord above them"},"surah":null},{"id":5341,"surahId":69,"ayatId":18,"ayatNo":"١٨","pageNo":567,"ayatText":"يَوْمَئِذٍ تُعْرَضُونَ لَا تَخْفٰى مِنْكُمْ خَافِيَةٌ","ayatMealText":{"tr":"O gün (hesap için Allah'a) arz olunursunuz, öyle ki gizli bir haliniz kalmaz.","nl":"Op die Dag zullen jullie voorgeleid worden, geen van jullie geheimen zal verborgen blijven.","en":"You will then be presented ˹before Him for judgment˺, and none of your secrets will stay hidden"},"surah":null},{"id":5342,"surahId":69,"ayatId":19,"ayatNo":"١٩","pageNo":567,"ayatText":"فَاَمَّا مَنْ اُو۫تِيَ كِتَابَهُ بِيَمٖينِهٖ فَيَقُولُ هَٓاؤُ۬مُ اقْرَؤُ۫ا كِتَابِيَهْۚ","ayatMealText":{"tr":"Kitabı sağından verilen, \"alın okuyun kitabımı..\"","nl":"Wat betreft degene die dan zijn boek in zijn rechterhand gegeven zal worden, hij zal zeggen: \"Neemt, en leest mijn boek voor.","en":"As for those given their records in their right hand, they will cry ˹happily˺, “Here ˹everyone˺! Read my record"},"surah":null},{"id":5343,"surahId":69,"ayatId":20,"ayatNo":"٢٠","pageNo":567,"ayatText":"اِنّٖي ظَنَنْتُ اَنّٖي مُلَاقٍ حِسَابِيَهْۚ","ayatMealText":{"tr":"\"Çünkü ben hesabıma kavuşacağımı sezmiştim\" der.","nl":"Voorwaar, ik was ervan overtuigd dat ik mijn afrekening zou ontmoeten.\"","en":"I surely knew I would face my reckoning.”"},"surah":null},{"id":5344,"surahId":69,"ayatId":21,"ayatNo":"٢١","pageNo":567,"ayatText":"فَهُوَ فٖي عٖيشَةٍ رَاضِيَةٍۙ","ayatMealText":{"tr":"Artık o hoşnut bir hayattadır.","nl":"Hij zal dan een leven van welbehagen leiden.","en":"They will be in a life of bliss"},"surah":null},{"id":5345,"surahId":69,"ayatId":22,"ayatNo":"٢٢","pageNo":567,"ayatText":"فٖي جَنَّةٍ عَالِيَةٍۙ","ayatMealText":{"tr":"Yüksek bir cennettedir.","nl":"In een hooggelegen Tuin (het Paradijs).","en":"in an elevated Garden"},"surah":null},{"id":5346,"surahId":69,"ayatId":23,"ayatNo":"٢٣","pageNo":567,"ayatText":"قُطُوفُهَا دَانِيَةٌ","ayatMealText":{"tr":"Ki o cennetin meyveleri sarkmıştır.","nl":"Haar vruchten hangen nabij.","en":"whose fruit will hang within reach"},"surah":null},{"id":5347,"surahId":69,"ayatId":24,"ayatNo":"٢٤","pageNo":567,"ayatText":"كُلُوا وَاشْرَبُوا هَنٖٓيـٔاً بِمَٓا اَسْلَفْتُمْ فِي الْاَيَّامِ الْخَالِيَةِ","ayatMealText":{"tr":"\"Geçmiş günlerde yaptığınız işlerden ötürü afiyetle yeyin, için.\" (denir).","nl":"(Er wordt gezegd:) \"Eet en drinkt smakelijk wegens wat jullie hebben verricht in de vroegere dagen.\"","en":"˹They will be told,˺ “Eat and drink joyfully for what you did in the days gone by.”"},"surah":null},{"id":5348,"surahId":69,"ayatId":25,"ayatNo":"٢٥","pageNo":567,"ayatText":"وَاَمَّا مَنْ اُو۫تِيَ كِتَابَهُ بِشِمَالِهٖ فَيَقُولُ يَا لَيْتَنٖي لَمْ اُو۫تَ كِتَابِيَهْۚ","ayatMealText":{"tr":"Kitabı sol tarafından verilen ise der ki: \"Keşke kitabım verilmeseydi de,","nl":"En wat betreft degene die zijn boek in zijn linkerhand gegeven zal worden, hij zal zeggen: \"Wee mij! Was mijn boek maar niet (aan mij) gegeven!","en":"And as for those given their record in their left hand, they will cry ˹bitterly˺, “I wish I had not been given my record"},"surah":null},{"id":5349,"surahId":69,"ayatId":26,"ayatNo":"٢٦","pageNo":567,"ayatText":"وَلَمْ اَدْرِ مَا حِسَابِيَهْۚ","ayatMealText":{"tr":"Hesabımın ne olduğunu bilmeseydim,","nl":"En ik weet niet hoe mij afrekening zal zijn.","en":"nor known anything of my reckoning"},"surah":null},{"id":5350,"surahId":69,"ayatId":27,"ayatNo":"٢٧","pageNo":567,"ayatText":"يَا لَيْتَهَا كَانَتِ الْقَاضِيَةَۚ","ayatMealText":{"tr":"Ne olurdu o ölüm, iş bitirici olsaydı.","nl":"Was de dood maar de beëindiger van alles.","en":"I wish death was the end"},"surah":null},{"id":5351,"surahId":69,"ayatId":28,"ayatNo":"٢٨","pageNo":567,"ayatText":"مَٓا اَغْنٰى عَنّٖي مَالِيَهْۚ","ayatMealText":{"tr":"Malım bana hiç fayda vermedi.","nl":"Mijn bezittingen baten mij niet.","en":"My wealth has not benefited me"},"surah":null},{"id":5352,"surahId":69,"ayatId":29,"ayatNo":"٢٩","pageNo":567,"ayatText":"هَلَكَ عَنّٖي سُلْطَانِيَهْۚ","ayatMealText":{"tr":"Gücüm de benden yok olup gitti.\"","nl":"Mijn macht is van mij heengegaan.\"","en":"My authority has been stripped from me.”"},"surah":null},{"id":5353,"surahId":69,"ayatId":30,"ayatNo":"٣٠","pageNo":567,"ayatText":"خُذُوهُ فَغُلُّوهُۙ","ayatMealText":{"tr":"(Zebanilere şöyle denir): \"Onu yakalayın da bağlayın.\"","nl":"(Allah zegt:) \"Grijpt hem en bindt zijn handen om zijn nek.","en":"˹It will be said,˺ “Seize and shackle them"},"surah":null},{"id":5354,"surahId":69,"ayatId":31,"ayatNo":"٣١","pageNo":567,"ayatText":"ثُمَّ الْجَحٖيمَ صَلُّوهُۙ","ayatMealText":{"tr":"\"Sonra cehenneme atın onu.\"","nl":"En doet hem in Djahîm (de Hel) binnengaan.","en":"then burn them in Hell"},"surah":null},{"id":5355,"surahId":69,"ayatId":32,"ayatNo":"٣٢","pageNo":567,"ayatText":"ثُمَّ فٖي سِلْسِلَةٍ ذَرْعُهَا سَبْعُونَ ذِرَاعاً فَاسْلُكُوهُؕ","ayatMealText":{"tr":"\"Sonra da boyu yetmiş arşın zincir içerisinde onu oraya sokun.\"","nl":"Voert hem daarna binnen in ketenen waarvan de lengte zeventig ellen is.''","en":"then tie them up with chains seventy arms long"},"surah":null},{"id":5356,"surahId":69,"ayatId":33,"ayatNo":"٣٣","pageNo":567,"ayatText":"اِنَّهُ كَانَ لَا يُؤْمِنُ بِاللّٰهِ الْعَظٖيمِۙ","ayatMealText":{"tr":"Çünkü o, büyük Allah'a inanmıyordu.","nl":"Voorwaar, hij geloofde niet in Allah, de Geweldige.","en":"For they never had faith in Allah, the Greatest"},"surah":null},{"id":5357,"surahId":69,"ayatId":34,"ayatNo":"٣٤","pageNo":567,"ayatText":"وَلَا يَحُضُّ عَلٰى طَعَامِ الْمِسْكٖينِؕ","ayatMealText":{"tr":"Yoksula yedirmeye teşvik etmiyordu.","nl":"En hij moedigde niet aan tot het voeden van de armen.","en":"nor encouraged the feeding of the poor"},"surah":null}]}