{"juzNo":29,"pageNo":568,"arCuzNo":"۲۹","arPageNo":"٥٦۸","quranAyats":[{"id":5358,"surahId":69,"ayatId":35,"ayatNo":"٣٥","pageNo":568,"ayatText":"فَلَيْسَ لَهُ الْيَوْمَ هٰهُنَا حَمٖيمٌۙ","ayatMealText":{"tr":"Bu sebeple bugün burada onun candan bir dostu yoktur.","nl":"Op deze Dag heeft hij hier geen trouwe vriend.","en":"So this Day they will have no close friend here"},"surah":{"surahId":69,"name":"Hâkka","nameAr":"الْحَاقَّةِ","revelationOrder":78,"verseCount":52,"juzNo":29,"firstPage":566}},{"id":5359,"surahId":69,"ayatId":36,"ayatNo":"٣٦","pageNo":568,"ayatText":"وَلَا طَعَامٌ اِلَّا مِنْ غِسْلٖينٍۙ","ayatMealText":{"tr":"Bir irinden başka yiyecek de yok.","nl":"En er is geen voedsel den etter.","en":"nor any food except ˹oozing˺ pus"},"surah":null},{"id":5360,"surahId":69,"ayatId":37,"ayatNo":"٣٧","pageNo":568,"ayatText":"لَا يَأْكُلُهُٓ اِلَّا الْخَاطِؤُ۫نَࣖ","ayatMealText":{"tr":"Onu günahkârlardan başkası yemez.","nl":"Niemand eet dat dan de zondaren.","en":"which none will eat except the evildoers.”"},"surah":null},{"id":5361,"surahId":69,"ayatId":38,"ayatNo":"٣٨","pageNo":568,"ayatText":"فَلَٓا اُقْسِمُ بِمَا تُبْصِرُونَۙ","ayatMealText":{"tr":"Andolsun gördüklerinize,","nl":"Zo waarlijk zweer Ik bij wat jullie zien.","en":"Now, I do swear by whatever you see"},"surah":null},{"id":5362,"surahId":69,"ayatId":39,"ayatNo":"٣٩","pageNo":568,"ayatText":"وَمَا لَا تُبْصِرُونَۙ","ayatMealText":{"tr":"Ve görmediklerinize..","nl":"En bij wat jullie niet zien.","en":"and whatever you cannot see"},"surah":null},{"id":5363,"surahId":69,"ayatId":40,"ayatNo":"٤٠","pageNo":568,"ayatText":"اِنَّهُ لَقَوْلُ رَسُولٍ كَرٖيمٍۚ","ayatMealText":{"tr":"Kuşkusuz Kur'ân, şerefli bir peygamberin (Allah'tan) getirdiği sözdür.","nl":"Voorwaar, het is zeker het Woord (verkondigd door) een nobele Boodschapper.","en":"Indeed, this ˹Quran˺ is the recitation of a noble Messenger"},"surah":null},{"id":5364,"surahId":69,"ayatId":41,"ayatNo":"٤١","pageNo":568,"ayatText":"وَمَا هُوَ بِقَوْلِ شَاعِرٍؕ قَلٖيلاً مَا تُـؤْمِنُونَۙ","ayatMealText":{"tr":"O bir şair sözü değildir, siz çok az inanıyorsunuz.","nl":"En het is niet het woord van een dichter. Weinig is het dat jullie geloven.","en":"It is not the prose of a poet ˹as you claim˺, ˹yet˺ you hardly have any faith"},"surah":null},{"id":5365,"surahId":69,"ayatId":42,"ayatNo":"٤٢","pageNo":568,"ayatText":"وَلَا بِقَوْلِ كَاهِنٍؕ قَلٖيلاً مَا تَذَكَّرُونَؕ","ayatMealText":{"tr":"Bir kâhin sözü de değildir, ne de az düşünüyorsunuz!","nl":"En het is niet het woord van een waarzegger. Weinig is de lering die jullie er uit trekken.","en":"Nor is it the mumbling of a fortune-teller, ˹yet˺ you are hardly mindful"},"surah":null},{"id":5366,"surahId":69,"ayatId":43,"ayatNo":"٤٣","pageNo":568,"ayatText":"تَنْزٖيلٌ مِنْ رَبِّ الْعَالَمٖينَ","ayatMealText":{"tr":"O, âlemlerin Rabbi tarafından indirilmedir.","nl":"(Het is) een neerzending van de Heer der Werelden.","en":"˹It is˺ a revelation from the Lord of all worlds"},"surah":null},{"id":5367,"surahId":69,"ayatId":44,"ayatNo":"٤٤","pageNo":568,"ayatText":"وَلَوْ تَقَوَّلَ عَلَيْنَا بَعْضَ الْاَقَاوٖيلِۙ","ayatMealText":{"tr":"O, bize isnâden bazı sözler uydurmaya kalkışsaydı,","nl":"En als hij (Moehammad) een paar woorden had verzonnen in Onze Naam.","en":"Had the Messenger made up something in Our Name"},"surah":null},{"id":5368,"surahId":69,"ayatId":45,"ayatNo":"٤٥","pageNo":568,"ayatText":"لَاَخَذْنَا مِنْهُ بِالْيَمٖينِۙ","ayatMealText":{"tr":"Elbette biz onu bundan dolayı kuvvetle yakalardık.","nl":"Dan zouden Wij hem met kracht gegrepen hebben.","en":"We would have certainly seized him by his right hand"},"surah":null},{"id":5369,"surahId":69,"ayatId":46,"ayatNo":"٤٦","pageNo":568,"ayatText":"ثُمَّ لَقَطَعْنَا مِنْهُ الْوَتٖينَؗ","ayatMealText":{"tr":"Sonra da onun şah damarını keser atardık.","nl":"En dan zouden Wij zijn hartslagader doorgesneden hebben.","en":"then severed his aorta"},"surah":null},{"id":5370,"surahId":69,"ayatId":47,"ayatNo":"٤٧","pageNo":568,"ayatText":"فَمَا مِنْكُمْ مِنْ اَحَدٍ عَنْهُ حَاجِزٖينَ","ayatMealText":{"tr":"O vakit sizden hiçbiriniz ona siper de olamazdınız.","nl":"En niemand van jullie zou dat voor hem kunnen verhinderen.","en":"and none of you could have shielded him ˹from Us˺"},"surah":null},{"id":5371,"surahId":69,"ayatId":48,"ayatNo":"٤٨","pageNo":568,"ayatText":"وَاِنَّهُ لَتَذْكِرَةٌ لِلْمُتَّقٖينَ","ayatMealText":{"tr":"O hiç kuşkusuz, takva sahipleri için unutulmayacak bir öğüttür.","nl":"En voorwaar, hij (de Koran) is zeker een Vermaning voor de Moettaqôen.","en":"Indeed, this ˹Quran˺ is a reminder to those mindful ˹of Allah˺"},"surah":null},{"id":5372,"surahId":69,"ayatId":49,"ayatNo":"٤٩","pageNo":568,"ayatText":"وَاِنَّا لَنَعْلَمُ اَنَّ مِنْكُمْ مُكَذِّبٖينَ","ayatMealText":{"tr":"Bununla beraber biz biliyoruz ki sizden inanmayanlar var.","nl":"En voorwaar, Wij kennen zeker de loochenaars onder jullie.","en":"And We certainly know that some of you will persist in denial"},"surah":null},{"id":5373,"surahId":69,"ayatId":50,"ayatNo":"٥٠","pageNo":568,"ayatText":"وَاِنَّهُ لَحَسْرَةٌ عَلَى الْكَافِرٖينَ","ayatMealText":{"tr":"Kuşkusuz bu Kur'ân kafirler için bir pişmanlık vesilesidir.","nl":"En voorwaar, hij (de Koran) zal voor de ongelovigen zeker een oorzaak van spijt zijn.","en":"and it will surely be a source of regret for the disbelievers"},"surah":null},{"id":5374,"surahId":69,"ayatId":51,"ayatNo":"٥١","pageNo":568,"ayatText":"وَاِنَّهُ لَحَقُّ الْيَقٖينِ","ayatMealText":{"tr":"Gerçekten o, şüphe götürmez bir bilgidir.","nl":"En voorwaar, het is een zekere Waarheid.","en":"And indeed, this ˹Quran˺ is the absolute truth"},"surah":null},{"id":5375,"surahId":69,"ayatId":52,"ayatNo":"٥٢","pageNo":568,"ayatText":"فَسَبِّحْ بِاسْمِ رَبِّكَ الْعَظٖيمِ","ayatMealText":{"tr":"O halde, haydi tesbih et Rabbinin yüce ismiyle","nl":"Prijs daarom de Naam van jouw Heer, de Geweldige.","en":"So glorify the Name of your Lord, the Greatest"},"surah":null},{"id":5376,"surahId":70,"ayatId":1,"ayatNo":"١","pageNo":568,"ayatText":"سَاَلَ سَٓائِلٌ بِعَذَابٍ وَاقِعٍۙ","ayatMealText":{"tr":"Bir isteyen, olacak azabı istedi.","nl":"Een vraagsteller vroeg over een bestraffing die vallen zal.","en":"A challenger has demanded a punishment bound to come"},"surah":{"surahId":70,"name":"Meâric","nameAr":"الْمَعَارِجِ","revelationOrder":79,"verseCount":44,"juzNo":29,"firstPage":568}},{"id":5377,"surahId":70,"ayatId":2,"ayatNo":"٢","pageNo":568,"ayatText":"لِلْكَافِرٖينَ لَيْسَ لَهُ دَافِـعٌۙ","ayatMealText":{"tr":"Kâfirler için onu savacak yok.","nl":"Voor de ongelovigen is er geen afweer tegen.","en":"for the disbelievers—to be averted by none—"},"surah":null},{"id":5378,"surahId":70,"ayatId":3,"ayatNo":"٣","pageNo":568,"ayatText":"مِنَ اللّٰهِ ذِي الْمَعَارِجِؕ","ayatMealText":{"tr":"O, derece ve makamların sahibi Allah'tandır.","nl":"(Die komt) van Allah, de Bezitter van de trappen.","en":"from Allah, Lord of pathways of ˹heavenly˺ ascent"},"surah":null},{"id":5379,"surahId":70,"ayatId":4,"ayatNo":"٤","pageNo":568,"ayatText":"تَعْرُجُ الْمَلٰٓئِكَةُ وَالرُّوحُ اِلَيْهِ فٖي يَوْمٍ كَانَ مِقْدَارُهُ خَمْسٖينَ اَلْفَ سَنَةٍۚ","ayatMealText":{"tr":"Melekler ve Ruh miktarı ellibin yıl süren bir gün içinde ona çıkar.","nl":"(Waarvandaan) de Engelen en de Geest (Djibrîl) tot Hem opstijgen in een dag waarvan de maat vijftigduizend jaren is.","en":"˹through which˺ the angels and the ˹holy˺ spirit will ascend to Him on a Day fifty thousand years in length"},"surah":null},{"id":5380,"surahId":70,"ayatId":5,"ayatNo":"٥","pageNo":568,"ayatText":"فَاصْبِرْ صَبْراً جَمٖيلاً","ayatMealText":{"tr":"O halde güzel bir sabır ile sabret.","nl":"Volhard daarom geduldig op gepaste wijze.","en":"So endure ˹this denial, O Prophet,˺ with beautiful patience"},"surah":null},{"id":5381,"surahId":70,"ayatId":6,"ayatNo":"٦","pageNo":568,"ayatText":"اِنَّهُمْ يَرَوْنَهُ بَعٖيداًۙ","ayatMealText":{"tr":"Çünkü onlar onu uzak görürler.","nl":"Voorwaar, zij zien haar (de bestraffing) van ver weg.","en":"They truly see this ˹Day˺ as impossible"},"surah":null},{"id":5382,"surahId":70,"ayatId":7,"ayatNo":"٧","pageNo":568,"ayatText":"وَنَرٰيهُ قَرٖيباًؕ","ayatMealText":{"tr":"Biz ise onu yakın görüyoruz.","nl":"Maar Wij zien haar van nabij.","en":"but We see it as inevitable"},"surah":null},{"id":5383,"surahId":70,"ayatId":8,"ayatNo":"٨","pageNo":568,"ayatText":"يَوْمَ تَكُونُ السَّمَٓاءُ كَالْمُهْلِۙ","ayatMealText":{"tr":"O gün gök erimiş bir maden gibi olur.","nl":"Op die Dag zal de hemel als gesmolten metaal zijn.","en":"On that Day the sky will be like molten brass"},"surah":null},{"id":5384,"surahId":70,"ayatId":9,"ayatNo":"٩","pageNo":568,"ayatText":"وَتَكُونُ الْجِبَالُ كَالْعِهْنِۙ","ayatMealText":{"tr":"Dağlar da atılmış renkli yün gibi olur.","nl":"En zullen de bergen als (vlokken) wol zijn.","en":"and the mountains like ˹tufts of˺ wool"},"surah":null},{"id":5385,"surahId":70,"ayatId":10,"ayatNo":"١٠","pageNo":568,"ayatText":"وَلَا يَسْـَٔلُ حَمٖيمٌ حَمٖيماًۚ","ayatMealText":{"tr":"Dost dostun halini soramaz.","nl":"En geen trouwe vriend zal naar een (andere) trouwe vriend vragen.","en":"And no close friend will ask ˹about˺ their friends"},"surah":null}]}