{"juzNo":29,"pageNo":569,"arCuzNo":"۲۹","arPageNo":"٥٦۹","quranAyats":[{"id":5386,"surahId":70,"ayatId":11,"ayatNo":"١١","pageNo":569,"ayatText":"يُبَصَّرُونَهُمْؕ يَوَدُّ الْمُجْرِمُ لَوْ يَفْتَدٖي مِنْ عَذَابِ يَوْمِئِذٍ بِبَنٖيهِۙ","ayatMealText":{"tr":"Birbirlerine gösterilirler. Suçlu o günün azabından kurtulmak için fidye vermek ister; oğullarını,","nl":"Zij kijken naar elkaar. De misdadiger zal wensen dat hij zich van de bestraffing van die Dag kan vrijkopen met zijn kinderen.","en":"˹although˺ they will be made to see each other. The wicked will wish to ransom themselves from the punishment of that Day by their children"},"surah":{"surahId":70,"name":"Meâric","nameAr":"الْمَعَارِجِ","revelationOrder":79,"verseCount":44,"juzNo":29,"firstPage":568}},{"id":5387,"surahId":70,"ayatId":12,"ayatNo":"١٢","pageNo":569,"ayatText":"وَصَاحِبَتِهٖ وَاَخٖيهِۙ","ayatMealText":{"tr":"Eşini ve kardeşini,","nl":"En met zijn vrouw en zijn broeder.","en":"their spouses, their siblings"},"surah":null},{"id":5388,"surahId":70,"ayatId":13,"ayatNo":"١٣","pageNo":569,"ayatText":"وَفَصٖيلَتِهِ الَّتٖي تُـْٔوٖيهِۙ","ayatMealText":{"tr":"Kendisini barındıran, içinde yetiştiği tüm ailesini,","nl":"En zijn bloedverwanten die hem verzorgden.","en":"their clan that sheltered them"},"surah":null},{"id":5389,"surahId":70,"ayatId":14,"ayatNo":"١٤","pageNo":569,"ayatText":"وَمَنْ فِي الْاَرْضِ جَمٖيعاًۙ ثُمَّ يُنْجٖيهِۙ","ayatMealText":{"tr":"Ve yeryüzünde bulunanların hepsini ki, tek kendini kurtarabilsin.","nl":"En (hij wenst dat) allen die er op aarde zijn hem dan redden.","en":"and everyone on earth altogether, just to save themselves"},"surah":null},{"id":5390,"surahId":70,"ayatId":15,"ayatNo":"١٥","pageNo":569,"ayatText":"كَلَّاؕ اِنَّهَا لَظٰىۙ","ayatMealText":{"tr":"Hayır, o alevlenen bir ateştir.","nl":"Nee, beslist niet! Voorwaar, zij is de Lazhâ (de Hel).","en":"But no! There will certainly be a raging Flame"},"surah":null},{"id":5391,"surahId":70,"ayatId":16,"ayatNo":"١٦","pageNo":569,"ayatText":"نَزَّاعَةً لِلشَّوٰىۚ","ayatMealText":{"tr":"Derileri kavurur, soyar.","nl":"Die de hoofdhuid wegrukt.","en":"ripping off scalps"},"surah":null},{"id":5392,"surahId":70,"ayatId":17,"ayatNo":"١٧","pageNo":569,"ayatText":"تَدْعُوا مَنْ اَدْبَرَ وَتَوَلّٰىۙ","ayatMealText":{"tr":"Çağırır, sırtını dönüp gideni,","nl":"Zij roept wie zijn rug toekeerde en zich afwendde.","en":"It will summon whoever turned their backs ˹on Allah˺ and turned away ˹from the truth˺"},"surah":null},{"id":5393,"surahId":70,"ayatId":18,"ayatNo":"١٨","pageNo":569,"ayatText":"وَجَمَعَ فَاَوْعٰى","ayatMealText":{"tr":"Mal toplayıp kasada yığanı,","nl":"Die (rijkdommen) verzamelde en achterhield.","en":"and gathered and hoarded ˹wealth˺"},"surah":null},{"id":5394,"surahId":70,"ayatId":19,"ayatNo":"١٩","pageNo":569,"ayatText":"اِنَّ الْاِنْسَانَ خُلِقَ هَلُوعاًۙ","ayatMealText":{"tr":"Doğrusu insan dayanıksız ve huysuz yaratılmıştır.","nl":"Voorwaar, de mens is onstandvastig geschapen.","en":"Indeed, humankind was created impatient"},"surah":null},{"id":5395,"surahId":70,"ayatId":20,"ayatNo":"٢٠","pageNo":569,"ayatText":"اِذَا مَسَّهُ الشَّرُّ جَزُوعاًۙ","ayatMealText":{"tr":"Kendisine kötülük dokundu mu sızlanır.","nl":"Als het kwade hem treft is hij teneergeslagen.","en":"distressed when touched with evil"},"surah":null},{"id":5396,"surahId":70,"ayatId":21,"ayatNo":"٢١","pageNo":569,"ayatText":"وَاِذَا مَسَّهُ الْخَيْرُ مَنُوعاًۙ","ayatMealText":{"tr":"Kendisine hayır dokundu mu cimrilik eder.","nl":"En als het goede hem overkomt, is hij gierig.","en":"and withholding when touched with good—"},"surah":null},{"id":5397,"surahId":70,"ayatId":22,"ayatNo":"٢٢","pageNo":569,"ayatText":"اِلَّا الْمُصَلّٖينَۙ","ayatMealText":{"tr":"Ancak namaz kılanlar bunun dışındadır.","nl":"Behalve degenen die de shalât verrichten.","en":"except those who pray"},"surah":null},{"id":5398,"surahId":70,"ayatId":23,"ayatNo":"٢٣","pageNo":569,"ayatText":"اَلَّذٖينَ هُمْ عَلٰى صَلَاتِهِمْ دَٓائِمُونَࣕ","ayatMealText":{"tr":"Onlar ki namazlarını sürekli kılarlar.","nl":"Degenen die hun shalât blijven onderhouden.","en":"consistently performing their prayers"},"surah":null},{"id":5399,"surahId":70,"ayatId":24,"ayatNo":"٢٤","pageNo":569,"ayatText":"وَالَّذٖينَ فٖٓي اَمْوَالِهِمْ حَقٌّ مَعْلُومٌۙ","ayatMealText":{"tr":"Onların mallarında belli bir hak vardır,","nl":"En degenen in wier bezittingen een rechtmatig deel is.","en":"and who give the rightful share of their wealth"},"surah":null},{"id":5400,"surahId":70,"ayatId":25,"ayatNo":"٢٥","pageNo":569,"ayatText":"لِلسَّٓائِلِ وَالْمَحْرُومِࣕ","ayatMealText":{"tr":"Hem isteyen için, hem de istemekten utanan yoksul için.","nl":"Voor de bedelaar en de behoeftige die niet bedelt.","en":"to the beggar and the poor"},"surah":null},{"id":5401,"surahId":70,"ayatId":26,"ayatNo":"٢٦","pageNo":569,"ayatText":"وَالَّذٖينَ يُصَدِّقُونَ بِيَوْمِ الدّٖينِࣕ","ayatMealText":{"tr":"Onlar ki ceza gününü tasdik ederler.","nl":"En degenen die van de Dag des Oordeels overtuigd zijn.","en":"and who ˹firmly˺ believe in the Day of Judgment"},"surah":null},{"id":5402,"surahId":70,"ayatId":27,"ayatNo":"٢٧","pageNo":569,"ayatText":"وَالَّذٖينَ هُمْ مِنْ عَذَابِ رَبِّهِمْ مُشْفِقُونَۚ","ayatMealText":{"tr":"Rablerinin azabından korkarlar.","nl":"En degenen die de bestraffing van hun Heer vrezen.","en":"and those who fear the punishment of their Lord—"},"surah":null},{"id":5403,"surahId":70,"ayatId":28,"ayatNo":"٢٨","pageNo":569,"ayatText":"اِنَّ عَذَابَ رَبِّهِمْ غَيْرُ مَأْمُونٍۚ","ayatMealText":{"tr":"Çünkü Rablerinin azabından emin olunmaz.","nl":"Voorwaar, voor de bestraffing van hun Heer is niemand veilig.","en":"˹knowing that˺ none should feel secure from their Lord’s punishment—"},"surah":null},{"id":5404,"surahId":70,"ayatId":29,"ayatNo":"٢٩","pageNo":569,"ayatText":"وَالَّذٖينَ هُمْ لِفُرُوجِهِمْ حَافِظُونَۙ","ayatMealText":{"tr":"Onlar ki ırzlarını korurlar.","nl":"En degenen die over hun kuisheid waken.","en":"and those who guard their chastity"},"surah":null},{"id":5405,"surahId":70,"ayatId":30,"ayatNo":"٣٠","pageNo":569,"ayatText":"اِلَّا عَلٰٓى اَزْوَاجِهِمْ اَوْ مَا مَلَكَتْ اَيْمَانُهُمْ فَاِنَّهُمْ غَيْرُ مَلُومٖينَۚ","ayatMealText":{"tr":"Ancak zevcelerine ve cariyelerine karşı hariç. Çünkü onlara yaklaştıklarında kınanmazlar.","nl":"Behalve bij hun vrouwen en de slaven waarover zij beschikken, er wordt hen dan niets verweten.","en":"except with their wives or those ˹bondwomen˺ in their possession, for then they are free from blame"},"surah":null},{"id":5406,"surahId":70,"ayatId":31,"ayatNo":"٣١","pageNo":569,"ayatText":"فَمَنِ ابْتَغٰى وَرَٓاءَ ذٰلِكَ فَاُو۬لٰٓئِكَ هُمُ الْعَادُونَۚ","ayatMealText":{"tr":"Bundan ötesini isteyenler, var ya işte onlar haddi aşanlardır.","nl":"Wie dan daarnaast nog iets zoekt: zij zijn degenen die de overtreders zijn.","en":"but whoever seeks beyond that are the transgressors"},"surah":null},{"id":5407,"surahId":70,"ayatId":32,"ayatNo":"٣٢","pageNo":569,"ayatText":"وَالَّذٖينَ هُمْ لِاَمَانَاتِهِمْ وَعَهْدِهِمْ رَاعُونَࣕ","ayatMealText":{"tr":"Onlar emanetlerini ve ahitlerini gözetirler.","nl":"En degenen die over het hun toevertrouwde (Amânah) en hun beloften waken.","en":"˹The faithful are˺ also those who are true to their trusts and covenants"},"surah":null},{"id":5408,"surahId":70,"ayatId":33,"ayatNo":"٣٣","pageNo":569,"ayatText":"وَالَّذٖينَ هُمْ بِشَهَادَاتِهِمْ قَٓائِمُونَࣕ","ayatMealText":{"tr":"Şahitliklerinde dürüsttürler.","nl":"En degenen die trouw zijn bij hun getuigenissen.","en":"and who are honest in their testimony"},"surah":null},{"id":5409,"surahId":70,"ayatId":34,"ayatNo":"٣٤","pageNo":569,"ayatText":"وَالَّذٖينَ هُمْ عَلٰى صَلَاتِهِمْ يُحَافِظُونَؕ","ayatMealText":{"tr":"Namazlarına devam ederler.","nl":"En degenen die waken over hun shalât.","en":"and who are ˹properly˺ observant of their prayers"},"surah":null},{"id":5410,"surahId":70,"ayatId":35,"ayatNo":"٣٥","pageNo":569,"ayatText":"اُو۬لٰٓئِكَ فٖي جَنَّاتٍ مُكْرَمُونَؕࣖ","ayatMealText":{"tr":"İşte bunlar cennetlerde ağırlanırlar.","nl":"Zij zijn degenen die in de Tuinen (het Paradijs) geëerd zullen worden.","en":"These will be in Gardens, held in honour"},"surah":null},{"id":5411,"surahId":70,"ayatId":36,"ayatNo":"٣٦","pageNo":569,"ayatText":"فَمَا لِ‌الَّذٖينَ كَفَرُوا قِبَلَكَ مُهْطِعٖينَۙ","ayatMealText":{"tr":"Şimdi ne oluyor o inkâr edenlere ki, sana doğru boyunlarını uzatarak koşuyorlar:","nl":"Wat is er met degenen die niet geloven, dat zij zich naar jou haasten?","en":"So what is the matter with the disbelievers that they rush ˹head-long˺ towards you ˹O Prophet˺"},"surah":null},{"id":5412,"surahId":70,"ayatId":37,"ayatNo":"٣٧","pageNo":569,"ayatText":"عَنِ الْيَمٖينِۙ وَعَنِ الشِّمَالِ عِزٖينَ","ayatMealText":{"tr":"Sağdan ve soldan bölük bölük.","nl":"Van rechts en van links, in groepen?","en":"from the right and the left, in groups ˹to mock you˺"},"surah":null},{"id":5413,"surahId":70,"ayatId":38,"ayatNo":"٣٨","pageNo":569,"ayatText":"اَيَطْمَعُ كُلُّ امْرِئٍ مِنْهُمْ اَنْ يُدْخَلَ جَنَّةَ نَعٖيمٍۙ","ayatMealText":{"tr":"Onlardan herbiri, bir nimet cennetine sokulacağını mı umuyor?","nl":"Wenst een ieder van hen dat hij de Tuin der gelukzaligheid (het Paradijs) binnengevoerd wordt?","en":"Does every one of them expect to be admitted into a Garden of Bliss"},"surah":null},{"id":5414,"surahId":70,"ayatId":39,"ayatNo":"٣٩","pageNo":569,"ayatText":"كَلَّاؕ اِنَّا خَلَقْنَاهُمْ مِمَّا يَعْلَمُونَ","ayatMealText":{"tr":"Hayır, biz onları bildikleri şeyden yarattık.","nl":"Nee! Voorwaar, Wij hebben hen geschapen van wat zij weten.","en":"But no! Indeed, they ˹already˺ know what We created them from"},"surah":null}]}