{"juzNo":3,"pageNo":57,"arCuzNo":"۳","arPageNo":"٥۷","quranAyats":[{"id":346,"surahId":3,"ayatId":53,"ayatNo":"٥٣","pageNo":57,"ayatText":"رَبَّنَٓا اٰمَنَّا بِمَٓا اَنْزَلْتَ وَاتَّبَعْنَا الرَّسُولَ فَاكْتُبْنَا مَعَ الشَّاهِدٖينَ","ayatMealText":{"tr":"Ey Rabbimiz, senin indirdiğine iman ettik, o peygambere de uyduk. Artık bizi şahidlerle beraber yaz.","nl":"Onze Heer, wij geloven in wat U neergezonden hebt en wij volgen de Boodschapper en schrijf ons daarom op bij de getuigen (van de Eenheid van Allah).\"","en":"˹They prayed to Allah,˺ “Our Lord! We believe in Your revelations and follow the messenger, so count us among those who bear witness.”"},"surah":{"surahId":3,"name":"Âl-i İmrân","nameAr":"اٰلِ عِمْرٰنَ","revelationOrder":89,"verseCount":200,"juzNo":3,"firstPage":50}},{"id":347,"surahId":3,"ayatId":54,"ayatNo":"٥٤","pageNo":57,"ayatText":"وَمَكَرُوا وَمَكَرَ اللّٰهُؕ وَاللّٰهُ خَيْرُ الْمَاكِرٖينَࣖ","ayatMealText":{"tr":"Onlar hileye başvurdular, Allah da onların tuzağını boşa çıkardı. Allah hileleri boşa çıkaranların en hayırlısıdır.","nl":"En zji (de ongelovigen) beraamden listen en Allah maakte plannen en Allah is de beste van hen die plannen maken.","en":"And the disbelievers made a plan ˹against Jesus˺, but Allah also planned—and Allah is the best of planners"},"surah":null},{"id":348,"surahId":3,"ayatId":55,"ayatNo":"٥٥","pageNo":57,"ayatText":"اِذْ قَالَ اللّٰهُ يَا عٖيسٰٓى اِنّٖي مُتَوَفّٖيكَ وَرَافِعُكَ اِلَيَّ وَمُطَهِّرُكَ مِنَ الَّذٖينَ كَفَرُوا وَجَاعِلُ الَّذٖينَ اتَّبَعُوكَ فَوْقَ الَّذٖينَ كَفَرُٓوا اِلٰى يَوْمِ الْقِيٰمَةِۚ ثُمَّ اِلَيَّ مَرْجِعُكُمْ فَاَحْكُمُ بَيْنَكُمْ فٖيمَا كُنْتُمْ فٖيهِ تَخْتَلِفُونَ","ayatMealText":{"tr":"O zaman Allah şöyle dedi: \"Ey İsa, şüphesiz ki seni öldüreceğim, seni kendime yükselteceğim ve seni inkârcılardan temizleyeceğim. Hem sana uyanları, kıyamete kadar o küfredenlerin üstünde tutacağım. Sonra dönüşünüz banadır, ayrılığa düştüğünüz hususlarda aranızda hükmedeceğim\".","nl":"En toen Allah zei: \"O 'Îsa, voorwaar, Ik zal jou (tot Mij) nemen en Ik zal jou (tot Mij) opheffen en jou reinigen van degenen die ongelovig zijn en Ik zal degenen die jou volgen boven degenen die ongelovig zijn stellen, tot de Dag der Opstanding. Daarna zal de terugkeer tot Mij zijn en daarna zal Ik onder jullie rechtspreken over dat waarover jullie plachten de redetwistten.","en":"˹Remember˺ when Allah said, “O Jesus! I will take you and raise you up to Myself. I will deliver you from those who disbelieve, and elevate your followers above the disbelievers until the Day of Judgment. Then to Me you will ˹all˺ return, and I will settle all your disputes"},"surah":null},{"id":349,"surahId":3,"ayatId":56,"ayatNo":"٥٦","pageNo":57,"ayatText":"فَاَمَّا الَّذٖينَ كَفَرُوا فَاُعَذِّبُهُمْ عَذَاباً شَدٖيداً فِي الدُّنْيَا وَالْاٰخِرَةِؗ وَمَا لَهُمْ مِنْ نَاصِرٖينَ","ayatMealText":{"tr":"\"İnkâr edenlere gelince, onlara dünyada da, ahirette de şiddetli bir şekilde azab edeceğim, onların hiçbir yardımcıları da olmayacaktır\".","nl":"En wat degenen die ongelovig zijn betreft: hen zal Ik op de wereld en (in) het Hiernamaals met een strenge bestraffing straffen en er zullen voor hen geen helpers zijn.","en":"As for those who disbelieve, I will subject them to a severe punishment in this life and the Hereafter, and they will have no helpers"},"surah":null},{"id":350,"surahId":3,"ayatId":57,"ayatNo":"٥٧","pageNo":57,"ayatText":"وَاَمَّا الَّذٖينَ اٰمَنُوا وَعَمِلُوا الصَّالِحَاتِ فَيُوَفّٖيهِمْ اُجُورَهُمْؕ وَاللّٰهُ لَا يُحِبُّ الظَّالِمٖينَ","ayatMealText":{"tr":"\"İman edip iyi işler yapanlara gelince, Allah onların mükafatlarını tastamam verecektir. Allah zalimleri sevmez\".","nl":"En wat degenen die gelovig zijn en goede werken verrichten betreft; Allah zal hUn hun (volledige) beloning schenken, en Allah houdt niet van de onrechtvaardigen.","en":"And as for those who believe and do good, they will be rewarded in full. And Allah does not like the wrongdoers.”"},"surah":null},{"id":351,"surahId":3,"ayatId":58,"ayatNo":"٥٨","pageNo":57,"ayatText":"ذٰلِكَ نَتْلُوهُ عَلَيْكَ مِنَ الْاٰيَاتِ وَالذِّكْرِ الْحَكٖيمِ","ayatMealText":{"tr":"İşte bu sana okuduğumuz, âyetlerden ve hikmetli Kur'ân'dandır.","nl":"Zo dragen Wij jou voor van de Tekenen en de wijze Vermaning (de Koran).","en":"We recite ˹all˺ this to you ˹O Prophet˺ as one of the signs and ˹as˺ a wise reminder"},"surah":null},{"id":352,"surahId":3,"ayatId":59,"ayatNo":"٥٩","pageNo":57,"ayatText":"اِنَّ مَثَلَ عٖيسٰى عِنْدَ اللّٰهِ كَمَثَلِ اٰدَمَؕ خَلَقَهُ مِنْ تُرَابٍ ثُمَّ قَالَ لَهُ كُنْ فَيَكُونُ","ayatMealText":{"tr":"Doğrusu Allah katında İsa'nın (yaratılışındaki) durumu, Âdem'in durumu gibidir; onu topraktan yarattı, sonra ona \"ol!\" dedi, o da oluverdi.","nl":"Voorwaar, de gelijkenis (van de schepping) van 'Îsa is bij Allah als de gelijkenis (van de schepping) van Adam. Hij schiep hem uit aarde en zei vervolgens tot hem: 'Wees', en hij was.","en":"Indeed, the example of Jesus in the sight of Allah is like that of Adam. He created him from dust, then said to him, “Be!” And he was"},"surah":null},{"id":353,"surahId":3,"ayatId":60,"ayatNo":"٦٠","pageNo":57,"ayatText":"اَلْحَقُّ مِنْ رَبِّكَ فَلَا تَكُنْ مِنَ الْمُمْتَرٖينَ","ayatMealText":{"tr":"Bu hak (gerçek) senin rabbindendir, o halde şüphecilerden olma.","nl":"Waarheid komt van jouw Heer en behoort niet tot degenen die twijfelen.","en":"This is the truth from your Lord, so do not be one of those who doubt"},"surah":null},{"id":354,"surahId":3,"ayatId":61,"ayatNo":"٦١","pageNo":57,"ayatText":"فَمَنْ حَٓاجَّكَ فٖيهِ مِنْ بَعْدِ مَا جَٓاءَكَ مِنَ الْعِلْمِ فَقُلْ تَعَالَوْا نَدْعُ اَبْنَٓاءَنَا وَاَبْنَٓاءَكُمْ وَنِسَٓاءَنَا وَنِسَٓاءَكُمْ وَاَنْفُسَنَا وَاَنْفُسَكُمْ ثُمَّ نَبْتَهِلْ فَنَجْعَلْ لَعْنَتَ اللّٰهِ عَلَى الْكَاذِبٖينَ","ayatMealText":{"tr":"Sana (gerekli) bilgi geldikten sonra artık kim bu konuda seninle tartışacak olursa, de ki: \"Gelin, oğullarımızı ve oğullarınızı, kadınlarımızı ve kadınlarınızı, kendimizi ve kendinizi çağıralım, sonra da lanetleşelim; Allah'ın lanetinin yalancılara olmasını dileyelim\".","nl":"Wie dan met jou (Mohammed) over ('Îsa) redetwist, nadat de kennis tot jou is gekomen, zeg dan: \"Laten wij onze zonen en jullie zonen en onze vruowen en jullie vrouwen en onszelf en julliezelf bijelkaar roepen en dan (gezamenlijk) Allah's vloek afroepen over hen die leigen.\"","en":"Now, whoever disputes with you ˹O Prophet˺ concerning Jesus after full knowledge has come to you, say, “Come! Let us gather our children and your children, our women and your women, ourselves and yourselves—then let us sincerely invoke Allah’s curse upon the liars.”"},"surah":null}]}