{"juzNo":29,"pageNo":574,"arCuzNo":"۲۹","arPageNo":"٥۷٤","quranAyats":[{"id":5476,"surahId":73,"ayatId":1,"ayatNo":"١","pageNo":574,"ayatText":"يَٓا اَيُّهَا الْمُزَّمِّلُۙ","ayatMealText":{"tr":"Ey örtünen! (Peygamber)","nl":"O jij omhulde.","en":"O you wrapped ˹in your clothes˺"},"surah":{"surahId":73,"name":"Müzzemmil","nameAr":"الْمُزَّمِّلِ","revelationOrder":3,"verseCount":20,"juzNo":29,"firstPage":574}},{"id":5477,"surahId":73,"ayatId":2,"ayatNo":"٢","pageNo":574,"ayatText":"قُمِ الَّيْلَ اِلَّا قَلٖيلاًۙ","ayatMealText":{"tr":"Gecenin birazı hariç olmak üzere geceleyin kalk (namaz kıl).","nl":"Sta op in de nacht om de shalât te verrichten, met uitzondering van een kort gedeelte (van de nacht).","en":"Stand all night ˹in prayer˺ except a little—"},"surah":null},{"id":5478,"surahId":73,"ayatId":3,"ayatNo":"٣","pageNo":574,"ayatText":"نِصْفَهُٓ اَوِ انْقُصْ مِنْهُ قَلٖيلاًۙ","ayatMealText":{"tr":"Gecenin yarısında kalk, yahut yarısından biraz eksilt.","nl":"De helft ervan of iets minder dan dat.","en":"˹pray˺ half the night, or a little less"},"surah":null},{"id":5479,"surahId":73,"ayatId":4,"ayatNo":"٤","pageNo":574,"ayatText":"اَوْ زِدْ عَلَيْهِ وَرَتِّلِ الْقُرْاٰنَ تَرْتٖيلاًؕ","ayatMealText":{"tr":"Veya bunu artır ve ağır ağır Kur'ân oku.","nl":"Of maak het iets langer en draag de Koran voor, nauwkeurig.","en":"or a little more—and recite the Quran ˹properly˺ in a measured way"},"surah":null},{"id":5480,"surahId":73,"ayatId":5,"ayatNo":"٥","pageNo":574,"ayatText":"اِنَّا سَنُلْقٖي عَلَيْكَ قَوْلاً ثَقٖيلاًؕ","ayatMealText":{"tr":"Doğrusu biz, senin üzerine ağır bir söz bırakacağız (Kur'an vahyedeceğiz).","nl":"Voorwaar, Wij zullen zware Woorden tot jou neerzenden.","en":"˹For˺ We will soon send upon you a weighty revelation"},"surah":null},{"id":5481,"surahId":73,"ayatId":6,"ayatNo":"٦","pageNo":574,"ayatText":"اِنَّ نَاشِئَةَ الَّيْلِ هِيَ اَشَدُّ وَطْـٔاً وَاَقْوَمُ قٖيلاًؕ","ayatMealText":{"tr":"Çünkü gece kalkışı hem daha etkili, hem de söz bakımından daha sağlamdır.","nl":"Voorwaar, het opstaan in de nacht (om te bidden) is zwaarder en maakt het woord zekerder.","en":"Indeed, worship in the night is more impactful and suitable for recitation"},"surah":null},{"id":5482,"surahId":73,"ayatId":7,"ayatNo":"٧","pageNo":574,"ayatText":"اِنَّ لَكَ فِي النَّهَارِ سَبْحاً طَوٖيلاًؕ","ayatMealText":{"tr":"Çünkü gündüz senin için uzun bir meşguliyet vardır.","nl":"Voorwaar, jij bent overdag belast met vele aangelegenheden.","en":"For during the day you are over-occupied ˹with worldly duties˺"},"surah":null},{"id":5483,"surahId":73,"ayatId":8,"ayatNo":"٨","pageNo":574,"ayatText":"وَاذْكُرِ اسْمَ رَبِّكَ وَتَبَتَّلْ اِلَيْهِ تَبْتٖيلاًؕ","ayatMealText":{"tr":"Rabbinin adını an ve bütün gönlünle ona yönel.","nl":"En gedenk de Naam van jouw Heer en wijd je geheel aan Hem.","en":"˹Always˺ remember the Name of your Lord, and devote yourself to Him wholeheartedly"},"surah":null},{"id":5484,"surahId":73,"ayatId":9,"ayatNo":"٩","pageNo":574,"ayatText":"رَبُّ الْمَشْرِقِ وَالْمَغْرِبِ لَٓا اِلٰهَ اِلَّا هُوَ فَاتَّخِذْهُ وَكٖيلاً","ayatMealText":{"tr":"O, doğunun ve batının Rabbidir. Ondan başka tanrı yoktur. O halde yalnız O'nu vekil tut.","nl":"De Heer van de opgang (van de zon etc.) en de ondergang, geen god is er dan Hij, neem Hem daarom als Beschermer.","en":"˹He is the˺ Lord of the east and the west. There is no god ˹worthy of worship˺ except Him, so take Him ˹alone˺ as a Trustee of Affairs"},"surah":null},{"id":5485,"surahId":73,"ayatId":10,"ayatNo":"١٠","pageNo":574,"ayatText":"وَاصْبِرْ عَلٰى مَا يَقُولُونَ وَاهْجُرْهُمْ هَجْراً جَمٖيلاً","ayatMealText":{"tr":"Başkalarının diyeceklerine sabret, güzellikle onlardan ayrıl.","nl":"En wees geduldig met wat zij zeggen en houd op gepaste wijze afstand van hen.","en":"Be patient ˹O Prophet˺ with what they say, and depart from them courteously"},"surah":null},{"id":5486,"surahId":73,"ayatId":11,"ayatNo":"١١","pageNo":574,"ayatText":"وَذَرْنٖي وَالْمُكَذِّبٖينَ اُو۬لِي النَّعْمَةِ وَمَهِّلْهُمْ قَلٖيلاً","ayatMealText":{"tr":"O yalanlayıcı zevk ve refah sahiplerini bana bırak, onlara biraz mühlet ver.","nl":"En Laat de loochenaars, de bezitters van weelde, aan Mij over, en geef hen nog even uitstel.","en":"And leave to Me the deniers—the people of luxury—and bear with them for a little while"},"surah":null},{"id":5487,"surahId":73,"ayatId":12,"ayatNo":"١٢","pageNo":574,"ayatText":"اِنَّ لَدَيْنَٓا اَنْكَالاً وَجَحٖيماًۙ","ayatMealText":{"tr":"Zira bizim yanımızda bukağılar var, bir cehennem var.","nl":"Voorwaar, bij Ons bevinden zich (voor hen) ketenen en Djahim (de Hel).","en":"˹For˺ We certainly have shackles, a ˹raging˺ Fire"},"surah":null},{"id":5488,"surahId":73,"ayatId":13,"ayatNo":"١٣","pageNo":574,"ayatText":"وَطَعَاماً ذَا غُصَّةٍ وَعَذَاباً اَلٖيماً","ayatMealText":{"tr":"Boğaza duran bir yiyecek, elem verici bir azap var.","nl":"En voedsel dat in de keel blijft steken en een pijnlijke bestraffing.","en":"choking food, and a painful punishment ˹in store for them˺"},"surah":null},{"id":5489,"surahId":73,"ayatId":14,"ayatNo":"١٤","pageNo":574,"ayatText":"يَوْمَ تَرْجُفُ الْاَرْضُ وَالْجِبَالُ وَكَانَتِ الْجِبَالُ كَثٖيباً مَهٖيلاً","ayatMealText":{"tr":"O gün yer ve dağlar sarsılacak, dağlar erimiş bir kum yığınına dönecek.","nl":"Op de Dag waarop de aarde en de bergen heftig zullen beven en de bergen tot uit elkaar geblazen stof zullen worden.","en":"on the Day the earth and mountains will shake ˹violently˺, and mountains will be ˹reduced to˺ dunes of shifting sand"},"surah":null},{"id":5490,"surahId":73,"ayatId":15,"ayatNo":"١٥","pageNo":574,"ayatText":"اِنَّٓا اَرْسَلْـنَٓا اِلَيْكُمْ رَسُولاً شَاهِداً عَلَيْكُمْ كَمَٓا اَرْسَلْـنَٓا اِلٰى فِرْعَوْنَ رَسُولاًؕ","ayatMealText":{"tr":"Doğrusu biz size tanıklık edecek bir elçi gönderdik. Nitekim Firavun'a da bir elçi göndermiştik.","nl":"Voorwaar, Wij hebben een Boodschapper tot jullie gezonden als getuige over jullie, zoals Wij tot Fir'aun een Boodschapper zonden.","en":"Indeed, We have sent to you a messenger as a witness over you, just as We sent a messenger to Pharaoh"},"surah":null},{"id":5491,"surahId":73,"ayatId":16,"ayatNo":"١٦","pageNo":574,"ayatText":"فَعَصٰى فِرْعَوْنُ الرَّسُولَ فَاَخَذْنَاهُ اَخْذاً وَبٖيلاً","ayatMealText":{"tr":"Firavun o elçiye isyan etmişti. Biz de onu ağır bir yakalayışla yakaladık.","nl":"Toen was Fir'aun de Boodschapper ongehoorzaam, waarop Wij hem grepen met een verschrikkelijke greep.","en":"But Pharaoh disobeyed the messenger, so We seized him with a stern grip"},"surah":null},{"id":5492,"surahId":73,"ayatId":17,"ayatNo":"١٧","pageNo":574,"ayatText":"فَكَيْفَ تَتَّقُونَ اِنْ كَفَرْتُمْ يَوْماً يَجْعَلُ الْوِلْدَانَ شٖيباًࣗ","ayatMealText":{"tr":"Peki inkâr ederseniz, çocukları ihtiyarlatacak o günden (kıyamet gününden) kendinizi nasıl kurtaracaksınız?","nl":"Hoe zullen jullie je dan beschermen, als jullie de Dag waarop de kinderen grijsaards worden ontkennen?","en":"If you ˹pagans˺ persist in disbelief, then how will you guard yourselves against ˹the horrors of˺ a Day which will turn children’s hair grey"},"surah":null},{"id":5493,"surahId":73,"ayatId":18,"ayatNo":"١٨","pageNo":574,"ayatText":"اَلسَّمَٓاءُ مُنْفَطِرٌ بِهٖؕ كَانَ وَعْدُهُ مَفْعُولاً","ayatMealText":{"tr":"O günün dehşetinden gök yarılır. Allah'ın sözü kesinlikle gerçekleşmiştir.","nl":"De hemel zal dan gespleten zijn (en) Zijn aanzegging zal zeker uitgevoerd worden.","en":"It will ˹even˺ cause the sky to split apart. His promise ˹of judgment˺ must be fulfilled"},"surah":null},{"id":5494,"surahId":73,"ayatId":19,"ayatNo":"١٩","pageNo":574,"ayatText":"اِنَّ هٰذِهٖ تَذْكِرَةٌۚ فَمَنْ شَٓاءَ اتَّخَذَ اِلٰى رَبِّهٖ سَبٖيلاًࣖ","ayatMealText":{"tr":"İşte bu bir öğüttür. Artık dileyen Rabbine bir yol tutar.","nl":"Voorwaar, dit is een Vermaning en wie wil, laat hem een Weg nemen naar zijn Heer.","en":"Surely this is a reminder. So let whoever wills take the ˹Right˺ Way to their Lord"},"surah":null}]}