{"juzNo":29,"pageNo":575,"arCuzNo":"۲۹","arPageNo":"٥۷٥","quranAyats":[{"id":5495,"surahId":73,"ayatId":20,"ayatNo":"٢٠","pageNo":575,"ayatText":"اِنَّ رَبَّكَ يَعْلَمُ اَنَّكَ تَقُومُ اَدْنٰى مِنْ ثُلُثَيِ الَّيْلِ وَنِصْفَهُ وَثُلُثَهُ وَطَٓائِفَةٌ مِنَ الَّذٖينَ مَعَكَؕ وَاللّٰهُ يُقَدِّرُ الَّيْلَ وَالنَّهَارَؕ عَلِمَ اَنْ لَنْ تُحْصُوهُ فَتَابَ عَلَيْكُمْ فَاقْرَؤُ۫ا مَا تَيَسَّرَ مِنَ الْقُرْاٰنِؕ عَلِمَ اَنْ سَيَكُونُ مِنْكُمْ مَرْضٰىۙ وَاٰخَرُونَ يَضْرِبُونَ فِي الْاَرْضِ يَبْتَغُونَ مِنْ فَضْلِ اللّٰهِۙ وَاٰخَرُونَ يُقَاتِلُونَ فٖي سَبٖيلِ اللّٰهِؗ فَاقْرَؤُ۫ا مَا تَيَسَّرَ مِنْهُۙ وَاَقٖيمُوا الصَّلٰوةَ وَاٰتُوا الزَّكٰوةَ وَاَقْرِضُوا اللّٰهَ قَرْضاً حَسَناًؕ وَمَا تُقَدِّمُوا لِاَنْفُسِكُمْ مِنْ خَيْرٍ تَجِدُوهُ عِنْدَ اللّٰهِ هُوَ خَيْراً وَاَعْظَمَ اَجْراًؕ وَاسْتَغْفِرُوا اللّٰهَؕ اِنَّ اللّٰهَ غَفُورٌ رَحٖيمٌ","ayatMealText":{"tr":"Rabbin, senin gecenin üçte ikisinden daha azında, yarısında ve üçte birinde kalktığını, seninle beraber bulunanlardan bir topluluğun da böyle yaptığını biliyor. Gece ve gündüzü Allah takdir eder. O, sizin onu sayamayacağınızı bildi de sizi affetti. Bundan böyle Kur'ân'dan size ne kolay gelirse okuyun. Allah, içinizden hastalar, yeryüzünde gezip Allah'ın lütfunu arayan başka kimseler ve Allah yolunda savaşan daha başka insanlar olacağını bilmiştir. Onun için Kur'ân'dan kolayınıza geldiği kadar okuyun, namazı kılın, zekatı verin ve Allah'a güzel bir borç verin (Hayırlı işlere mal sarfedin). Kendiniz için gönderdiğiniz her iyiliği, Allah katında daha hayırlı ve sevapça daha büyük olarak bulacaksınız. Allah'tan bağış dileyin. Kuşkusuz Allah bağışlayandır, merhamet edendir.","nl":"Voorwaar, jouw Heer weet dat jij bijna tweederde van de nacht, of de helft of een derde (in gebed) staat, en (ook) een groep van degenen die bij jou horen. En Allah kent de nacht en de dag. Hij weet dat jullie nooit (de hele nacht) de shalât kunnen verrichten, daarom heeft Hij jullie berouw aanvaard. Verricht van het nachtgebed wat gemakkelijk is voor jullie. Hij weet dat er onder jullie zieken zijn en anderen die door het land reizen, zoekend naar de gunst van Allah, en anderen die strijden op de Weg van Allah. En verricht van het nachtgebed wat gemakkelijk is voor jullie. En onderhoudt de shalât en geeft de zakât en leent aan Allah een goede lening. En wat jullie vooruitzenden voor julliezelf aan goede daden, jullie zullen het bij Allah aantreffen. Het is een betere en grotere beloning. En vraagt Allah om vergeving. Voorwaar, Allah is Vergevensgezind, Meest Barmhartig.","en":"Surely your Lord knows that you ˹O Prophet˺ stand ˹in prayer˺ for nearly two-thirds of the night, or ˹sometimes˺ half of it, or a third, as do some of those with you. Allah ˹alone˺ keeps a ˹precise˺ measure of the day and night. He knows that you ˹believers˺ are unable to endure this, and has turned to you in mercy. So recite ˹in prayer˺ whatever you can from the Quran. He knows that some of you will be sick, some will be travelling throughout the land seeking Allah’s bounty, and some fighting in the cause of Allah. So recite whatever you can from it. And ˹continue to˺ perform ˹regular˺ prayers, pay alms-tax, and lend to Allah a good loan. Whatever good you send forth for yourselves, you will find it with Allah far better and more rewarding. And seek Allah’s forgiveness. Surely Allah is All-Forgiving, Most Merciful"},"surah":{"surahId":73,"name":"Müzzemmil","nameAr":"الْمُزَّمِّلِ","revelationOrder":3,"verseCount":20,"juzNo":29,"firstPage":574}},{"id":5496,"surahId":74,"ayatId":1,"ayatNo":"١","pageNo":575,"ayatText":"يَٓا اَيُّهَا الْمُدَّثِّرُۙ","ayatMealText":{"tr":"Ey örtüsüne bürünen (Peygamber)!","nl":"O jij ommantelde.","en":"O you covered up ˹in your clothes˺"},"surah":{"surahId":74,"name":"Müddessir","nameAr":"الْمُدَّثِّرِ","revelationOrder":4,"verseCount":56,"juzNo":29,"firstPage":575}},{"id":5497,"surahId":74,"ayatId":2,"ayatNo":"٢","pageNo":575,"ayatText":"قُمْ فَاَنْذِرْۙ","ayatMealText":{"tr":"Kalk artık uyar.","nl":"Sta op en waarschuw.","en":"Arise and warn ˹all˺"},"surah":null},{"id":5498,"surahId":74,"ayatId":3,"ayatNo":"٣","pageNo":575,"ayatText":"وَرَبَّكَ فَكَبِّرْۙ","ayatMealText":{"tr":"Sadece Rabbini yücelt.","nl":"En prijs de grootheid van jouw Heer","en":"Revere your Lord ˹alone˺"},"surah":null},{"id":5499,"surahId":74,"ayatId":4,"ayatNo":"٤","pageNo":575,"ayatText":"وَثِيَابَكَ فَطَهِّرْۙ","ayatMealText":{"tr":"Elbiseni temizle.","nl":"En reinig jouw kleding.","en":"Purify your garments"},"surah":null},{"id":5500,"surahId":74,"ayatId":5,"ayatNo":"٥","pageNo":575,"ayatText":"وَالرُّجْزَ فَاهْجُرْۙ","ayatMealText":{"tr":"Pislikten sakın.","nl":"En vermijd de zondigheid.","en":"˹Continue to˺ shun idols"},"surah":null},{"id":5501,"surahId":74,"ayatId":6,"ayatNo":"٦","pageNo":575,"ayatText":"وَلَا تَمْنُنْ تَسْتَكْثِرُۙ","ayatMealText":{"tr":"Yaptığını çok görerek başa kakma.","nl":"En geef niet om meer te ontvangen.","en":"Do not do a favour expecting more ˹in return˺"},"surah":null},{"id":5502,"surahId":74,"ayatId":7,"ayatNo":"٧","pageNo":575,"ayatText":"وَلِرَبِّكَ فَاصْبِرْؕ","ayatMealText":{"tr":"Rabbin için sabret.","nl":"En wees geduldig omwille van jouw Heer.","en":"And persevere for ˹the sake of˺ your Lord"},"surah":null},{"id":5503,"surahId":74,"ayatId":8,"ayatNo":"٨","pageNo":575,"ayatText":"فَاِذَا نُقِرَ فِي النَّاقُورِۙ","ayatMealText":{"tr":"O sûra üflendiği zaman,","nl":"Als dan op de bazuin geblazen wordt.","en":"˹For˺ when the Trumpet will be sounded"},"surah":null},{"id":5504,"surahId":74,"ayatId":9,"ayatNo":"٩","pageNo":575,"ayatText":"فَذٰلِكَ يَوْمَئِذٍ يَوْمٌ عَسٖيرٌۙ","ayatMealText":{"tr":"İşte o gün pek zorlu bir gündür.","nl":"Dan is dat die Dag, een zware Dag.","en":"that will ˹truly˺ be a difficult Day—"},"surah":null},{"id":5505,"surahId":74,"ayatId":10,"ayatNo":"١٠","pageNo":575,"ayatText":"عَلَى الْكَافِرٖينَ غَيْرُ يَسٖيرٍ","ayatMealText":{"tr":"Kâfirler için hiç kolay değildir.","nl":"(Die Dag is) voor de ongelovigen niet gemakkelijk.","en":"far from easy for the disbelievers"},"surah":null},{"id":5506,"surahId":74,"ayatId":11,"ayatNo":"١١","pageNo":575,"ayatText":"ذَرْنٖي وَمَنْ خَلَقْتُ وَحٖيداًۙ","ayatMealText":{"tr":"Tek olarak yarattığım o kimseyi bana bırak.","nl":"Laat hem aan Mij over die Ik alleenstaand geschapen heb.","en":"And leave to me ˹O Prophet˺ the one I created all by Myself"},"surah":null},{"id":5507,"surahId":74,"ayatId":12,"ayatNo":"١٢","pageNo":575,"ayatText":"وَجَعَلْتُ لَهُ مَالاً مَمْدُوداًۙ","ayatMealText":{"tr":"Hem ona bol servet verdim.","nl":"En Ik heb hem vele bezittingen ter beschikking gesteld.","en":"and granted him abundant wealth"},"surah":null},{"id":5508,"surahId":74,"ayatId":13,"ayatNo":"١٣","pageNo":575,"ayatText":"وَبَنٖينَ شُهُوداًۙ","ayatMealText":{"tr":"Hem göz önünde oğullar verdim.","nl":"En kinderen, voortdurend aan zijn zijde.","en":"and children always by his side"},"surah":null},{"id":5509,"surahId":74,"ayatId":14,"ayatNo":"١٤","pageNo":575,"ayatText":"وَمَهَّدْتُ لَهُ تَمْهٖيداًۙ","ayatMealText":{"tr":"Hem ona büyük imkânlar sağladım.","nl":"En Ik verschafte hem gemak in ruime mate.","en":"and made life very easy for him"},"surah":null},{"id":5510,"surahId":74,"ayatId":15,"ayatNo":"١٥","pageNo":575,"ayatText":"ثُمَّ يَطْمَعُ اَنْ اَزٖيدَࣗ","ayatMealText":{"tr":"Sonra da şiddetle arzu eder ki daha da artırayım.","nl":"En vervolgens verlangt hij dat Ik (voor hem) vermeerder.","en":"Yet he is hungry for more"},"surah":null},{"id":5511,"surahId":74,"ayatId":16,"ayatNo":"١٦","pageNo":575,"ayatText":"كَلَّاؕ اِنَّهُ كَانَ لِاٰيَاتِنَا عَنٖيداًؕ","ayatMealText":{"tr":"Hayır, çünkü o bizim âyetlerimize karşı bir inatçı kesildi.","nl":"Nee! Hij is opstandig tegen Onze Verzen.","en":"But no! ˹For˺ he has been truly stubborn with Our revelations"},"surah":null},{"id":5512,"surahId":74,"ayatId":17,"ayatNo":"١٧","pageNo":575,"ayatText":"سَاُرْهِقُهُ صَعُوداًؕ","ayatMealText":{"tr":"Ben onu dimdik bir yokuşa sardıracağım.","nl":"Ik zal hem beladen met een zware bestraffing.","en":"I will make his fate unbearable"},"surah":null}]}