{"juzNo":29,"pageNo":577,"arCuzNo":"۲۹","arPageNo":"٥۷۷","quranAyats":[{"id":5543,"surahId":74,"ayatId":48,"ayatNo":"٤٨","pageNo":577,"ayatText":"فَمَا تَنْفَعُهُمْ شَفَاعَةُ الشَّافِعٖينَؕ","ayatMealText":{"tr":"Artık onlara şefaatçilerin şefaatı fayda vermez.","nl":"De voorspraak van de voorsprekers baat hen niet.","en":"So the pleas of intercessors will be of no benefit to them"},"surah":{"surahId":74,"name":"Müddessir","nameAr":"الْمُدَّثِّرِ","revelationOrder":4,"verseCount":56,"juzNo":29,"firstPage":575}},{"id":5544,"surahId":74,"ayatId":49,"ayatNo":"٤٩","pageNo":577,"ayatText":"فَمَا لَهُمْ عَنِ التَّذْكِرَةِ مُعْرِضٖينَۙ","ayatMealText":{"tr":"Şimdi o Kur'ân'dan yüz çevirirlerken ne mazeretleri var?","nl":"Wat is er met hen dat zij zich van de Vermaning afwenden?","en":"Now, what is the matter with them that they are turning away from the reminder"},"surah":null},{"id":5545,"surahId":74,"ayatId":50,"ayatNo":"٥٠","pageNo":577,"ayatText":"كَاَنَّهُمْ حُمُرٌ مُسْتَنْفِرَةٌۙ","ayatMealText":{"tr":"Sanki onlar ürkmüş yaban eşekleri.","nl":"Alsof zij opgeschrikte ezels zijn.","en":"as if they were spooked zebras"},"surah":null},{"id":5546,"surahId":74,"ayatId":51,"ayatNo":"٥١","pageNo":577,"ayatText":"فَرَّتْ مِنْ قَسْوَرَةٍؕ","ayatMealText":{"tr":"Arslandan kaçmaktalar.","nl":"Die vluchten voor een leeuw.","en":"fleeing from a lion"},"surah":null},{"id":5547,"surahId":74,"ayatId":52,"ayatNo":"٥٢","pageNo":577,"ayatText":"بَلْ يُرٖيدُ كُلُّ امْرِئٍ مِنْهُمْ اَنْ يُؤْتٰى صُحُفاً مُنَشَّرَةًۙ","ayatMealText":{"tr":"Hayır, onlardan her kişi kendisine açılmış sayfalar verilmesini istiyor.","nl":"Toch wil een ieder van hen, dat hun opengespreidde bladen (van een Openbaring) worden gegeven.","en":"In fact, each one of them wishes to be given a ˹personal˺ letter ˹from Allah˺ for all ˹to read˺"},"surah":null},{"id":5548,"surahId":74,"ayatId":53,"ayatNo":"٥٣","pageNo":577,"ayatText":"كَلَّاؕ بَلْ لَا يَخَافُونَ الْاٰخِرَةَؕ","ayatMealText":{"tr":"Yok, yok onlar ahiretten korkmuyorlar.","nl":"Nee! Zij vrezen zelfs het Hiernamaals niet.","en":"But no! In fact, they do not fear the Hereafter"},"surah":null},{"id":5549,"surahId":74,"ayatId":54,"ayatNo":"٥٤","pageNo":577,"ayatText":"كَلَّٓا اِنَّهُ تَذْكِرَةٌۚ","ayatMealText":{"tr":"Hayır, hayır, O kur'ân kuşkusuz bir öğüttür.","nl":"Nee, voorwaar, hij (de Koran) is een Vermaning.","en":"Enough! Surely this ˹Quran˺ is a reminder"},"surah":null},{"id":5550,"surahId":74,"ayatId":55,"ayatNo":"٥٥","pageNo":577,"ayatText":"فَمَنْ شَٓاءَ ذَكَرَهُؕ","ayatMealText":{"tr":"Dileyen onu düşünür.","nl":"Wie wil trekt er lering uit.","en":"So let whoever wills be mindful of it"},"surah":null},{"id":5551,"surahId":74,"ayatId":56,"ayatNo":"٥٦","pageNo":577,"ayatText":"وَمَا يَذْكُرُونَ اِلَّٓا اَنْ يَشَٓاءَ اللّٰهُؕ هُوَ اَهْلُ التَّقْوٰى وَاَهْلُ الْمَغْفِرَةِ","ayatMealText":{"tr":"Bununla beraber Allah dilemedikçe onlar öğüt alamazlar. Koruyacak da O'dur, bağışlayacak da.","nl":"En zij trekken er geen lering uit, behalve als Allah het wil. Hij is het Die vrees toekomt en Hij is het Die het toekomt om te vergeven.","en":"But they cannot do so unless Allah wills. He ˹alone˺ is worthy to be feared and entitled to forgive"},"surah":null},{"id":5552,"surahId":75,"ayatId":1,"ayatNo":"١","pageNo":577,"ayatText":"لَٓا اُقْسِمُ بِيَوْمِ الْقِيٰمَةِۙ","ayatMealText":{"tr":"Hayır, yemin ederim o kıyamet gününe.","nl":"Ik zweer bij de Dag der Opstanding.","en":"I do swear by the Day of Judgment"},"surah":{"surahId":75,"name":"Kıyâmet","nameAr":"الْقِيٰمَةِ","revelationOrder":31,"verseCount":40,"juzNo":29,"firstPage":577}},{"id":5553,"surahId":75,"ayatId":2,"ayatNo":"٢","pageNo":577,"ayatText":"وَلَٓا اُقْسِمُ بِالنَّفْسِ اللَّوَّامَةِ","ayatMealText":{"tr":"Yine hayır, yemin ederim o sürekli kendini kınayan nefse.","nl":"En Ik zweer bij de (zichzelf) verwijtende ziel.","en":"And I do swear by the self-reproaching soul"},"surah":null},{"id":5554,"surahId":75,"ayatId":3,"ayatNo":"٣","pageNo":577,"ayatText":"اَيَحْسَبُ الْاِنْسَانُ اَلَّنْ نَجْمَعَ عِظَامَهُؕ","ayatMealText":{"tr":"İnsan, kendisinin kemiklerini bir araya toplayamayacağımızı mı sanıyor?","nl":"Denkt de mens dat Wij Zijn botten nooit zullen bijeenbrengen?","en":"Do people think We cannot reassemble their bones"},"surah":null},{"id":5555,"surahId":75,"ayatId":4,"ayatNo":"٤","pageNo":577,"ayatText":"بَلٰى قَادِرٖينَ عَلٰٓى اَنْ نُسَوِّيَ بَنَانَهُ","ayatMealText":{"tr":"Evet, bizim onun parmak uçlarını bile aynen eski haline getirmeye gücümüz yeter.","nl":"Welzeker, Wij zijn in staat om zelfs zijn vingertoppen (opnieuw) volmaakt te vormen.","en":"Yes ˹indeed˺! We are ˹most˺ capable of restoring ˹even˺ their very fingertips"},"surah":null},{"id":5556,"surahId":75,"ayatId":5,"ayatNo":"٥","pageNo":577,"ayatText":"بَلْ يُرٖيدُ الْاِنْسَانُ لِيَفْجُرَ اَمَامَهُۚ","ayatMealText":{"tr":"Fakat insan günahı devam ettirmek ister.","nl":"De mens wil zelfs in zondigheid voortleven.","en":"Still people want to deny what is yet to come"},"surah":null},{"id":5557,"surahId":75,"ayatId":6,"ayatNo":"٦","pageNo":577,"ayatText":"يَسْـَٔلُ اَيَّانَ يَوْمُ الْقِيٰمَةِؕ","ayatMealText":{"tr":"O kıyamet günü ne zaman? diye sorar.","nl":"Hij vraagt: \"Wanneer is de Dag der Opstanding?\"","en":"asking ˹mockingly˺, “When is this Day of Judgment?”"},"surah":null},{"id":5558,"surahId":75,"ayatId":7,"ayatNo":"٧","pageNo":577,"ayatText":"فَاِذَا بَرِقَ الْبَصَرُۙ","ayatMealText":{"tr":"Ne zaman ki o göz şimşek çakar,","nl":"Wanneer dan de ogen zich opensperren.","en":"But when the sight is stunned"},"surah":null},{"id":5559,"surahId":75,"ayatId":8,"ayatNo":"٨","pageNo":577,"ayatText":"وَخَسَفَ الْقَمَرُۙ","ayatMealText":{"tr":"Ay tutulur,","nl":"En de maan duister wordt.","en":"and the moon is dimmed"},"surah":null},{"id":5560,"surahId":75,"ayatId":9,"ayatNo":"٩","pageNo":577,"ayatText":"وَجُمِعَ الشَّمْسُ وَالْقَمَرُۙ","ayatMealText":{"tr":"Güneş ve ay toplanır,","nl":"En de zon en de maan bijeengebracht worden.","en":"and the sun and the moon are brought together"},"surah":null},{"id":5561,"surahId":75,"ayatId":10,"ayatNo":"١٠","pageNo":577,"ayatText":"يَقُولُ الْاِنْسَانُ يَوْمَئِذٍ اَيْنَ الْمَفَرُّۚ","ayatMealText":{"tr":"İşte o gün insan, \"kaçacak yer neresi?\" der.","nl":"Die Dag zal de mens zeggen: \"Waar is het toevluchtsoord?\"","en":"on that Day one will cry, “Where is the escape?”"},"surah":null},{"id":5562,"surahId":75,"ayatId":11,"ayatNo":"١١","pageNo":577,"ayatText":"كَلَّا لَا وَزَرَۚ","ayatMealText":{"tr":"Hayır, hayır, yok bir siper.","nl":"Nee! Er is geen toevluchtsoord.","en":"But no! There will be no refuge"},"surah":null},{"id":5563,"surahId":75,"ayatId":12,"ayatNo":"١٢","pageNo":577,"ayatText":"اِلٰى رَبِّكَ يَوْمَئِذٍۨ الْمُسْتَقَرُّؕ","ayatMealText":{"tr":"O gün varılıp durulacak yer, ancak Rabbinin huzurudur.","nl":"Bij jouw Heer is die Dag de eindbestemming.","en":"On that Day all will end up before your Lord"},"surah":null},{"id":5564,"surahId":75,"ayatId":13,"ayatNo":"١٣","pageNo":577,"ayatText":"يُنَبَّـؤُا الْاِنْسَانُ يَوْمَئِذٍ بِمَا قَدَّمَ وَاَخَّرَؕ","ayatMealText":{"tr":"O gün insana, yapıp öne sürdüğü ve geri bıraktığı ne varsa bildirilir.","nl":"De mens zal die Dag worden medegedeeld wat hij heeft voortgebracht en wat hij heeft nagelaten.","en":"All will then be informed of what they have sent forth and left behind"},"surah":null},{"id":5565,"surahId":75,"ayatId":14,"ayatNo":"١٤","pageNo":577,"ayatText":"بَلِ الْاِنْسَانُ عَلٰى نَفْسِهٖ بَصٖيرَةٌۙ","ayatMealText":{"tr":"Doğrusu insan kendi nefsini görür,","nl":"Hij zal zelfs tegen zichzelf getuigen.","en":"In fact, people will testify against their own souls"},"surah":null},{"id":5566,"surahId":75,"ayatId":15,"ayatNo":"١٥","pageNo":577,"ayatText":"وَلَوْ اَلْقٰى مَعَاذٖيرَهُؕ","ayatMealText":{"tr":"Bir takım özürler ortaya atsa da.","nl":"Ook al biedt hij zijn verontschuldigingen aan.","en":"despite the excuses they come up with"},"surah":null},{"id":5567,"surahId":75,"ayatId":16,"ayatNo":"١٦","pageNo":577,"ayatText":"لَا تُحَرِّكْ بِهٖ لِسَانَكَ لِتَعْجَلَ بِهٖؕ","ayatMealText":{"tr":"Onu hemen okumak için dilini depretme.","nl":"(Allah zegt tot de Profeet:) \"Beweeg jouw tong er niet mee (de Koran), om er haast mee te maken.","en":"Do not rush your tongue trying to memorize ˹a revelation of˺ the Quran"},"surah":null},{"id":5568,"surahId":75,"ayatId":17,"ayatNo":"١٧","pageNo":577,"ayatText":"اِنَّ عَلَيْنَا جَمْعَهُ وَقُرْاٰنَهُۚ","ayatMealText":{"tr":"Kuşkusuz onu toplamak ve okumak bize aittir.","nl":"Voorwaar, het is aan Ons hem te doen bewaren en hem voor te doen dragen.","en":"It is certainly upon Us to ˹make you˺ memorize and recite it"},"surah":null},{"id":5569,"surahId":75,"ayatId":18,"ayatNo":"١٨","pageNo":577,"ayatText":"فَاِذَا قَرَأْنَاهُ فَاتَّبِعْ قُرْاٰنَهُۚ","ayatMealText":{"tr":"O halde biz onu okuduğumuz zaman sen onun okunuşunu takip et.","nl":"Wanneer Wij hem dan hebben doen voordragen, volg dan zijn voordracht.","en":"So once We have recited a revelation ˹through Gabriel˺, follow its recitation ˹closely˺"},"surah":null},{"id":5570,"surahId":75,"ayatId":19,"ayatNo":"١٩","pageNo":577,"ayatText":"ثُمَّ اِنَّ عَلَيْنَا بَيَانَهُؕ","ayatMealText":{"tr":"Sonra onu açıklamak da bize aittir.","nl":"Daarna is aan Ons de uitleg ervan.\"","en":"Then it is surely upon Us to make it clear ˹to you˺"},"surah":null}]}