{"juzNo":29,"pageNo":578,"arCuzNo":"۲۹","arPageNo":"٥۷۸","quranAyats":[{"id":5571,"surahId":75,"ayatId":20,"ayatNo":"٢٠","pageNo":578,"ayatText":"كَلَّا بَلْ تُحِبُّونَ الْعَاجِلَةَۙ","ayatMealText":{"tr":"Hayır, siz peşin olanı (dünyayı) seviyorsunuz da","nl":"Nee! Jullie houden van het voorbijgaande.","en":"But no! In fact, you love this fleeting world"},"surah":{"surahId":75,"name":"Kıyâmet","nameAr":"الْقِيٰمَةِ","revelationOrder":31,"verseCount":40,"juzNo":29,"firstPage":577}},{"id":5572,"surahId":75,"ayatId":21,"ayatNo":"٢١","pageNo":578,"ayatText":"وَتَذَرُونَ الْاٰخِرَةَؕ","ayatMealText":{"tr":"Ahireti bırakıyorsunuz.","nl":"En jullie besteden geen aandacht aan het Hiernamaals.","en":"and neglect the Hereafter"},"surah":null},{"id":5573,"surahId":75,"ayatId":22,"ayatNo":"٢٢","pageNo":578,"ayatText":"وُجُوهٌ يَوْمَئِذٍ نَاضِرَةٌۙ","ayatMealText":{"tr":"Yüzler var ki o gün ışıl ışıl parlar.","nl":"Gezichten zullen op die Dag verlicht zijn.","en":"On that Day ˹some˺ faces will be bright"},"surah":null},{"id":5574,"surahId":75,"ayatId":23,"ayatNo":"٢٣","pageNo":578,"ayatText":"اِلٰى رَبِّهَا نَاظِرَةٌۚ","ayatMealText":{"tr":"Rabbine bakar.","nl":"Naar hun Heer zullen zij zien.","en":"looking at their Lord"},"surah":null},{"id":5575,"surahId":75,"ayatId":24,"ayatNo":"٢٤","pageNo":578,"ayatText":"وَوُجُوهٌ يَوْمَئِذٍ بَاسِرَةٌۙ","ayatMealText":{"tr":"Yüzler de var ki o gün asıktır.","nl":"En gezichten zullen op die Dag duister zijn.","en":"And ˹other˺ faces will be gloomy"},"surah":null},{"id":5576,"surahId":75,"ayatId":25,"ayatNo":"٢٥","pageNo":578,"ayatText":"تَظُنُّ اَنْ يُفْعَلَ بِهَا فَاقِرَةٌؕ","ayatMealText":{"tr":"Anlar ki kendisine belkıran (bel kemiklerini kıran belalı bir iş) yapılır.","nl":"Zij weten zeker dat een verpletterende ramp over hen zal worden gebracht.","en":"anticipating something devastating to befall them"},"surah":null},{"id":5577,"surahId":75,"ayatId":26,"ayatNo":"٢٦","pageNo":578,"ayatText":"كَلَّٓا اِذَا بَلَغَتِ التَّرَاقِيَۙ","ayatMealText":{"tr":"Hayır hayır, ne zaman ki can köprücük kemiklerine dayanır,","nl":"Nee, wanneer de (laatste) adem in de keel stokt.","en":"But no! ˹Beware of the day˺ when the soul reaches the collar bone ˹as it leaves˺"},"surah":null},{"id":5578,"surahId":75,"ayatId":27,"ayatNo":"٢٧","pageNo":578,"ayatText":"وَقٖيلَ مَنْ رَࣝاقٍۙ","ayatMealText":{"tr":"\"Tedavi edebilecek kimdir?\" denilir.","nl":"En er gezegd wordt: \"Wie kan genezen?\"","en":"and it will be said, “Is there any healer ˹who can save this life˺?”"},"surah":null},{"id":5579,"surahId":75,"ayatId":28,"ayatNo":"٢٨","pageNo":578,"ayatText":"وَظَنَّ اَنَّهُ الْفِرَاقُۙ","ayatMealText":{"tr":"Can çekişen bunun o ayrılık anı olduğunu anlar.","nl":"En hij beseft dat het afscheid is gekomen.","en":"And the dying person realizes it is ˹their˺ time to depart"},"surah":null},{"id":5580,"surahId":75,"ayatId":29,"ayatNo":"٢٩","pageNo":578,"ayatText":"وَالْتَفَّتِ السَّاقُ بِالسَّاقِۙ","ayatMealText":{"tr":"Bacak bacağa dolaşır..","nl":"En de benen (in doodsangst) over elkaar liggen.","en":"and ˹then˺ their feet are tied together ˹in a shroud˺"},"surah":null},{"id":5581,"surahId":75,"ayatId":30,"ayatNo":"٣٠","pageNo":578,"ayatText":"اِلٰى رَبِّكَ يَوْمَئِذٍۨ الْمَسَاقُؕࣖ","ayatMealText":{"tr":"İşte o gün sevk, ancak Rabbinedir.","nl":"Naar jouw Heer worden zij Die Dag gesleept.","en":"On that day they will be driven to your Lord ˹alone˺"},"surah":null},{"id":5582,"surahId":75,"ayatId":31,"ayatNo":"٣١","pageNo":578,"ayatText":"فَلَا صَدَّقَ وَلَا صَلّٰىۙ","ayatMealText":{"tr":"Fakat o, ne sadaka verdi, ne namaz kıldı.","nl":"Hij geloofde (de Koran en de Boodschapper) niet, en hij verrichtte de shalât niet.","en":"This denier neither believed nor prayed"},"surah":null},{"id":5583,"surahId":75,"ayatId":32,"ayatNo":"٣٢","pageNo":578,"ayatText":"وَلٰكِنْ كَذَّبَ وَتَوَلّٰىۙ","ayatMealText":{"tr":"Fakat yalanladı ve döndü.","nl":"Maar hij loochende en hij wendde zich af.","en":"but persisted in denial and turned away"},"surah":null},{"id":5584,"surahId":75,"ayatId":33,"ayatNo":"٣٣","pageNo":578,"ayatText":"ثُمَّ ذَهَبَ اِلٰٓى اَهْلِهٖ يَتَمَطّٰىؕ","ayatMealText":{"tr":"Sonra da çalım sata sata ailesine gitti.","nl":"Daarna ging hij naar zijn verwanten, hoogmoedig.","en":"then went to their own people, walking boastfully"},"surah":null},{"id":5585,"surahId":75,"ayatId":34,"ayatNo":"٣٤","pageNo":578,"ayatText":"اَوْلٰى لَكَ فَاَوْلٰىۙ","ayatMealText":{"tr":"Gerektir o bela sana, gerek.","nl":"Wee jou, wee!","en":"Woe to you, and more woe"},"surah":null},{"id":5586,"surahId":75,"ayatId":35,"ayatNo":"٣٥","pageNo":578,"ayatText":"ثُمَّ اَوْلٰى لَكَ فَاَوْلٰىؕ","ayatMealText":{"tr":"Evet, gerektir o bela sana gerek.","nl":"Nogmaals, wee jou, wee!","en":"Again, woe to you, and even more woe"},"surah":null},{"id":5587,"surahId":75,"ayatId":36,"ayatNo":"٣٦","pageNo":578,"ayatText":"اَيَحْسَبُ الْاِنْسَانُ اَنْ يُتْرَكَ سُدًىؕ","ayatMealText":{"tr":"İnsan başıboş bırakılacağını mı sanır?","nl":"Denkt de mens dat hij ongemoeid zal worden gelaten?","en":"Do people think they will be left without purpose"},"surah":null},{"id":5588,"surahId":75,"ayatId":37,"ayatNo":"٣٧","pageNo":578,"ayatText":"اَلَمْ يَكُ نُطْفَةً مِنْ مَنِيٍّ يُمْنٰىۙ","ayatMealText":{"tr":"O, dökülen erlik suyundan bir damla (sperm) değil miydi?","nl":"Was hij niet eerst een druppel van uitgestort sperma?","en":"Were they not ˹once˺ a sperm-drop emitted"},"surah":null},{"id":5589,"surahId":75,"ayatId":38,"ayatNo":"٣٨","pageNo":578,"ayatText":"ثُمَّ كَانَ عَلَقَةً فَخَلَقَ فَسَوّٰىۙ","ayatMealText":{"tr":"Sonra bir aleka (embriyon) oldu da Rabbi onu biçime koydu, sonra şekil verdi.","nl":"En vervolgens een bloedklonter waarna Hij (hem) schiep en nauwkeurig vormde?","en":"Then they became a clinging clot ˹of blood˺, then He developed and perfected their form"},"surah":null},{"id":5590,"surahId":75,"ayatId":39,"ayatNo":"٣٩","pageNo":578,"ayatText":"فَجَعَلَ مِنْهُ الزَّوْجَيْنِ الذَّكَرَ وَالْاُنْثٰىؕ","ayatMealText":{"tr":"Ondan da iki cinsi; erkek ve dişiyi var etti.","nl":"Zo maakte Hij daarvan de twee geslachten, de man en de vrouw.","en":"producing from it both sexes, male and female"},"surah":null},{"id":5591,"surahId":75,"ayatId":40,"ayatNo":"٤٠","pageNo":578,"ayatText":"اَلَيْسَ ذٰلِكَ بِقَادِرٍ عَلٰٓى اَنْ يُحْيِيَ الْمَوْتٰى","ayatMealText":{"tr":"Peki, bunu yapanın ölüleri diriltmeye gücü yetmez mi?","nl":"Is Degene met zo'n macht niet in staat de doden tot leven te brengen?","en":"Is such ˹a Creator˺ unable to bring the dead back to life"},"surah":null},{"id":5592,"surahId":76,"ayatId":1,"ayatNo":"١","pageNo":578,"ayatText":"هَلْ اَتٰى عَلَى الْاِنْسَانِ حٖينٌ مِنَ الدَّهْرِ لَمْ يَكُنْ شَيْـٔاً مَذْ كُوراً","ayatMealText":{"tr":"Gerçekten insan üzerine dehirden (zamandan) öyle bir müddet geldi ki o zaman o, anılmaya değer bir şey değildi.","nl":"Voorzeker, er is voor de mens een periode geweest waarin hij in niets gedenkwaardig was.","en":"Is there not a period of time when each human is nothing yet worth mentioning"},"surah":{"surahId":76,"name":"İnsân","nameAr":"الْاِنْسَانِ","revelationOrder":98,"verseCount":31,"juzNo":29,"firstPage":578}},{"id":5593,"surahId":76,"ayatId":2,"ayatNo":"٢","pageNo":578,"ayatText":"اِنَّا خَلَقْنَا الْاِنْسَانَ مِنْ نُطْفَةٍ اَمْشَاجٍࣗ نَبْتَلٖيهِ فَجَعَلْنَاهُ سَمٖيعاً بَصٖيراً","ayatMealText":{"tr":"Doğrusu biz insanı, imtihan etmek için karışık bir nutfeden (erkek ve kadın sularından) yarattık da onu işitici, görücü yaptık.","nl":"Voorwaar, Wij hebben de mens geschapen uit een gemengde druppel om hem te beproeven. Daarop gaven Wij hem het gehoor en gezichtsvermogen.","en":"˹For˺ indeed, We ˹alone˺ created humans from a drop of mixed fluids, ˹in order˺ to test them, so We made them hear and see"},"surah":null},{"id":5594,"surahId":76,"ayatId":3,"ayatNo":"٣","pageNo":578,"ayatText":"اِنَّا هَدَيْنَاهُ السَّبٖيلَ اِمَّا شَاكِراً وَاِمَّا كَـفُوراً","ayatMealText":{"tr":"Kuşkusuz biz ona yolu gösterdik; ister şükredici olsun, ister nankör.","nl":"Voorwaar, Wij wezen hem de Weg: wordt hij dankbaar of wordt hij ondankbaar?","en":"We already showed them the Way, whether they ˹choose to˺ be grateful or ungrateful"},"surah":null},{"id":5595,"surahId":76,"ayatId":4,"ayatNo":"٤","pageNo":578,"ayatText":"اِنَّٓا اَعْتَدْنَا لِلْكَافِرٖينَ سَلَاسِلَا۬ وَاَغْلَالاً وَسَعٖيراً","ayatMealText":{"tr":"Çünkü biz, kâfirler için zincirler, demir halkalar ve alevli bir ateş hazırlamışızdır.","nl":"Voorwaar, voor de ongelovigen hebben Wij kettingen, en ketens en Sa'îr (de Hel) bereid.","en":"Indeed, We have prepared for the disbelievers chains, shackles, and a blazing Fire"},"surah":null},{"id":5596,"surahId":76,"ayatId":5,"ayatNo":"٥","pageNo":578,"ayatText":"اِنَّ الْاَبْرَارَ يَشْرَبُونَ مِنْ كَأْسٍ كَانَ مِزَاجُهَا كَافُوراًۚ","ayatMealText":{"tr":"Kuşkusuz iyiler de karışımı kâfûr olan dolgun bir kadehten içerler.","nl":"Voorwaar, de deugdzamen zullen drinken uit een beker waarvan de mengdrank van Kâfôer (kamfer) is.","en":"Indeed, the virtuous will have a drink ˹of pure wine˺—flavoured with camphor—"},"surah":null}]}