{"juzNo":29,"pageNo":580,"arCuzNo":"۲۹","arPageNo":"٥۸۰","quranAyats":[{"id":5617,"surahId":76,"ayatId":26,"ayatNo":"٢٦","pageNo":580,"ayatText":"وَمِنَ الَّيْلِ فَاسْجُدْ لَهُ وَسَبِّحْهُ لَيْلاً طَوٖيلاً","ayatMealText":{"tr":"Gecenin bir bölümünde de O'na secde et (akşam ve yatsı namazlarını kıl). Hem de O'nu uzun bir gece tesbih et (teheccüd namazı kıl).","nl":"En in een gedeelte van de nacht, en kniel je neer voor Hem en prijs Zijn Glorie tijdens een lang deel van de nacht.","en":"and prostrate before Him during part of the night, and glorify Him long at night"},"surah":{"surahId":76,"name":"İnsân","nameAr":"الْاِنْسَانِ","revelationOrder":98,"verseCount":31,"juzNo":29,"firstPage":578}},{"id":5618,"surahId":76,"ayatId":27,"ayatNo":"٢٧","pageNo":580,"ayatText":"اِنَّ هٰٓؤُ۬لَٓاءِ يُحِبُّونَ الْعَاجِلَةَ وَيَذَرُونَ وَرَٓاءَهُمْ يَوْماً ثَقٖيلاً","ayatMealText":{"tr":"Çünkü onlar bu dünyayı seviyorlar ve önlerindeki ağır bir günü arkaya atıyorlar.","nl":"Voorwaar, zij (de ongelovigen) houden van het voorbijgaande en leggen achter hun rug een zware Dag.","en":"Surely those ˹pagans˺ love this fleeting world, ˹totally˺ neglecting a weighty Day ahead of them"},"surah":null},{"id":5619,"surahId":76,"ayatId":28,"ayatNo":"٢٨","pageNo":580,"ayatText":"نَحْنُ خَلَقْنَاهُمْ وَشَدَدْنَٓا اَسْرَهُمْۚ وَاِذَا شِئْنَا بَدَّلْـنَٓا اَمْثَالَهُمْ تَبْدٖيلاً","ayatMealText":{"tr":"Onları biz yarattık ve mafsallarını sımsıkı bağladık. Dilediğimiz vakit de kılıklarını değiştiririz.","nl":"Wij hebben hen geschapen en Wij hebben hun gestel stevig gemaakt. En als Wij het gewild hadden, dan zouden Wij hen vervangen door gelijksoortigen.","en":"It is We Who created them and perfected their ˹physical˺ form. But if We will, We can easily replace them with others"},"surah":null},{"id":5620,"surahId":76,"ayatId":29,"ayatNo":"٢٩","pageNo":580,"ayatText":"اِنَّ هٰذِهٖ تَذْكِرَةٌۚ فَمَنْ شَٓاءَ اتَّخَذَ اِلٰى رَبِّهٖ سَبٖيلاً","ayatMealText":{"tr":"İşte bu bir öğüttür. Dileyen Rabbine giden yolu tutar.","nl":"Voorwaar, dit is een Vermaning. Wie het dan wil, laat hij een Weg naar zijn Heer nemen.","en":"Surely this is a reminder. So let whoever wills take the ˹Right˺ Way to their Lord"},"surah":null},{"id":5621,"surahId":76,"ayatId":30,"ayatNo":"٣٠","pageNo":580,"ayatText":"وَمَا تَشَٓاؤُ۫نَ اِلَّٓا اَنْ يَشَٓاءَ اللّٰهُؕ اِنَّ اللّٰهَ كَانَ عَلٖيماً حَكٖيماًࣗ","ayatMealText":{"tr":"Allah dilemedikçe siz dileyemezsiniz. Kuşkusuz Allah, bilendir, hüküm ve hikmet sahibidir.","nl":"En jullie zullen het niet willen, behalve als Allah het wil: voorwaar, Allah is Alwetend, Alwijs.","en":"But you cannot will ˹to do so˺ unless Allah wills. Indeed, Allah is All-Knowing, All-Wise"},"surah":null},{"id":5622,"surahId":76,"ayatId":31,"ayatNo":"٣١","pageNo":580,"ayatText":"يُدْخِلُ مَنْ يَشَٓاءُ فٖي رَحْمَتِهٖؕ وَالظَّالِمٖينَ اَعَدَّ لَهُمْ عَذَاباً اَلٖيماً","ayatMealText":{"tr":"Allah dilediğini rahmetine sokar. Zalimlere ise, acıklı bir azap hazırlamıştır.","nl":"Hij doet in Zijn Barmhartigheid binnengaan wie Hij wil. En Hij heeft een pijnlijke bestraffing bereid voor de onrechtvaardigen.","en":"He admits whoever He wills into His mercy. As for the wrongdoers, He has prepared for them a painful punishment"},"surah":null},{"id":5623,"surahId":77,"ayatId":1,"ayatNo":"١","pageNo":580,"ayatText":"وَالْمُرْسَلَاتِ عُرْفاًۙ","ayatMealText":{"tr":"Andolsun birbiri ardınca gönderilenlere,","nl":"Bij de met goedheid uitgezondenen.","en":"By those ˹winds˺ sent forth successively"},"surah":{"surahId":77,"name":"Mürselât","nameAr":"الْمُرْسَلَاتِ","revelationOrder":33,"verseCount":50,"juzNo":29,"firstPage":580}},{"id":5624,"surahId":77,"ayatId":2,"ayatNo":"٢","pageNo":580,"ayatText":"فَالْعَاصِفَاتِ عَصْفاًۙ","ayatMealText":{"tr":"Büküp devirenlere,","nl":"Bij de met spoed voortspoedenden.","en":"and those blowing violently"},"surah":null},{"id":5625,"surahId":77,"ayatId":3,"ayatNo":"٣","pageNo":580,"ayatText":"وَالنَّاشِرَاتِ نَشْراًۙ","ayatMealText":{"tr":"Yaydıkça yayanlara,","nl":"En bij de verspreid verspreidenden.","en":"and those scattering ˹rainclouds˺ widely"},"surah":null},{"id":5626,"surahId":77,"ayatId":4,"ayatNo":"٤","pageNo":580,"ayatText":"فَالْفَارِقَاتِ فَرْقاًۙ","ayatMealText":{"tr":"Seçip ayıranlara,","nl":"Bij de scheidend scheidenden.","en":"And ˹by˺ those ˹angels˺ fully distinguishing ˹truth from falsehood˺"},"surah":null},{"id":5627,"surahId":77,"ayatId":5,"ayatNo":"٥","pageNo":580,"ayatText":"فَالْمُلْقِيَاتِ ذِ كْراًۙ","ayatMealText":{"tr":"Bir öğüt bırakanlara,","nl":"Bij de doorgevenden van de Vermaning.","en":"and those delivering revelation"},"surah":null},{"id":5628,"surahId":77,"ayatId":6,"ayatNo":"٦","pageNo":580,"ayatText":"عُذْراً اَوْ نُذْراًۙ","ayatMealText":{"tr":"Gerek özür için olsun, gerek uyarı için,","nl":"Als een afwijzing van verontschuldigingen of als een waarschuwing.","en":"ending excuses and giving warnings"},"surah":null},{"id":5629,"surahId":77,"ayatId":7,"ayatNo":"٧","pageNo":580,"ayatText":"اِنَّمَا تُوعَدُونَ لَوَاقِعٌؕ","ayatMealText":{"tr":"Herhalde size vaad olunan kesinlikle olacaktır.","nl":"Voorwaar, wat jullie is aangezegd, zal zeker gebeuren.","en":"Surely, what you are promised will come to pass"},"surah":null},{"id":5630,"surahId":77,"ayatId":8,"ayatNo":"٨","pageNo":580,"ayatText":"فَاِذَا النُّجُومُ طُمِسَتْۙ","ayatMealText":{"tr":"Hani o yıldızlar silindiği zaman,","nl":"Wanneer dan de sterren gedoofd worden.","en":"So when the stars are put out"},"surah":null},{"id":5631,"surahId":77,"ayatId":9,"ayatNo":"٩","pageNo":580,"ayatText":"وَاِذَا السَّمَٓاءُ فُرِجَتْۙ","ayatMealText":{"tr":"Gök yarıldığı zaman,","nl":"En wanneer de hemel gespleten wordt.","en":"and the sky is torn apart"},"surah":null},{"id":5632,"surahId":77,"ayatId":10,"ayatNo":"١٠","pageNo":580,"ayatText":"وَاِذَا الْجِبَالُ نُسِفَتْۙ","ayatMealText":{"tr":"Dağlar savrulduğu zaman,","nl":"En wanneer de bergen verpulverd worden.","en":"and the mountains are blown away"},"surah":null},{"id":5633,"surahId":77,"ayatId":11,"ayatNo":"١١","pageNo":580,"ayatText":"وَاِذَا الرُّسُلُ اُقِّتَتْؕ","ayatMealText":{"tr":"Elçiler, tayin edilen vakitlerine erdirildikleri zaman,","nl":"En wanneer voor de Boodschappers de tijd vastgesteld is.","en":"and the messengers’ time ˹to testify˺ comes up—"},"surah":null},{"id":5634,"surahId":77,"ayatId":12,"ayatNo":"١٢","pageNo":580,"ayatText":"لِاَيِّ يَوْمٍ اُجِّلَتْؕ","ayatMealText":{"tr":"Bunlar hangi güne ertelendiler?","nl":"(Er wordt gezegd:) \"Tot welke dag is er uitstel gegeven?\"","en":"for which Day has all this been set"},"surah":null},{"id":5635,"surahId":77,"ayatId":13,"ayatNo":"١٣","pageNo":580,"ayatText":"لِيَوْمِ الْفَصْلِۚ","ayatMealText":{"tr":"Hüküm gününe..","nl":"Tot de Dag van de Beoordeling.","en":"For the Day of ˹Final˺ Decision"},"surah":null},{"id":5636,"surahId":77,"ayatId":14,"ayatNo":"١٤","pageNo":580,"ayatText":"وَمَٓا اَدْرٰيكَ مَا يَوْمُ الْفَصْلِؕ","ayatMealText":{"tr":"Bildin mi, nedir o hüküm günü?","nl":"En wat doet jullie weten wat Dag van de Beoordeling is?","en":"And what will make you realize what the Day of Decision is"},"surah":null},{"id":5637,"surahId":77,"ayatId":15,"ayatNo":"١٥","pageNo":580,"ayatText":"وَيْلٌ يَوْمَئِذٍ لِلْمُكَذِّبٖينَ","ayatMealText":{"tr":"O gün yalanlayanların vay haline!","nl":"Wee die Dag de loochenaars!","en":"Woe on that Day to the deniers"},"surah":null},{"id":5638,"surahId":77,"ayatId":16,"ayatNo":"١٦","pageNo":580,"ayatText":"اَلَمْ نُهْلِكِ الْاَوَّلٖينَؕ","ayatMealText":{"tr":"Biz, öncekileri helak etmedik mi?","nl":"Hebben Wij de vroegeren niet vernietigd?","en":"Did We not destroy earlier disbelievers"},"surah":null},{"id":5639,"surahId":77,"ayatId":17,"ayatNo":"١٧","pageNo":580,"ayatText":"ثُمَّ نُتْبِعُهُمُ الْاٰخِرٖينَ","ayatMealText":{"tr":"Sonra geridekileri de onlara katarız.","nl":"Waarna Wij hen deden opvolgen door de lateren?","en":"And We will make the later disbelievers follow them"},"surah":null},{"id":5640,"surahId":77,"ayatId":18,"ayatNo":"١٨","pageNo":580,"ayatText":"كَذٰلِكَ نَفْعَلُ بِالْمُجْرِمٖينَ","ayatMealText":{"tr":"Biz suçlulara böyle yaparız.","nl":"Zo behandelen Wij de misdadigers.","en":"This is how We deal with the wicked"},"surah":null},{"id":5641,"surahId":77,"ayatId":19,"ayatNo":"١٩","pageNo":580,"ayatText":"وَيْلٌ يَوْمَئِذٍ لِلْمُكَذِّبٖينَ","ayatMealText":{"tr":"O gün yalanlayanların vah haline!","nl":"Wee die Dag de loochenaars!","en":"Woe on that Day to the deniers"},"surah":null}]}