{"juzNo":29,"pageNo":581,"arCuzNo":"۲۹","arPageNo":"٥۸۱","quranAyats":[{"id":5642,"surahId":77,"ayatId":20,"ayatNo":"٢٠","pageNo":581,"ayatText":"اَلَمْ نَخْلُقْكُمْ مِنْ مَٓاءٍ مَهٖينٍۙ","ayatMealText":{"tr":"Biz sizi âdi bir sudan yaratmadık mı?","nl":"Hebben Wij jullie niet uit een onaanzienlijk water geschapen?","en":"Did We not create you from a humble fluid"},"surah":{"surahId":77,"name":"Mürselât","nameAr":"الْمُرْسَلَاتِ","revelationOrder":33,"verseCount":50,"juzNo":29,"firstPage":580}},{"id":5643,"surahId":77,"ayatId":21,"ayatNo":"٢١","pageNo":581,"ayatText":"فَجَعَلْنَاهُ فٖي قَرَارٍ مَكٖينٍۙ","ayatMealText":{"tr":"Onu sağlam bir yerde oturttuk.","nl":"Toen plaatsten Wij het in een beschermende rustplaats.","en":"placing it in a secure place"},"surah":null},{"id":5644,"surahId":77,"ayatId":22,"ayatNo":"٢٢","pageNo":581,"ayatText":"اِلٰى قَدَرٍ مَعْلُومٍۙ","ayatMealText":{"tr":"Belli bir süreye kadar.","nl":"Tot een bekend tijdstip.","en":"until an appointed time"},"surah":null},{"id":5645,"surahId":77,"ayatId":23,"ayatNo":"٢٣","pageNo":581,"ayatText":"فَقَدَرْنَاࣗ فَنِعْمَ الْقَادِرُونَ","ayatMealText":{"tr":"Demek ki biçimlendirmişiz. Ne güzel biçimlendireniz biz.","nl":"Wij beschikten (erover) en Wij zijn de beste Beschikkers.","en":"We ˹perfectly˺ ordained ˹its development˺. How excellent are We in doing so"},"surah":null},{"id":5646,"surahId":77,"ayatId":24,"ayatNo":"٢٤","pageNo":581,"ayatText":"وَيْلٌ يَوْمَئِذٍ لِلْمُكَذِّبٖينَ","ayatMealText":{"tr":"O gün yalanlayanların vay haline!","nl":"Wee die Dag de loochenaars!","en":"Woe on that Day to the deniers"},"surah":null},{"id":5647,"surahId":77,"ayatId":25,"ayatNo":"٢٥","pageNo":581,"ayatText":"اَلَمْ نَجْعَلِ الْاَرْضَ كِفَاتاًۙ","ayatMealText":{"tr":"Yeryüzünü bir tokat (toplanma yeri) yapmadık mı?","nl":"Hebben Wij de aarde niet tot een plaats ven verzameling gemaakt?","en":"Have We not made the earth a lodging"},"surah":null},{"id":5648,"surahId":77,"ayatId":26,"ayatNo":"٢٦","pageNo":581,"ayatText":"اَحْيَٓاءً وَاَمْوَاتاًۙ","ayatMealText":{"tr":"Gerek diriler, gerekse ölüler için.","nl":"Zowel voor levenden en doden?","en":"for the living and the dead"},"surah":null},{"id":5649,"surahId":77,"ayatId":27,"ayatNo":"٢٧","pageNo":581,"ayatText":"وَجَعَلْنَا فٖيهَا رَوَاسِيَ شَامِخَاتٍ وَاَسْقَيْنَاكُمْ مَٓاءً فُرَاتاًؕ","ayatMealText":{"tr":"Orada yüksek yüksek dağlar oturtup da size bir tatlı su sunmadık mı?","nl":"En Wij plaatsten daarop stevige bergen en Wij schonken jullie helder water.","en":"and placed upon it towering, firm mountains, and given you fresh water to drink"},"surah":null},{"id":5650,"surahId":77,"ayatId":28,"ayatNo":"٢٨","pageNo":581,"ayatText":"وَيْلٌ يَوْمَئِذٍ لِلْمُكَذِّبٖينَ","ayatMealText":{"tr":"O gün yalanlayanların vay haline!","nl":"Wee die Dag de loochenaars!","en":"Woe on that Day to the deniers"},"surah":null},{"id":5651,"surahId":77,"ayatId":29,"ayatNo":"٢٩","pageNo":581,"ayatText":"اِنْطَلِقُٓوا اِلٰى مَا كُنْتُمْ بِهٖ تُكَذِّبُونَۚ","ayatMealText":{"tr":"(Kıyameti yalanlayanlara şöyle denir): \"Haydin gidin o yalanladığınız şeye doğru.\"","nl":"Gaat naar dat wat jullie plachten to loochenen!","en":"˹The disbelievers will be told,˺ “Proceed into that ˹Fire˺ which you used to deny"},"surah":null},{"id":5652,"surahId":77,"ayatId":30,"ayatNo":"٣٠","pageNo":581,"ayatText":"اِنْطَلِقُٓوا اِلٰى ظِلٍّ ذٖي ثَلٰثِ شُعَبٍۙ","ayatMealText":{"tr":"\"Haydi gidin o üç çatallı gölgeye (cehenneme).\"","nl":"Gaat naar een schaduw (van rook) die drie kolommen heeft.","en":"Proceed into the shade ˹of smoke˺ which rises in three columns"},"surah":null},{"id":5653,"surahId":77,"ayatId":31,"ayatNo":"٣١","pageNo":581,"ayatText":"لَا ظَلٖيلٍ وَلَا يُغْنٖي مِنَ اللَّهَبِؕ","ayatMealText":{"tr":"O, ne gölgelendirir, ne alevden korur.","nl":"Die geen schaduw geeft en die niet baat tegen het vlammende Vuur.","en":"providing neither coolness nor shelter from the flames"},"surah":null},{"id":5654,"surahId":77,"ayatId":32,"ayatNo":"٣٢","pageNo":581,"ayatText":"اِنَّهَا تَرْمٖي بِشَرَرٍ كَالْقَصْرِۚ","ayatMealText":{"tr":"O, saray gibi kıvılcımlar atar.","nl":"Zij (de Hel) werpt vonken als kastelen.","en":"Indeed, it hurls sparks ˹as big˺ as huge castles"},"surah":null},{"id":5655,"surahId":77,"ayatId":33,"ayatNo":"٣٣","pageNo":581,"ayatText":"كَاَنَّهُ جِمَالَتٌ صُفْرٌؕ","ayatMealText":{"tr":"Sanki o kıvılcımlar, sarı sarı (erkek deve sürüleridir).","nl":"Alsof zij gele kamelen waren.","en":"and ˹as dark˺ as black camels.”"},"surah":null},{"id":5656,"surahId":77,"ayatId":34,"ayatNo":"٣٤","pageNo":581,"ayatText":"وَيْلٌ يَوْمَئِذٍ لِلْمُكَذِّبٖينَ","ayatMealText":{"tr":"O gün yalanlayanların vay haline!","nl":"Wee die Dag de loochenaars!","en":"Woe on that Day to the deniers"},"surah":null},{"id":5657,"surahId":77,"ayatId":35,"ayatNo":"٣٥","pageNo":581,"ayatText":"هٰذَا يَوْمُ لَا يَنْطِقُونَۙ","ayatMealText":{"tr":"Bugün, konuşamıyacakları gündür.","nl":"Dit is een Dag waarop zij niet spreken.","en":"On that Day they will not ˹be in a position to˺ speak"},"surah":null},{"id":5658,"surahId":77,"ayatId":36,"ayatNo":"٣٦","pageNo":581,"ayatText":"وَلَا يُؤْذَنُ لَهُمْ فَيَعْتَذِرُونَ","ayatMealText":{"tr":"Kendilerine izin de verilmez ki, özür beyan etsinler.","nl":"En er wordt hun niet toegestaan zich te verontschuldigen.","en":"nor will they be permitted to offer excuses"},"surah":null},{"id":5659,"surahId":77,"ayatId":37,"ayatNo":"٣٧","pageNo":581,"ayatText":"وَيْلٌ يَوْمَئِذٍ لِلْمُكَذِّبٖينَ","ayatMealText":{"tr":"O gün yalanlayanların vay haline!","nl":"Wee die Dag de loochenaars!","en":"Woe on that Day to the deniers"},"surah":null},{"id":5660,"surahId":77,"ayatId":38,"ayatNo":"٣٨","pageNo":581,"ayatText":"هٰذَا يَوْمُ الْفَصْلِۚ جَمَعْنَاكُمْ وَالْاَوَّلٖينَ","ayatMealText":{"tr":"Bu, işte o hüküm günüdür. Sizi ve öncekileri bir araya topladık.","nl":"Dit is de Dag van de Beoordeling, Wij verzamelen jullie en de vroegeren.","en":"˹They will be told by Allah,˺ “This is the Day of ˹Final˺ Decision: We have gathered you along with earlier disbelievers ˹for punishment˺"},"surah":null},{"id":5661,"surahId":77,"ayatId":39,"ayatNo":"٣٩","pageNo":581,"ayatText":"فَاِنْ كَانَ لَكُمْ كَيْدٌ فَكٖيدُونِ","ayatMealText":{"tr":"Bir hileniz varsa beni atlatın.","nl":"Als jullie dan een list hebben, voert die dan uit.","en":"So if you have a scheme ˹to save yourselves˺, then use it against Me.”"},"surah":null},{"id":5662,"surahId":77,"ayatId":40,"ayatNo":"٤٠","pageNo":581,"ayatText":"وَيْلٌ يَوْمَئِذٍ لِلْمُكَذِّبٖينَࣖ","ayatMealText":{"tr":"O gün yalanlayanların vay haline!","nl":"Wee die Dag de loochenaars!","en":"Woe on that Day to the deniers"},"surah":null},{"id":5663,"surahId":77,"ayatId":41,"ayatNo":"٤١","pageNo":581,"ayatText":"اِنَّ الْمُتَّقٖينَ فٖي ظِلَالٍ وَعُيُونٍۙ","ayatMealText":{"tr":"Kuşkusuz takva sahipleri gölgeler altında ve pınar başlarındadır.","nl":"Voorwaar, de Moettaqôen verkeren in schaduwen en bij bronnen.","en":"Indeed, the righteous will be amid ˹cool˺ shade and springs"},"surah":null},{"id":5664,"surahId":77,"ayatId":42,"ayatNo":"٤٢","pageNo":581,"ayatText":"وَفَوَاكِهَ مِمَّا يَشْتَهُونَؕ","ayatMealText":{"tr":"Canlarının çektiğinden türlü meyveler arasındadırlar.","nl":"En er zijn vruchten die zij wensen.","en":"and any fruit they desire"},"surah":null},{"id":5665,"surahId":77,"ayatId":43,"ayatNo":"٤٣","pageNo":581,"ayatText":"كُلُوا وَاشْرَبُوا هَنٖٓيـٔاً بِمَا كُنْتُمْ تَعْمَلُونَ","ayatMealText":{"tr":"(Onlara): \"Yaptıklarınıza karşılık afiyetle yiyin, için\" (denir).","nl":"(Er wordt gezegd:) \"Eet en drinkt smakelijk voor wat jullie plachten te verrichten.\"","en":"˹They will be told,˺ “Eat and drink happily for what you used to do.”"},"surah":null},{"id":5666,"surahId":77,"ayatId":44,"ayatNo":"٤٤","pageNo":581,"ayatText":"اِنَّا كَذٰلِكَ نَجْزِي الْمُحْسِنٖينَ","ayatMealText":{"tr":"İşte biz güzel amel işleyenleri böyle mükafatlandırırız.","nl":"Voorwaar, zo belonen Wij de weldoeners.","en":"Surely this is how We reward the good-doers"},"surah":null},{"id":5667,"surahId":77,"ayatId":45,"ayatNo":"٤٥","pageNo":581,"ayatText":"وَيْلٌ يَوْمَئِذٍ لِلْمُكَذِّبٖينَ","ayatMealText":{"tr":"O gün yalanlayanların vay haline!","nl":"Wee die Dag de loochenaars!","en":"˹But˺ woe on that Day to the deniers"},"surah":null},{"id":5668,"surahId":77,"ayatId":46,"ayatNo":"٤٦","pageNo":581,"ayatText":"كُلُوا وَتَمَتَّعُوا قَلٖيلاً اِنَّكُمْ مُجْرِمُونَ","ayatMealText":{"tr":"Yiyin, zevklenin biraz, çünkü siz suçlularsınız.","nl":"Eet en geniet even: voorwaar, jullie zijn misdadigers.","en":"“Eat and enjoy yourselves for a little while, ˹for˺ you are truly wicked.”"},"surah":null},{"id":5669,"surahId":77,"ayatId":47,"ayatNo":"٤٧","pageNo":581,"ayatText":"وَيْلٌ يَوْمَئِذٍ لِلْمُكَذِّبٖينَ","ayatMealText":{"tr":"O gün yalanlayanların vay haline!","nl":"Wee die Dag de loochenaars!","en":"Woe on that Day to the deniers"},"surah":null},{"id":5670,"surahId":77,"ayatId":48,"ayatNo":"٤٨","pageNo":581,"ayatText":"وَاِذَا قٖيلَ لَهُمُ ارْكَعُوا لَا يَرْكَعُونَ","ayatMealText":{"tr":"Onlara: \"Rüku edin\" denildiği zaman etmezler.","nl":"En wanneer er tot hen gezegd wordt: \"Buigt jullie (in de shalât),\" dan buigen zij niet.","en":"When it is said to them, “Bow down ˹before Allah,” they do not bow"},"surah":null},{"id":5671,"surahId":77,"ayatId":49,"ayatNo":"٤٩","pageNo":581,"ayatText":"وَيْلٌ يَوْمَئِذٍ لِلْمُكَذِّبٖينَ","ayatMealText":{"tr":"Vay haline o gün yalanlayanların!","nl":"Wee die Dag de loochenaars!","en":"Woe on that Day to the deniers"},"surah":null},{"id":5672,"surahId":77,"ayatId":50,"ayatNo":"٥٠","pageNo":581,"ayatText":"فَبِاَيِّ حَدٖيثٍ بَعْدَهُ يُؤْمِنُونَ","ayatMealText":{"tr":"Artık bundan (Kur'an'dan) sonra hangi söze inanacaklar?","nl":"In welk Woord na hem (de Koran) zullen zij dan geloven?","en":"So what message after this ˹Quran˺ would they believe in"},"surah":null}]}