{"juzNo":30,"pageNo":582,"arCuzNo":"۳۰","arPageNo":"٥۸۲","quranAyats":[{"id":5673,"surahId":78,"ayatId":1,"ayatNo":"١","pageNo":582,"ayatText":"عَمَّ يَتَسَٓاءَلُونَۚ","ayatMealText":{"tr":"Birbirlerine neyi soruyorlar?","nl":"Waarover stellen zij elkaar vragen?","en":"What are they asking one another about"},"surah":{"surahId":78,"name":"Nebe","nameAr":"النَّبَأِ","revelationOrder":80,"verseCount":40,"juzNo":30,"firstPage":582}},{"id":5674,"surahId":78,"ayatId":2,"ayatNo":"٢","pageNo":582,"ayatText":"عَنِ النَّبَأِ الْعَظٖيمِۙ","ayatMealText":{"tr":"O büyük haberden (kıyametten) mi?","nl":"Over de geweldige aankondiging.","en":"About the momentous news"},"surah":null},{"id":5675,"surahId":78,"ayatId":3,"ayatNo":"٣","pageNo":582,"ayatText":"اَلَّذٖي هُمْ فٖيهِ مُخْتَلِفُونَؕ","ayatMealText":{"tr":"Ki onlar onda ayrılığa düşmektedirler.","nl":"Waarover zij redetwisten.","en":"over which they disagree"},"surah":null},{"id":5676,"surahId":78,"ayatId":4,"ayatNo":"٤","pageNo":582,"ayatText":"كَلَّا سَيَعْلَمُونَۙ","ayatMealText":{"tr":"Hayır, ilerde bilecekler.","nl":"Nee! Zij zullen het weten.","en":"But no! They will come to know"},"surah":null},{"id":5677,"surahId":78,"ayatId":5,"ayatNo":"٥","pageNo":582,"ayatText":"ثُمَّ كَلَّا سَيَعْلَمُونَ","ayatMealText":{"tr":"Hayır hayır, ilerde bilecekler.","nl":"Nogmaals nee, zij zullen het weten.","en":"Again, no! They will come to know"},"surah":null},{"id":5678,"surahId":78,"ayatId":6,"ayatNo":"٦","pageNo":582,"ayatText":"اَلَمْ نَجْعَلِ الْاَرْضَ مِهَاداًۙ","ayatMealText":{"tr":"Biz yeryüzünü bir beşik yapmadık mı?","nl":"Hebben Wij de aarde niet tot een uitgespreide plaats gemaakt?","en":"Have We not smoothed out the earth ˹like a bed˺"},"surah":null},{"id":5679,"surahId":78,"ayatId":7,"ayatNo":"٧","pageNo":582,"ayatText":"وَالْجِبَالَ اَوْتَاداًࣕ","ayatMealText":{"tr":"Dağları da birer kazık kılmadık mı?","nl":"En de bergen als pinnen?","en":"and ˹made˺ the mountains as ˹its˺ pegs"},"surah":null},{"id":5680,"surahId":78,"ayatId":8,"ayatNo":"٨","pageNo":582,"ayatText":"وَخَلَقْنَاكُمْ اَزْوَاجاًۙ","ayatMealText":{"tr":"Sizleri çift çift yarattık.","nl":"En Wij hebben jullie in paren geschapen.","en":"and created you in pairs"},"surah":null},{"id":5681,"surahId":78,"ayatId":9,"ayatNo":"٩","pageNo":582,"ayatText":"وَجَعَلْنَا نَوْمَكُمْ سُبَاتاًۙ","ayatMealText":{"tr":"Uykunuzu bir dinlenme yaptık.","nl":"En Wij hebben voor jullie de slaap gemaakt, als rust.","en":"and made your sleep for rest"},"surah":null},{"id":5682,"surahId":78,"ayatId":10,"ayatNo":"١٠","pageNo":582,"ayatText":"وَجَعَلْنَا الَّيْلَ لِبَاساًۙ","ayatMealText":{"tr":"Geceyi bir örtü yaptık.","nl":"En Wij hebben de nacht als een bedekking gemaakt.","en":"and made the night as a cover"},"surah":null},{"id":5683,"surahId":78,"ayatId":11,"ayatNo":"١١","pageNo":582,"ayatText":"وَجَعَلْنَا النَّهَارَ مَعَاشاًࣕ","ayatMealText":{"tr":"Gündüzü de bir geçim zamanı yaptık.","nl":"En Wij hebben de dag gemaakt om levensonderhoud te zoeken.","en":"and made the day for livelihood"},"surah":null},{"id":5684,"surahId":78,"ayatId":12,"ayatNo":"١٢","pageNo":582,"ayatText":"وَبَنَيْنَا فَوْقَكُمْ سَبْعاً شِدَاداًۙ","ayatMealText":{"tr":"Üstünüze yedi sağlam bina (gök) çattık.","nl":"En Wij hebben boven jullie zeven hechte hemelen gebouwd.","en":"and built above you seven mighty ˹heavens˺"},"surah":null},{"id":5685,"surahId":78,"ayatId":13,"ayatNo":"١٣","pageNo":582,"ayatText":"وَجَعَلْنَا سِرَاجاً وَهَّاجاًࣕ","ayatMealText":{"tr":"İçlerine ışık saçan bir kandil astık.","nl":"En Wij hebben daarin een stralende lamp geplaatst.","en":"and placed ˹in them˺ a shining lamp"},"surah":null},{"id":5686,"surahId":78,"ayatId":14,"ayatNo":"١٤","pageNo":582,"ayatText":"وَاَنْزَلْنَا مِنَ الْمُعْصِرَاتِ مَٓاءً ثَجَّاجاًۙ","ayatMealText":{"tr":"Yoğunlaşmış bulutlardan şarıl şarıl bir su indirdik.","nl":"En Wij hebben uit de wolken stromend water gezonden.","en":"and sent down from rainclouds pouring water"},"surah":null},{"id":5687,"surahId":78,"ayatId":15,"ayatNo":"١٥","pageNo":582,"ayatText":"لِنُخْرِجَ بِهٖ حَباًّ وَنَبَاتاًۙ","ayatMealText":{"tr":"Onunla taneler ve otlar çıkaralım diye.","nl":"Opdat Wij daarmee graan en planten voortbrengen.","en":"producing by it grain and ˹various˺ plants"},"surah":null},{"id":5688,"surahId":78,"ayatId":16,"ayatNo":"١٦","pageNo":582,"ayatText":"وَجَنَّاتٍ اَلْفَافاًؕ","ayatMealText":{"tr":"Ve sarmaş dolaş bağlar bahçeler (çıkaralım diye).","nl":"En dichtbegroeide tuinen.","en":"and dense orchards"},"surah":null},{"id":5689,"surahId":78,"ayatId":17,"ayatNo":"١٧","pageNo":582,"ayatText":"اِنَّ يَوْمَ الْفَصْلِ كَانَ مٖيقَاتاًۙ","ayatMealText":{"tr":"Kuşkusuz o hüküm günü kararlaştırılmış bir vakit olmuştur.","nl":"Voorwaar, de Dag van de Beoordeling is op een vastgesteld tijdstip.","en":"Indeed, the Day of ˹Final˺ Decision is an appointed time—"},"surah":null},{"id":5690,"surahId":78,"ayatId":18,"ayatNo":"١٨","pageNo":582,"ayatText":"يَوْمَ يُنْفَخُ فِي الصُّورِ فَتَأْتُونَ اَفْوَاجاًۙ","ayatMealText":{"tr":"O gün Sûr'a üflenir, bölük bölük gelirsiniz.","nl":"De Dag waarop op de bazuin wordt geblazen zullen jullie komen, groep na groep.","en":"˹it is˺ the Day the Trumpet will be blown, and you will ˹all˺ come forth in crowds"},"surah":null},{"id":5691,"surahId":78,"ayatId":19,"ayatNo":"١٩","pageNo":582,"ayatText":"وَفُتِحَتِ السَّمَٓاءُ فَكَانَتْ اَبْوَاباًۙ","ayatMealText":{"tr":"Gök de açılmış, kapı kapı olmuştur.","nl":"En de hemel wordt geopend en zij heeft vele poorten.","en":"The sky will be ˹split˺ open, becoming ˹many˺ gates"},"surah":null},{"id":5692,"surahId":78,"ayatId":20,"ayatNo":"٢٠","pageNo":582,"ayatText":"وَسُيِّرَتِ الْجِبَالُ فَكَانَتْ سَرَاباًؕ","ayatMealText":{"tr":"Dağlar yürütülmüş, serap olmuştur.","nl":"En de bergen worden verpulverd en worden tot luchtspiegelingen.","en":"and the mountains will be blown away, becoming ˹like˺ a mirage"},"surah":null},{"id":5693,"surahId":78,"ayatId":21,"ayatNo":"٢١","pageNo":582,"ayatText":"اِنَّ جَهَنَّمَ كَانَتْ مِرْصَاداًۙ","ayatMealText":{"tr":"Kuşkusuz Cehennem gözetleme yeri olmuştur.","nl":"Voorwaar, de Hel is als een hinderlaag.","en":"Indeed, Hell is lying in ambush"},"surah":null},{"id":5694,"surahId":78,"ayatId":22,"ayatNo":"٢٢","pageNo":582,"ayatText":"لِلطَّاغٖينَ مَاٰباًۙ","ayatMealText":{"tr":"Azgınlar için son varılacak yer olmuştur.","nl":"Een bestemmingsoord voor de overtreders.","en":"as a home for the transgressors"},"surah":null},{"id":5695,"surahId":78,"ayatId":23,"ayatNo":"٢٣","pageNo":582,"ayatText":"لَابِثٖينَ فٖيهَٓا اَحْقَاباًۚ","ayatMealText":{"tr":"Orada çağlarca kalacaklardır.","nl":"Zij verblijven eeuwig daarin.","en":"where they will remain for ˹endless˺ ages"},"surah":null},{"id":5696,"surahId":78,"ayatId":24,"ayatNo":"٢٤","pageNo":582,"ayatText":"لَا يَذُوقُونَ فٖيهَا بَرْداً وَلَا شَرَاباًۙ","ayatMealText":{"tr":"Orada ne bir serinlik tadacaklar, ne de içecek bir şey.","nl":"Zij zullen daarin geen koelte en geen drank proeven.","en":"There they will not taste any coolness or drink"},"surah":null},{"id":5697,"surahId":78,"ayatId":25,"ayatNo":"٢٥","pageNo":582,"ayatText":"اِلَّا حَمٖيماً وَغَسَّاقاًۙ","ayatMealText":{"tr":"Ancak bir kaynar su ve irin (içecekler).","nl":"Behalve kokend water en etter.","en":"except boiling water and ˹oozing˺ pus—"},"surah":null},{"id":5698,"surahId":78,"ayatId":26,"ayatNo":"٢٦","pageNo":582,"ayatText":"جَزَٓاءً وِفَاقاً","ayatMealText":{"tr":"Bir ceza ki tam yaptıklarına uygun.","nl":"Als passende vergelding.","en":"a fitting reward"},"surah":null},{"id":5699,"surahId":78,"ayatId":27,"ayatNo":"٢٧","pageNo":582,"ayatText":"اِنَّهُمْ كَانُوا لَا يَرْجُونَ حِسَاباًۙ","ayatMealText":{"tr":"Çünkü onlar hiçbir hesap ummazlardı.","nl":"Voorwaar, zij verwachtten nooit een afrekening.","en":"For they never expected any reckoning"},"surah":null},{"id":5700,"surahId":78,"ayatId":28,"ayatNo":"٢٨","pageNo":582,"ayatText":"وَكَذَّبُوا بِاٰيَاتِنَا كِذَّاباًؕ","ayatMealText":{"tr":"Âyetlerimizi yalanlaya yalanlaya tam bir yalancı olmuşlardı.","nl":"En loochenden Onze Verzen geheel.","en":"and totally rejected Our signs"},"surah":null},{"id":5701,"surahId":78,"ayatId":29,"ayatNo":"٢٩","pageNo":582,"ayatText":"وَكُلَّ شَيْءٍ اَحْصَيْنَاهُ كِتَاباً","ayatMealText":{"tr":"Biz ise herşeyi sayıp bir kitaba geçirmişiz.","nl":"En Wij hebben alle zaken in een Boek opgesomd.","en":"And We have everything recorded precisely"},"surah":null},{"id":5702,"surahId":78,"ayatId":30,"ayatNo":"٣٠","pageNo":582,"ayatText":"فَذُوقُوا فَلَنْ نَزٖيدَكُمْ اِلَّا عَذَاباًࣖ","ayatMealText":{"tr":"(Onlara): \"Şimdi tadın (cezanızı). Artık size azabınızı artırmaktan başka bir şey yapmayacağız\" (denir).","nl":"Proeft daarom de straf, en er is voor jullie geen vermeerdering, behalve van de bestraffing.","en":"˹So the deniers will be told,˺ “Taste ˹the punishment˺, for all you will get from Us is more torment.”"},"surah":null}]}