{"juzNo":30,"pageNo":583,"arCuzNo":"۳۰","arPageNo":"٥۸۳","quranAyats":[{"id":5703,"surahId":78,"ayatId":31,"ayatNo":"٣١","pageNo":583,"ayatText":"اِنَّ لِلْمُتَّقٖينَ مَفَازاًۙ","ayatMealText":{"tr":"Kuşkusuz takva sahipleri için bir kurtuluş var.","nl":"Voorwaar, voor de Moettaqôen is er een overwinning.","en":"Indeed, the righteous will have salvation—"},"surah":{"surahId":78,"name":"Nebe","nameAr":"النَّبَأِ","revelationOrder":80,"verseCount":40,"juzNo":30,"firstPage":582}},{"id":5704,"surahId":78,"ayatId":32,"ayatNo":"٣٢","pageNo":583,"ayatText":"حَدَٓائِقَ وَاَعْنَاباًۙ","ayatMealText":{"tr":"Bahçeler var, bağlar var.","nl":"Tuinen en druivenstruiken.","en":"Gardens, vineyards"},"surah":null},{"id":5705,"surahId":78,"ayatId":33,"ayatNo":"٣٣","pageNo":583,"ayatText":"وَكَوَاعِبَ اَتْرَاباًۙ","ayatMealText":{"tr":"Memeleri tomurcuklanmış yaşıt kızlar var.","nl":"En jeugdige gezellinnen, gelijk in leeftijd.","en":"and full-bosomed maidens of equal age"},"surah":null},{"id":5706,"surahId":78,"ayatId":34,"ayatNo":"٣٤","pageNo":583,"ayatText":"وَكَأْساً دِهَاقاًؕ","ayatMealText":{"tr":"Dopdolu kadehler var.","nl":"En een gevulde beker.","en":"and full cups ˹of pure wine˺"},"surah":null},{"id":5707,"surahId":78,"ayatId":35,"ayatNo":"٣٥","pageNo":583,"ayatText":"لَا يَسْمَعُونَ فٖيهَا لَغْواً وَلَا كِذَّاباًۚ","ayatMealText":{"tr":"Orada ne boş bir söz işitirler, ne de bir yalan.","nl":"Zij horen daar geen onzin en geen leugens.","en":"never to hear any idle talk or lying therein—"},"surah":null},{"id":5708,"surahId":78,"ayatId":36,"ayatNo":"٣٦","pageNo":583,"ayatText":"جَزَٓاءً مِنْ رَبِّكَ عَطَٓاءً حِسَاباًۙ","ayatMealText":{"tr":"(Bunlar) Rabbinden yeterli bir bağış olarak (verilir).","nl":"Als een beloning van jouw Heer, als afrekenende gift.","en":"a ˹fitting˺ reward as a generous gift from your Lord"},"surah":null},{"id":5709,"surahId":78,"ayatId":37,"ayatNo":"٣٧","pageNo":583,"ayatText":"رَبِّ السَّمٰوَاتِ وَالْاَرْضِ وَمَا بَيْنَهُمَاۙ الرَّحْمٰنِ لَا يَمْلِكُونَ مِنْهُ خِطَاباًۙ","ayatMealText":{"tr":"O, göklerin, yerin ve bu ikisi arasındakilerin Rabbidir. Rahmân'dır. Hiç kimse ondan bir hitaba mâlik olamaz.","nl":"De Heer der hemelen en der aarde en wat er tussen beide is, de Barmhartige. Zij zijn niet in staat Hem aan te spreken.","en":"the Lord of the heavens and the earth and everything in between, the Most Compassionate. No one will dare speak to Him"},"surah":null},{"id":5710,"surahId":78,"ayatId":38,"ayatNo":"٣٨","pageNo":583,"ayatText":"يَوْمَ يَقُومُ الرُّوحُ وَالْمَلٰٓئِكَةُ صَفاًّؕ لَا يَتَكَلَّمُونَ اِلَّا مَنْ اَذِنَ لَهُ الرَّحْمٰنُ وَقَالَ صَوَاباً","ayatMealText":{"tr":"O gün Ruh ve melekler sıra sıra dururlar. Rahmân'ın izin verdikleri dışında hiç kimse konuşamaz. İzin verilen de doğruyu söyler.","nl":"Op die Dag staan de Geest (Djibrîl) en de Engelen in rijen opgesteld. Zij spreken niet, behalve na wie de Barmhartige toestemming verleent en die zegt wat juist is.","en":"on the Day the ˹holy˺ spirit and the angels will stand in ranks. None will talk, except those granted permission by the Most Compassionate and whose words are true"},"surah":null},{"id":5711,"surahId":78,"ayatId":39,"ayatNo":"٣٩","pageNo":583,"ayatText":"ذٰلِكَ الْيَوْمُ الْحَقُّۚ فَمَنْ شَٓاءَ اتَّخَذَ اِلٰى رَبِّهٖ مَاٰباً","ayatMealText":{"tr":"İşte bu hak gündür. Artık dileyen Rabbine bir yol tutar.","nl":"Dat is de Dag van de Waarheid. Laat wie wil daarom een terugkeer naar zijn Heer afleggen.","en":"That Day is the ˹ultimate˺ truth. So let whoever wills take the path leading back to their Lord"},"surah":null},{"id":5712,"surahId":78,"ayatId":40,"ayatNo":"٤٠","pageNo":583,"ayatText":"اِنَّٓا اَنْذَرْنَاكُمْ عَذَاباً قَرٖيباًۚ يَوْمَ يَنْظُرُ الْمَرْءُ مَا قَدَّمَتْ يَدَاهُ وَيَقُولُ الْكَافِرُ يَا لَيْتَنٖي كُنْتُ تُرَاباً","ayatMealText":{"tr":"Biz sizi yakın bir azap ile uyardık. O gün kişi ellerinin ne takdim ettiğine bakacak ve kâfir diyecek ki: \"Ah ne olaydı, ben bir toprak olaydım.\"","nl":"Voorwaar, Wij hebben jullie gewaarschuwd voor een nabije bestraffing op de Dag dat de mens zal kijken naar wat zijn handen vroeger bedreven, en waarop de ongelovige zal zeggen: \"O wee, was ik maar aarde.\"","en":"Indeed, We have warned you of an imminent punishment—the Day every person will see ˹the consequences of˺ what their hands have done, and the disbelievers will cry, “I wish I were dust.”"},"surah":null},{"id":5713,"surahId":79,"ayatId":1,"ayatNo":"١","pageNo":583,"ayatText":"وَالنَّازِعَاتِ غَرْقاًۙ","ayatMealText":{"tr":"Andolsun şiddetle çekip çıkaranlara,","nl":"Bij de hard uitrukkenden.","en":"By those ˹angels˺ stripping out ˹evil souls˺ harshly"},"surah":{"surahId":79,"name":"Naziât","nameAr":"النَّازِعَاتِ","revelationOrder":81,"verseCount":46,"juzNo":30,"firstPage":583}},{"id":5714,"surahId":79,"ayatId":2,"ayatNo":"٢","pageNo":583,"ayatText":"وَالنَّاشِطَاتِ نَشْطاًۙ","ayatMealText":{"tr":"Usulcacık çekenlere,","nl":"Bij de zacht uittrekkenden.","en":"and those pulling out ˹good souls˺ gently"},"surah":null},{"id":5715,"surahId":79,"ayatId":3,"ayatNo":"٣","pageNo":583,"ayatText":"وَالسَّابِحَاتِ سَبْحاًۙ","ayatMealText":{"tr":"Yüzüp yüzüp gidenlere,","nl":"Bij de snel uitvoerenden.","en":"and those gliding ˹through heavens˺ swiftly"},"surah":null},{"id":5716,"surahId":79,"ayatId":4,"ayatNo":"٤","pageNo":583,"ayatText":"فَالسَّابِقَاتِ سَبْقاًۙ","ayatMealText":{"tr":"Yarışıp geçenlere,","nl":"De snel voorbijstrevenden.","en":"and those taking the lead vigorously"},"surah":null},{"id":5717,"surahId":79,"ayatId":5,"ayatNo":"٥","pageNo":583,"ayatText":"فَالْمُدَبِّرَاتِ اَمْراًۘ","ayatMealText":{"tr":"Derken bir iş çevirenlere kasem olsun (ki kıyamet var).","nl":"De uitvoerenden van een bevel.","en":"and those conducting affairs ˹obediently˺"},"surah":null},{"id":5718,"surahId":79,"ayatId":6,"ayatNo":"٦","pageNo":583,"ayatText":"يَوْمَ تَرْجُفُ الرَّاجِفَةُۙ","ayatMealText":{"tr":"O gün deprem sarsar,","nl":"Op de Dag waarop de bevende doet beven.","en":"˹Consider˺ the Day ˹when˺ the quaking Blast will come to pass"},"surah":null},{"id":5719,"surahId":79,"ayatId":7,"ayatNo":"٧","pageNo":583,"ayatText":"تَتْبَعُهَا الرَّادِفَةُؕ","ayatMealText":{"tr":"Onu ikinci bir sarsıntı izler.","nl":"Zal deze gevolgd worden door de (tweede) beving.","en":"followed by a second Blast"},"surah":null},{"id":5720,"surahId":79,"ayatId":8,"ayatNo":"٨","pageNo":583,"ayatText":"قُلُوبٌ يَوْمَئِذٍ وَاجِفَةٌۙ","ayatMealText":{"tr":"Yürekler vardır, o gün kaygıdan hoplar.","nl":"De harten zullen op die Dag bonzen.","en":"˹The deniers’˺ hearts on that Day will be trembling ˹in horror˺"},"surah":null},{"id":5721,"surahId":79,"ayatId":9,"ayatNo":"٩","pageNo":583,"ayatText":"اَبْصَارُهَا خَاشِعَةٌۘ","ayatMealText":{"tr":"Gözler kalkmaz saygıdan.","nl":"Hun ogen zullen angstig teneergeslagen zijn.","en":"with their eyes downcast"},"surah":null},{"id":5722,"surahId":79,"ayatId":10,"ayatNo":"١٠","pageNo":583,"ayatText":"يَقُولُونَ ءَاِنَّا لَمَرْدُودُونَ فِي الْحَافِرَةِؕ","ayatMealText":{"tr":"Diyorlar ki: \"Biz tekrar eski halimize mi döndürülecekmişiz?","nl":"Zij zeggen: \"Zullen wij zeker worden teruggebracht in de vorige staat?","en":"˹But now˺ they ask ˹mockingly˺, “Will we really be restored to our former state"},"surah":null},{"id":5723,"surahId":79,"ayatId":11,"ayatNo":"١١","pageNo":583,"ayatText":"ءَاِذَا كُنَّا عِظَاماً نَخِرَةًؕ","ayatMealText":{"tr":"\"Biz, çürümüş kemikler olduktan sonra ha?\"","nl":"Als wij vergruisde beenderen zijn geworden?\"","en":"even after we have been reduced to decayed bones?”"},"surah":null},{"id":5724,"surahId":79,"ayatId":12,"ayatNo":"١٢","pageNo":583,"ayatText":"قَالُوا تِلْكَ اِذاً كَرَّةٌ خَاسِرَةٌۘ","ayatMealText":{"tr":"\"Öyleyse bu çok zararlı bir dönüştür.\" dediler.","nl":"Zij zeggen: \"Dat is dan een verliesgevende terugkeer.","en":"Adding, “Then such a return would be a ˹total˺ loss ˹for us˺!”"},"surah":null},{"id":5725,"surahId":79,"ayatId":13,"ayatNo":"١٣","pageNo":583,"ayatText":"فَاِنَّمَا هِيَ زَجْرَةٌ وَاحِدَةٌۙ","ayatMealText":{"tr":"Fakat o bir tek haykırıştır.","nl":"En voorwaar, het zal slechts één enkele stoot zijn.","en":"But indeed, it will take only one ˹mighty˺ Blast"},"surah":null},{"id":5726,"surahId":79,"ayatId":14,"ayatNo":"١٤","pageNo":583,"ayatText":"فَاِذَا هُمْ بِالسَّاهِرَةِؕ","ayatMealText":{"tr":"Bir de bakarsın hepsi meydandadır.","nl":"En dan staan zij op het aardoppervlak.","en":"and at once they will be above ground"},"surah":null}]}