{"juzNo":30,"pageNo":584,"arCuzNo":"۳۰","arPageNo":"٥۸٤","quranAyats":[{"id":5727,"surahId":79,"ayatId":15,"ayatNo":"١٥","pageNo":584,"ayatText":"هَلْ اَتٰيكَ حَدٖيثُ مُوسٰىۘ","ayatMealText":{"tr":"Musa'nın haberi sana geldi mi?","nl":"Heeft het verhaal van Môesa jou bereikt?","en":"Has the story of Moses reached you ˹O Prophet˺"},"surah":{"surahId":79,"name":"Naziât","nameAr":"النَّازِعَاتِ","revelationOrder":81,"verseCount":46,"juzNo":30,"firstPage":583}},{"id":5728,"surahId":79,"ayatId":16,"ayatNo":"١٦","pageNo":584,"ayatText":"اِذْ نَادٰيهُ رَبُّهُ بِالْوَادِ الْمُقَدَّسِ طُوًىۚ","ayatMealText":{"tr":"Hani Rabbi ona kutsal vaadi Tuva'da seslenmişti:","nl":"Toen zijn Heer hem riep in de heilige vallei van Thoewa.","en":"His Lord called him in the sacred valley of Ṭuwa"},"surah":null},{"id":5729,"surahId":79,"ayatId":17,"ayatNo":"١٧","pageNo":584,"ayatText":"اِذْهَبْ اِلٰى فِرْعَوْنَ اِنَّهُ طَغٰىؗ","ayatMealText":{"tr":"\"Haydi, demişti, git Firavun'a, çünkü o çok azdı.\"","nl":"(Allah zei:) \"Ga naar Fir'aun: voorwaar, hij was in overtreding.","en":"˹commanding,˺ “Go to Pharaoh, for he has truly transgressed ˹all bounds˺"},"surah":null},{"id":5730,"surahId":79,"ayatId":18,"ayatNo":"١٨","pageNo":584,"ayatText":"فَقُلْ هَلْ لَكَ اِلٰٓى اَنْ تَزَكّٰىۙ","ayatMealText":{"tr":"De ki: İster misin arınasın?","nl":"En zeg tot hem: \"Heb jij de wil om jezelf te reinigen (van zonde)?","en":"And say, ‘Would you ˹be willing to˺ purify yourself"},"surah":null},{"id":5731,"surahId":79,"ayatId":19,"ayatNo":"١٩","pageNo":584,"ayatText":"وَاَهْدِيَكَ اِلٰى رَبِّكَ فَتَخْشٰىۚ","ayatMealText":{"tr":"Seni Rabbinin yoluna ileteyim de ondan korkasın.","nl":"En dat ik jou tot jouw Heer zal leiden, zodat jij (Hem) vreest?\"","en":"and let me guide you to your Lord so that you will be in awe ˹of Him˺?’”"},"surah":null},{"id":5732,"surahId":79,"ayatId":20,"ayatNo":"٢٠","pageNo":584,"ayatText":"فَاَرٰيهُ الْاٰيَةَ الْكُبْرٰىؗ","ayatMealText":{"tr":"Musa Firavun'a o büyük mucizeyi gösterdi.","nl":"En hij toonde hem de grote Tekenen (wonderen).","en":"Then Moses showed him the great sign"},"surah":null},{"id":5733,"surahId":79,"ayatId":21,"ayatNo":"٢١","pageNo":584,"ayatText":"فَكَذَّبَ وَعَصٰىؗ","ayatMealText":{"tr":"Fakat Firavun yalanladı, karşı geldi.","nl":"Maar hij loochende en was ongehoorzaam.","en":"but he denied and disobeyed ˹Allah˺"},"surah":null},{"id":5734,"surahId":79,"ayatId":22,"ayatNo":"٢٢","pageNo":584,"ayatText":"ثُمَّ اَدْبَرَ يَسْعٰىؗ","ayatMealText":{"tr":"Sonra koşarak dönüp gitti.","nl":"Vervolgens draaide hij zich om en vluchtte.","en":"then turned his back, striving ˹against the truth˺"},"surah":null},{"id":5735,"surahId":79,"ayatId":23,"ayatNo":"٢٣","pageNo":584,"ayatText":"فَحَشَرَ فَنَادٰىؗ","ayatMealText":{"tr":"Derken adamlarını topladı da bağırdı:","nl":"Toen verzamelde hij (zijn tovenaars) en riep uit.","en":"Then he summoned ˹his people˺ and called out"},"surah":null},{"id":5736,"surahId":79,"ayatId":24,"ayatNo":"٢٤","pageNo":584,"ayatText":"فَقَالَ اَنَا۬ رَبُّكُمُ الْاَعْلٰىؗ","ayatMealText":{"tr":"\"Ben sizin en yüce Rabbinizim\" dedi.","nl":"En zei: \"Ik ben jullie heer, de hoogste.\"","en":"saying, “I am your lord, the most high!”"},"surah":null},{"id":5737,"surahId":79,"ayatId":25,"ayatNo":"٢٥","pageNo":584,"ayatText":"فَاَخَذَهُ اللّٰهُ نَكَالَ الْاٰخِرَةِ وَالْاُو۫لٰىؕ","ayatMealText":{"tr":"Allah da onu tuttu, dünya ve ahiret azabıyla yakalayıverdi.","nl":"En Allah greep hem met de bestraffing voor het eerste en het laatste (van wat hij zei).\"","en":"So Allah overtook him, making him an example in this life and the next"},"surah":null},{"id":5738,"surahId":79,"ayatId":26,"ayatNo":"٢٦","pageNo":584,"ayatText":"اِنَّ فٖي ذٰلِكَ لَعِبْرَةً لِمَنْ يَخْشٰىؕࣖ","ayatMealText":{"tr":"Kuşkusuz bunda, saygı duyacaklar için bir ibret vardır.","nl":"Voorwaar, daarin is zeker onderricht voor wie (Allah) vreest.","en":"Surely in this is a lesson for whoever stands in awe of ˹Allah˺"},"surah":null},{"id":5739,"surahId":79,"ayatId":27,"ayatNo":"٢٧","pageNo":584,"ayatText":"ءَاَنْتُمْ اَشَدُّ خَلْقاً اَمِ السَّمَٓاءُؕ بَنٰيهَاࣞ","ayatMealText":{"tr":"Yaratılışça siz mi daha çetinsiniz, yoksa gök mü? Onu Allah bina etti.","nl":"Is de schepping van jullie moeilijker dan die van de hemel die Hij gebouwd heeft?","en":"Which is harder to create: you or the sky? He built it"},"surah":null},{"id":5740,"surahId":79,"ayatId":28,"ayatNo":"٢٨","pageNo":584,"ayatText":"رَفَعَ سَمْكَهَا فَسَوّٰيهَاۙ","ayatMealText":{"tr":"Tavanını yükseltti, onu bir düzene koydu.","nl":"Hij verhief haar (de hemel) en vervolmaakte haar.","en":"raising it high and forming it flawlessly"},"surah":null},{"id":5741,"surahId":79,"ayatId":29,"ayatNo":"٢٩","pageNo":584,"ayatText":"وَاَغْطَشَ لَيْلَهَا وَاَخْرَجَ ضُحٰيهَاࣕ","ayatMealText":{"tr":"Gecesini kararttı, kuşluğunu çıkardı.","nl":"En Hij maakte haar nacht duister en Hij maakte haar dag licht.","en":"He dimmed its night, and brought forth its daylight"},"surah":null},{"id":5742,"surahId":79,"ayatId":30,"ayatNo":"٣٠","pageNo":584,"ayatText":"وَالْاَرْضَ بَعْدَ ذٰلِكَ دَحٰيهَاؕ","ayatMealText":{"tr":"Bundan sonra da yeryüzünü döşedi.","nl":"En daarna spreidde Hij de aarde uit.","en":"As for the earth, He spread it out as well"},"surah":null},{"id":5743,"surahId":79,"ayatId":31,"ayatNo":"٣١","pageNo":584,"ayatText":"اَخْرَجَ مِنْهَا مَٓاءَهَا وَمَرْعٰيهَاࣕ","ayatMealText":{"tr":"Ondan suyunu ve otlağını çıkardı.","nl":"En Hij bracht uit haar haar water en planten tevoorschijn.","en":"bringing forth its water and pastures"},"surah":null},{"id":5744,"surahId":79,"ayatId":32,"ayatNo":"٣٢","pageNo":584,"ayatText":"وَالْجِبَالَ اَرْسٰيهَاۙ","ayatMealText":{"tr":"Dağlarını oturttu.","nl":"En Hij verstevigde de bergen.","en":"and setting the mountains firmly ˹upon it˺—"},"surah":null},{"id":5745,"surahId":79,"ayatId":33,"ayatNo":"٣٣","pageNo":584,"ayatText":"مَتَاعاً لَكُمْ وَلِاَنْعَامِكُمْؕ","ayatMealText":{"tr":"Sizin ve hayvanlarınızın geçimi için.","nl":"Als een voorziening voor jullie en voor jullie vee.","en":"all as ˹a means of˺ sustenance for you and your animals"},"surah":null},{"id":5746,"surahId":79,"ayatId":34,"ayatNo":"٣٤","pageNo":584,"ayatText":"فَاِذَا جَٓاءَتِ الطَّٓامَّةُ الْكُبْرٰىؗ","ayatMealText":{"tr":"Fakat o her şeyi bastıran büyük felaket geldiği vakit,","nl":"Wanneer dan de overweldigende gebeurtenis plaatsvindt.","en":"But, when the Supreme Disaster comes to pass—"},"surah":null},{"id":5747,"surahId":79,"ayatId":35,"ayatNo":"٣٥","pageNo":584,"ayatText":"يَوْمَ يَتَذَكَّرُ الْاِنْسَانُ مَا سَعٰىۙ","ayatMealText":{"tr":"O, insanın neyin peşinde koştuğunu anladığı gün,","nl":"Op die Dag zal de mens zich herinneren wat hij bedreef.","en":"the Day every person will remember all ˹their˺ striving"},"surah":null},{"id":5748,"surahId":79,"ayatId":36,"ayatNo":"٣٦","pageNo":584,"ayatText":"وَبُرِّزَتِ الْجَحٖيمُ لِمَنْ يَرٰى","ayatMealText":{"tr":"Gören kimseler için cehennem hortlatıldığı vakit,","nl":"En de Hel zal getoond worden aan wie ziet.","en":"and the Hellfire will be displayed for all to see—"},"surah":null},{"id":5749,"surahId":79,"ayatId":37,"ayatNo":"٣٧","pageNo":584,"ayatText":"فَاَمَّا مَنْ طَغٰىۙ","ayatMealText":{"tr":"Artık her kim azgınlık etmiş,","nl":"Wat betreft degene die overtrad.","en":"then as for those who transgressed"},"surah":null},{"id":5750,"surahId":79,"ayatId":38,"ayatNo":"٣٨","pageNo":584,"ayatText":"وَاٰثَرَ الْحَيٰوةَ الدُّنْيَاۙ","ayatMealText":{"tr":"Ve dünya hayatını tercih etmişse,","nl":"En de voorkeur gaf aan het wereldse leven.","en":"and preferred the ˹fleeting˺ life of this world"},"surah":null},{"id":5751,"surahId":79,"ayatId":39,"ayatNo":"٣٩","pageNo":584,"ayatText":"فَاِنَّ الْجَحٖيمَ هِيَ الْمَأْوٰىؕ","ayatMealText":{"tr":"Kuşkusuz onun varacağı yer cehennemdir.","nl":"Voorwaar, de Hel is de verblijfplaats!","en":"the Hellfire will certainly be ˹their˺ home"},"surah":null},{"id":5752,"surahId":79,"ayatId":40,"ayatNo":"٤٠","pageNo":584,"ayatText":"وَاَمَّا مَنْ خَافَ مَقَامَ رَبِّهٖ وَنَهَى النَّفْسَ عَنِ الْهَوٰىۙ","ayatMealText":{"tr":"Kim de Rabbinin divanında durmaktan korkmuş, nefsini boş heveslerden menetmiş ise,","nl":"En wat betreft degene die de macht van zijn Heer vreesde en zijn ziel weerhield van slechte begeerten.","en":"And as for those who were in awe of standing before their Lord and restrained themselves from ˹evil˺ desires"},"surah":null},{"id":5753,"surahId":79,"ayatId":41,"ayatNo":"٤١","pageNo":584,"ayatText":"فَاِنَّ الْجَنَّةَ هِيَ الْمَأْوٰىؕ","ayatMealText":{"tr":"Kuşkusuz onun varacağı yer cennettir.","nl":"Voorwaar, het Paradijs is de verblijfplaats.","en":"Paradise will certainly be ˹their˺ home"},"surah":null},{"id":5754,"surahId":79,"ayatId":42,"ayatNo":"٤٢","pageNo":584,"ayatText":"يَسْـَٔلُونَكَ عَنِ السَّاعَةِ اَيَّانَ مُرْسٰيهَاؕ","ayatMealText":{"tr":"Sana o kıyameti soruyorlar, ne zaman kopacak diye.","nl":"Zij vragen jou naar het Uur: \"Wanneer zal het plaatsvinden?\"","en":"They ask you ˹O Prophet˺ regarding the Hour, “When will it be?”"},"surah":null},{"id":5755,"surahId":79,"ayatId":43,"ayatNo":"٤٣","pageNo":584,"ayatText":"فٖيمَ اَنْتَ مِنْ ذِ كْرٰيهَاؕ","ayatMealText":{"tr":"Sen nerde, onu anlatmak nerde?!","nl":"Hoe kan jij dat noemen?","en":"But it is not for you to tell its time"},"surah":null},{"id":5756,"surahId":79,"ayatId":44,"ayatNo":"٤٤","pageNo":584,"ayatText":"اِلٰى رَبِّكَ مُنْتَهٰيهَاؕ","ayatMealText":{"tr":"Onun son ilmi Rabbine aittir.","nl":"Bij jouw Heer is de kennis daarover.","en":"That knowledge rests with your Lord ˹alone˺"},"surah":null},{"id":5757,"surahId":79,"ayatId":45,"ayatNo":"٤٥","pageNo":584,"ayatText":"اِنَّمَٓا اَنْتَ مُنْذِرُ مَنْ يَخْشٰيهَاؕ","ayatMealText":{"tr":"Sen ancak ondan korkacak olanları uyarıcısın.","nl":"Voorwaar, jij bent slechts een vermaner voor wie het (Uur) vreest.","en":"Your duty is only to warn whoever is in awe of it"},"surah":null},{"id":5758,"surahId":79,"ayatId":46,"ayatNo":"٤٦","pageNo":584,"ayatText":"كَاَنَّهُمْ يَوْمَ يَرَوْنَهَا لَمْ يَلْبَثُٓوا اِلَّا عَشِيَّةً اَوْ ضُحٰيهَا","ayatMealText":{"tr":"Onlar o kıyameti görecekleri gün sanki dünyada bir akşam veya kuşluğundan başka durmamışa dönecekler.","nl":"Op de Dag dat zij het (Uur) zien, zal het zijn alsof zij slechts een avond of de morgen op de aarde verbleven.","en":"On the Day they see it, it will be as if they had stayed ˹in the world˺ no more than one evening or its morning"},"surah":null}]}