{"juzNo":30,"pageNo":586,"arCuzNo":"۳۰","arPageNo":"٥۸٦","quranAyats":[{"id":5792,"surahId":80,"ayatId":34,"ayatNo":"٣٤","pageNo":586,"ayatText":"يَوْمَ يَفِرُّ الْمَرْءُ مِنْ اَخٖيهِۙ","ayatMealText":{"tr":"O gün kişi kaçar, kardeşinden...","nl":"Op die Dag vlucht de mens van zijn broeder.","en":"on that Day every person will flee from their own siblings"},"surah":{"surahId":80,"name":"Abese","nameAr":"عَبَسَ","revelationOrder":24,"verseCount":42,"juzNo":30,"firstPage":585}},{"id":5793,"surahId":80,"ayatId":35,"ayatNo":"٣٥","pageNo":586,"ayatText":"وَاُمِّهٖ وَاَبٖيهِۙ","ayatMealText":{"tr":"Anasından, babasından..","nl":"En van zijn moeder en zijn vader.","en":"and ˹even˺ their mother and father"},"surah":null},{"id":5794,"surahId":80,"ayatId":36,"ayatNo":"٣٦","pageNo":586,"ayatText":"وَصَاحِبَتِهٖ وَبَنٖيهِؕ","ayatMealText":{"tr":"Eşinden ve oğullarından.","nl":"En van zijn vrouw en van zijn kinderen.","en":"and ˹even˺ their spouse and children"},"surah":null},{"id":5795,"surahId":80,"ayatId":37,"ayatNo":"٣٧","pageNo":586,"ayatText":"لِكُلِّ امْرِئٍ مِنْهُمْ يَوْمَئِذٍ شَأْنٌ يُغْنٖيهِؕ","ayatMealText":{"tr":"Onlardan her birinin o gün başından aşan işi vardır.","nl":"Een ieder ven hen zal op die Dag een bezigheid hebben die hem genoeg is.","en":"For then everyone will have enough concern of their own"},"surah":null},{"id":5796,"surahId":80,"ayatId":38,"ayatNo":"٣٨","pageNo":586,"ayatText":"وُجُوهٌ يَوْمَئِذٍ مُسْفِرَةٌۙ","ayatMealText":{"tr":"Yüzler var ki, o gün parıl parıl,","nl":"Gezichten (van de gelovigen) zullen op die Dag stralen.","en":"On that Day ˹some˺ faces will be bright"},"surah":null},{"id":5797,"surahId":80,"ayatId":39,"ayatNo":"٣٩","pageNo":586,"ayatText":"ضَاحِكَةٌ مُسْتَبْشِرَةٌۚ","ayatMealText":{"tr":"Güler, sevinir.","nl":"Lachend, verblijd.","en":"laughing and rejoicing"},"surah":null},{"id":5798,"surahId":80,"ayatId":40,"ayatNo":"٤٠","pageNo":586,"ayatText":"وَوُجُوهٌ يَوْمَئِذٍ عَلَيْهَا غَبَرَةٌۙ","ayatMealText":{"tr":"Yüzler de var ki, o gün tozlanmış,","nl":"En gezichten (van de ongelovigen) zullen op die Dag met stof bedekt Zijn.","en":"while ˹other˺ faces will be dusty"},"surah":null},{"id":5799,"surahId":80,"ayatId":41,"ayatNo":"٤١","pageNo":586,"ayatText":"تَرْهَقُهَا قَتَرَةٌؕ","ayatMealText":{"tr":"Onları karanlık bürümüş,","nl":"En een duisternis zal hen omhullen.","en":"cast in gloom—"},"surah":null},{"id":5800,"surahId":80,"ayatId":42,"ayatNo":"٤٢","pageNo":586,"ayatText":"اُو۬لٰٓئِكَ هُـمُ الْكَفَرَةُ الْفَجَرَةُ","ayatMealText":{"tr":"İşte onlardır kâfirler, haktan sapanlar.","nl":"Zij zijn degenen die de zondige ongelovigen zijn.","en":"those are the disbelievers, the ˹wicked˺ sinners"},"surah":null},{"id":5801,"surahId":81,"ayatId":1,"ayatNo":"١","pageNo":586,"ayatText":"اِذَا الشَّمْسُ كُوِّرَتْۙࣕ","ayatMealText":{"tr":"Güneş katlanıp dürüldüğünde,","nl":"Wanneer de zon opgerold wordt.","en":"When the sun is put out"},"surah":{"surahId":81,"name":"Tekvîr","nameAr":"التَّكْو۪يرِ","revelationOrder":7,"verseCount":29,"juzNo":30,"firstPage":586}},{"id":5802,"surahId":81,"ayatId":2,"ayatNo":"٢","pageNo":586,"ayatText":"وَاِذَا النُّجُومُ انْكَدَرَتْۙࣕ","ayatMealText":{"tr":"Yıldızlar bulandığında,","nl":"En wanneer de sterren vallen.","en":"and when the stars fall down"},"surah":null},{"id":5803,"surahId":81,"ayatId":3,"ayatNo":"٣","pageNo":586,"ayatText":"وَاِذَا الْجِبَالُ سُيِّرَتْۙࣕ","ayatMealText":{"tr":"Dağlar yürütüldüğünde,","nl":"En wanneer de bergen bewogen worden.","en":"and when the mountains are blown away"},"surah":null},{"id":5804,"surahId":81,"ayatId":4,"ayatNo":"٤","pageNo":586,"ayatText":"وَاِذَا الْعِشَارُ عُطِّلَتْۙࣕ","ayatMealText":{"tr":"Kıyılmaz mallar bırakıldığında,","nl":"En wanneer de drachtige kamelen achtergelaten worden.","en":"and when pregnant camels are left untended"},"surah":null},{"id":5805,"surahId":81,"ayatId":5,"ayatNo":"٥","pageNo":586,"ayatText":"وَاِذَا الْوُحُوشُ حُشِرَتْۙࣕ","ayatMealText":{"tr":"Vahşi hayvanlar bir araya toplandığında,","nl":"En wanneer de wilde dieren verzameld worden.","en":"and when wild beasts are gathered together"},"surah":null},{"id":5806,"surahId":81,"ayatId":6,"ayatNo":"٦","pageNo":586,"ayatText":"وَاِذَا الْبِحَارُ سُجِّرَتْۙࣕ","ayatMealText":{"tr":"Denizler ateşlendiğinde (suları çekilip, volkanlar halinde ateş püskürdüğünde),","nl":"En wanneer de zeeën tot koken gebracht worden.","en":"and when the seas are set on fire"},"surah":null},{"id":5807,"surahId":81,"ayatId":7,"ayatNo":"٧","pageNo":586,"ayatText":"وَاِذَا النُّفُوسُ زُوِّجَتْۙࣕ","ayatMealText":{"tr":"Nefisler eşleştirildiğinde (iyiler iyilerle, kötüler kötülerle bir araya toplandığında),","nl":"En wanneer de zielen verenigd worden.","en":"and when the souls ˹and their bodies˺ are paired ˹once more˺"},"surah":null},{"id":5808,"surahId":81,"ayatId":8,"ayatNo":"٨","pageNo":586,"ayatText":"وَاِذَا الْمَوْءُ۫دَةُ سُئِلَتْۙ","ayatMealText":{"tr":"Diri diri toprağa gömülen kıza sorulduğunda,","nl":"En wanneer het levend begraven meisje ondervraagd wordt.","en":"and when baby girls, buried alive, are asked"},"surah":null},{"id":5809,"surahId":81,"ayatId":9,"ayatNo":"٩","pageNo":586,"ayatText":"بِاَيِّ ذَنْبٍ قُتِلَتْۚ","ayatMealText":{"tr":"\"Hangi günahtan dolayı öldürüldü?\" diye.","nl":"Voor welke zonde zij gedood werd.","en":"for what crime they were put to death"},"surah":null},{"id":5810,"surahId":81,"ayatId":10,"ayatNo":"١٠","pageNo":586,"ayatText":"وَاِذَا الصُّحُفُ نُشِرَتْۙࣕ","ayatMealText":{"tr":"Amel defterleri açıldığında,","nl":"En wanneer de bladen opengeslagen worden.","en":"and when the records ˹of deeds˺ are laid open"},"surah":null},{"id":5811,"surahId":81,"ayatId":11,"ayatNo":"١١","pageNo":586,"ayatText":"وَاِذَا السَّمَٓاءُ كُشِطَتْۙࣕ","ayatMealText":{"tr":"Gök sıyrılıp açıldığında,","nl":"En wanneer de hemel afgestroopt wordt.","en":"and when the sky is stripped away"},"surah":null},{"id":5812,"surahId":81,"ayatId":12,"ayatNo":"١٢","pageNo":586,"ayatText":"وَاِذَا الْجَحٖيمُ سُعِّرَتْۙࣕ","ayatMealText":{"tr":"Cehennem kızıştırıldığında,","nl":"En wanneer Djahîm (de Hel) ontstoken wordt.","en":"and when the Hellfire is fiercely flared up"},"surah":null},{"id":5813,"surahId":81,"ayatId":13,"ayatNo":"١٣","pageNo":586,"ayatText":"وَاِذَا الْجَنَّةُ اُزْلِفَتْۙࣕ","ayatMealText":{"tr":"Ve cennet yaklaştırıldığında,","nl":"En wanneer het Paradijs nabij gebracht wordt.","en":"and when Paradise is brought near—"},"surah":null},{"id":5814,"surahId":81,"ayatId":14,"ayatNo":"١٤","pageNo":586,"ayatText":"عَلِمَتْ نَفْسٌ مَٓا اَحْضَرَتْؕ","ayatMealText":{"tr":"Herkes ne getirmiş olduğunu anlar.","nl":"Dan weet een ziel wat zij verricht heeft.","en":"˹on that Day˺ each soul will know what ˹deeds˺ it has brought along"},"surah":null},{"id":5815,"surahId":81,"ayatId":15,"ayatNo":"١٥","pageNo":586,"ayatText":"فَلَٓا اُقْسِمُ بِالْخُنَّسِۙ","ayatMealText":{"tr":"Şimdi yemin ederim o sinenlere (gündüzleri gözden kaybolan yıldızlara),","nl":"Ik zweer bij de sterren.","en":"I do swear by the receding stars"},"surah":null},{"id":5816,"surahId":81,"ayatId":16,"ayatNo":"١٦","pageNo":586,"ayatText":"اَلْجَوَارِ الْكُنَّسِۙ","ayatMealText":{"tr":"O akıp akıp yuvasına gidenlere,","nl":"De voortspoedenden, de ondergaanden.","en":"which travel and hide"},"surah":null},{"id":5817,"surahId":81,"ayatId":17,"ayatNo":"١٧","pageNo":586,"ayatText":"وَالَّيْلِ اِذَا عَسْعَسَۙ","ayatMealText":{"tr":"Yöneldiği an geceye,","nl":"En bij de nacht wanneer hij opdoemt.","en":"and the night as it falls"},"surah":null},{"id":5818,"surahId":81,"ayatId":18,"ayatNo":"١٨","pageNo":586,"ayatText":"وَالصُّبْحِ اِذَا تَنَفَّسَۙ","ayatMealText":{"tr":"Nefeslendiği (ağardığı) an sabaha ki,","nl":"En bij de dageraad wanneer hij gloort.","en":"and the day as it breaks"},"surah":null},{"id":5819,"surahId":81,"ayatId":19,"ayatNo":"١٩","pageNo":586,"ayatText":"اِنَّهُ لَقَوْلُ رَسُولٍ كَرٖيمٍۙ","ayatMealText":{"tr":"Kuşkusuz o Kur'an, değerli bir elçinin sözüdür.","nl":"Voorwaar, het is zeker het woord van een edele Boodschapper.","en":"Indeed, this ˹Quran˺ is the Word of ˹Allah delivered by Gabriel,˺ a noble messenger-angel"},"surah":null},{"id":5820,"surahId":81,"ayatId":20,"ayatNo":"٢٠","pageNo":586,"ayatText":"ذٖي قُوَّةٍ عِنْدَ ذِي الْعَرْشِ مَكٖينٍۙ","ayatMealText":{"tr":"O elçi güçlüdür, Arş'ın sahibinin yanında çok itibarlıdır.","nl":"Een bezitter van kracht die een ereplaats heeft bij de Bezitter van de Troon.","en":"full of power, held in honour by the Lord of the Throne"},"surah":null}]}