{"juzNo":30,"pageNo":587,"arCuzNo":"۳۰","arPageNo":"٥۸۷","quranAyats":[{"id":5821,"surahId":81,"ayatId":21,"ayatNo":"٢١","pageNo":587,"ayatText":"مُطَاعٍ ثَمَّ اَمٖينٍؕ","ayatMealText":{"tr":"Orada ona itaat edilir, güvenilir.","nl":"Die gehoorzaamd wordt en betrouwbaar is.","en":"obeyed there ˹in heaven˺, and trustworthy"},"surah":{"surahId":81,"name":"Tekvîr","nameAr":"التَّكْو۪يرِ","revelationOrder":7,"verseCount":29,"juzNo":30,"firstPage":586}},{"id":5822,"surahId":81,"ayatId":22,"ayatNo":"٢٢","pageNo":587,"ayatText":"وَمَا صَاحِبُكُمْ بِمَجْنُونٍۚ","ayatMealText":{"tr":"Arkadaşınızı cin çarpmış değildir.","nl":"En jullie metgezel (Moehammad) is niet bezeten.","en":"And your fellow man is not insane"},"surah":null},{"id":5823,"surahId":81,"ayatId":23,"ayatNo":"٢٣","pageNo":587,"ayatText":"وَلَقَدْ رَاٰهُ بِالْاُفُقِ الْمُبٖينِۚ","ayatMealText":{"tr":"Andolsun o, Cebrail'i açık ufukta gördü.","nl":"En voorzeker, hij heeft hem (Djibrîl) aan de heldere horizon gezien.","en":"And he did see that ˹angel˺ on the clear horizon"},"surah":null},{"id":5824,"surahId":81,"ayatId":24,"ayatNo":"٢٤","pageNo":587,"ayatText":"وَمَا هُوَ عَلَى الْغَيْبِ بِضَنٖينٍۚ","ayatMealText":{"tr":"O, gayb hakkında cimri de değildir.","nl":"En hij is niet achterhoudend (met berichten) over het onwaarneembare.","en":"and he does not withhold ˹what is revealed to him of˺ the unseen"},"surah":null},{"id":5825,"surahId":81,"ayatId":25,"ayatNo":"٢٥","pageNo":587,"ayatText":"وَمَا هُوَ بِقَوْلِ شَيْطَانٍ رَجٖيمٍۚ","ayatMealText":{"tr":"O, kovulmuş bir şeytanın sözü değildir.","nl":"En het is niet het Woord van een vervloekte Satan.","en":"And this ˹Quran˺ is not the word of an outcast devil"},"surah":null},{"id":5826,"surahId":81,"ayatId":26,"ayatNo":"٢٦","pageNo":587,"ayatText":"فَاَيْنَ تَذْهَبُونَؕ","ayatMealText":{"tr":"Hâl böyle iken, siz nereye gidiyorsunuz?","nl":"Waarheen wenden jullie je dan?","en":"So what ˹other˺ path would you take"},"surah":null},{"id":5827,"surahId":81,"ayatId":27,"ayatNo":"٢٧","pageNo":587,"ayatText":"اِنْ هُوَ اِلَّا ذِ كْرٌ لِلْعَالَمٖينَۙ","ayatMealText":{"tr":"O, âlemler için öğütten başka bir şey değildir,","nl":"Dit is niets anders dan een Vermaning voor de werelden.","en":"Surely this ˹Quran˺ is only a reminder to the whole world—"},"surah":null},{"id":5828,"surahId":81,"ayatId":28,"ayatNo":"٢٨","pageNo":587,"ayatText":"لِمَنْ شَٓاءَ مِنْكُمْ اَنْ يَسْتَقٖيمَ","ayatMealText":{"tr":"İçinizden doğru gitmek isteyenler için.","nl":"Voor wie van jullie het rechte (Pad) wil volgen.","en":"to whoever of you wills to take the Straight Way"},"surah":null},{"id":5829,"surahId":81,"ayatId":29,"ayatNo":"٢٩","pageNo":587,"ayatText":"وَمَا تَشَٓاؤُ۫نَ اِلَّٓا اَنْ يَشَٓاءَ اللّٰهُ رَبُّ الْعَالَمٖينَ","ayatMealText":{"tr":"Âlemlerin Rabbi olan Allah dilemeyince, siz dileyemezsiniz.","nl":"En jullie kunnen niets willen, behalve wanneer Allah, de Heer der Werelden, het wil.","en":"But you cannot will ˹to do so˺, except by the Will of Allah, the Lord of all worlds"},"surah":null},{"id":5830,"surahId":82,"ayatId":1,"ayatNo":"١","pageNo":587,"ayatText":"اِذَا السَّمَٓاءُ انْفَطَرَتْۙ","ayatMealText":{"tr":"Gök çatladığı vakit,","nl":"Wanneer de hemel gespleten wordt.","en":"When the sky splits open"},"surah":{"surahId":82,"name":"İnfitâr","nameAr":"الْاِنْفِطَارِ","revelationOrder":82,"verseCount":19,"juzNo":30,"firstPage":587}},{"id":5831,"surahId":82,"ayatId":2,"ayatNo":"٢","pageNo":587,"ayatText":"وَاِذَا الْكَوَاكِبُ انْتَثَرَتْۙ","ayatMealText":{"tr":"Yıldızlar döküldüğü vakit,","nl":"En wanneer de sterren vallen.","en":"and when the stars fall away"},"surah":null},{"id":5832,"surahId":82,"ayatId":3,"ayatNo":"٣","pageNo":587,"ayatText":"وَاِذَا الْبِحَارُ فُجِّرَتْۙ","ayatMealText":{"tr":"Denizler yarılıp akıtıldığı vakit,","nl":"En wanneer de zeeën overstromen.","en":"and when the seas burst forth"},"surah":null},{"id":5833,"surahId":82,"ayatId":4,"ayatNo":"٤","pageNo":587,"ayatText":"وَاِذَا الْقُبُورُ بُعْثِرَتْۙ","ayatMealText":{"tr":"Kabirlerin içi dışına getirildiği vakit,","nl":"En wanneer de graven worden omgekeerd.","en":"and when the graves spill out"},"surah":null},{"id":5834,"surahId":82,"ayatId":5,"ayatNo":"٥","pageNo":587,"ayatText":"عَلِمَتْ نَفْسٌ مَا قَدَّمَتْ وَاَخَّرَتْؕ","ayatMealText":{"tr":"Herkes neyi önünden gönderdiğini ve neyi geri bıraktığını bilir.","nl":"Dan weet de ziel wat zij heeft verricht en wat zij nagelaten heeft.","en":"˹then˺ each soul will know what it has sent forth or left behind"},"surah":null},{"id":5835,"surahId":82,"ayatId":6,"ayatNo":"٦","pageNo":587,"ayatText":"يَٓا اَيُّهَا الْاِنْسَانُ مَا غَرَّكَ بِرَبِّكَ الْكَرٖيمِۙ","ayatMealText":{"tr":"Ey insan! İhsanı bol Rabb'ine karşı seni aldatan nedir?","nl":"O mens, wat heeft jou weggeleid van jouw Heer, de Edele?","en":"O humanity! What has emboldened you against your Lord, the Most Generous"},"surah":null},{"id":5836,"surahId":82,"ayatId":7,"ayatNo":"٧","pageNo":587,"ayatText":"اَلَّذٖي خَلَقَكَ فَسَوّٰيكَ فَعَدَلَكَۙ","ayatMealText":{"tr":"O Allah ki seni yarattı, seni düzgün yapılı kılıp ölçülü bir biçim verdi.","nl":"Degene Die jou geschapen heeft en daarna vervolmaakte en de juiste verhoudingen gaf?","en":"Who created you, fashioned you, and perfected your design"},"surah":null},{"id":5837,"surahId":82,"ayatId":8,"ayatNo":"٨","pageNo":587,"ayatText":"فٖٓي اَيِّ صُورَةٍ مَا شَٓاءَ رَكَّبَكَؕ","ayatMealText":{"tr":"Seni dilediği her hangi bir şekilde parçalardan oluşturdu.","nl":"In welke vorm Hij ook wilde heeft Hij jou samengesteld.","en":"moulding you in whatever form He willed"},"surah":null},{"id":5838,"surahId":82,"ayatId":9,"ayatNo":"٩","pageNo":587,"ayatText":"كَلَّا بَلْ تُكَذِّبُونَ بِالدّٖينِۙ","ayatMealText":{"tr":"Hayır hayır, siz cezayı yalanlıyorsunuz.","nl":"Nee, jullie loochenen zelfs de Dag des Oordeels.","en":"But no! In fact, you deny the ˹final˺ Judgment"},"surah":null},{"id":5839,"surahId":82,"ayatId":10,"ayatNo":"١٠","pageNo":587,"ayatText":"وَاِنَّ عَلَيْكُمْ لَحَافِظٖينَۙ","ayatMealText":{"tr":"Oysa üzerinizde koruyucular var.","nl":"En voorwaar, er zijn zeker bewakers (Engelen) over jullie.","en":"while you are certainly observed by vigilant"},"surah":null},{"id":5840,"surahId":82,"ayatId":11,"ayatNo":"١١","pageNo":587,"ayatText":"كِرَاماً كَاتِبٖينَۙ","ayatMealText":{"tr":"Değerli yazıcılar","nl":"Eervollen, schrijvenden.","en":"honourable angels, recording ˹everything˺"},"surah":null},{"id":5841,"surahId":82,"ayatId":12,"ayatNo":"١٢","pageNo":587,"ayatText":"يَعْلَمُونَ مَا تَفْعَلُونَ","ayatMealText":{"tr":"Onlar, siz her ne yaparsanız bilirler","nl":"Zij weten wat jullie doen.","en":"They know whatever you do"},"surah":null},{"id":5842,"surahId":82,"ayatId":13,"ayatNo":"١٣","pageNo":587,"ayatText":"اِنَّ الْاَبْرَارَ لَفٖي نَعٖيمٍۚ","ayatMealText":{"tr":"Kuşkusuz iyiler nimet içindedirler.","nl":"Voorwaar, de deugdzamen verkeren zeker in gelukzaligheid.","en":"Indeed, the virtuous will be in bliss"},"surah":null},{"id":5843,"surahId":82,"ayatId":14,"ayatNo":"١٤","pageNo":587,"ayatText":"وَاِنَّ الْفُجَّارَ لَفٖي جَحٖيمٍۚ","ayatMealText":{"tr":"Kötüler de cehennemdedirler.","nl":"En voorwaar, de zondaren verkeren zeker in de Hel.","en":"and the wicked will be in Hell"},"surah":null},{"id":5844,"surahId":82,"ayatId":15,"ayatNo":"١٥","pageNo":587,"ayatText":"يَصْلَوْنَهَا يَوْمَ الدّٖينِ","ayatMealText":{"tr":"Ceza günü ona girecekler.","nl":"Zij gaan erin op de Dag des Oordeels.","en":"burning in it on Judgment Day"},"surah":null},{"id":5845,"surahId":82,"ayatId":16,"ayatNo":"١٦","pageNo":587,"ayatText":"وَمَا هُمْ عَنْهَا بِغَٓائِبٖينَؕ","ayatMealText":{"tr":"Onlar o cehennemin gözünden kaçamazlar.","nl":"En zij zullen er nooit afwezig zijn.","en":"and they will have no escape from it"},"surah":null},{"id":5846,"surahId":82,"ayatId":17,"ayatNo":"١٧","pageNo":587,"ayatText":"وَمَٓا اَدْرٰيكَ مَا يَوْمُ الدّٖينِۙ","ayatMealText":{"tr":"Ceza gününün ne olduğunu sen bilir misin?","nl":"En wat doet jou weten wat de Dag des Oordeels is?","en":"What will make you realize what Judgment Day is"},"surah":null},{"id":5847,"surahId":82,"ayatId":18,"ayatNo":"١٨","pageNo":587,"ayatText":"ثُمَّ مَٓا اَدْرٰيكَ مَا يَوْمُ الدّٖينِؕ","ayatMealText":{"tr":"Evet, bilir misin nedir acaba o ceza günü?","nl":"Nogmaals, wat doet jou weten wat de Dag des Oordeels is?","en":"Again, what will make you realize what Judgment Day is"},"surah":null},{"id":5848,"surahId":82,"ayatId":19,"ayatNo":"١٩","pageNo":587,"ayatText":"يَوْمَ لَا تَمْلِكُ نَفْسٌ لِنَفْسٍ شَيْـٔاًؕ وَالْاَمْرُ يَوْمَئِذٍ لِلّٰهِ","ayatMealText":{"tr":"O gün, hiç kimsenin başkası için hiçbir şeye sahip olamadığı gündür. O gün buyruk yalnız Allah'ındır.","nl":"Op die Dag is geen ziel bij machte iets voor een (andere) ziel te doen. En het bevel behoort op die Dag aan Allah.","en":"˹It is˺ the Day no soul will be of ˹any˺ benefit to another whatsoever, for all authority on that Day belongs to Allah ˹entirely˺"},"surah":null}]}