{"juzNo":30,"pageNo":590,"arCuzNo":"۳۰","arPageNo":"٥۹۰","quranAyats":[{"id":5898,"surahId":84,"ayatId":14,"ayatNo":"١٤","pageNo":590,"ayatText":"اِنَّهُ ظَنَّ اَنْ لَنْ يَحُورَۚۛ","ayatMealText":{"tr":"Hiç Rabbine dönmeyeceğini sanmıştı.","nl":"Voorwaar, hij dacht dat hij nooit (naar zijn Heer) zou terugkeren.","en":"thinking they would never return ˹to Allah˺"},"surah":{"surahId":84,"name":"İnşikâk","nameAr":"الْاِنْشِقَاقِ","revelationOrder":83,"verseCount":25,"juzNo":30,"firstPage":589}},{"id":5899,"surahId":84,"ayatId":15,"ayatNo":"١٥","pageNo":590,"ayatText":"بَلٰىۚۛ اِنَّ رَبَّهُ كَانَ بِهٖ بَصٖيراًؕ","ayatMealText":{"tr":"Hayır Rabbi onu görmekte idi.","nl":"Nee! Voorwaar, zijn Heer sloeg hem gade.","en":"Yes ˹they would˺! Surely their Lord has always been All-Seeing of them"},"surah":null},{"id":5900,"surahId":84,"ayatId":16,"ayatNo":"١٦","pageNo":590,"ayatText":"فَلَٓا اُقْسِمُ بِالشَّفَقِۙ","ayatMealText":{"tr":"Şimdi, yemin ederim o şafağa,","nl":"Ik zweer bij het avondrood.","en":"So, I do swear by the twilight"},"surah":null},{"id":5901,"surahId":84,"ayatId":17,"ayatNo":"١٧","pageNo":590,"ayatText":"وَالَّيْلِ وَمَا وَسَقَۙ","ayatMealText":{"tr":"Geceye ve içinde barındırdığı şeylere,","nl":"En bij de nacht en wat hij omhult.","en":"And by the night and whatever it envelops"},"surah":null},{"id":5902,"surahId":84,"ayatId":18,"ayatNo":"١٨","pageNo":590,"ayatText":"وَالْقَمَرِ اِذَا اتَّسَقَۙ","ayatMealText":{"tr":"Derlendiği zaman o aya,","nl":"En bij de maan wanneer zij vol is.","en":"And by the moon when it waxes full"},"surah":null},{"id":5903,"surahId":84,"ayatId":19,"ayatNo":"١٩","pageNo":590,"ayatText":"لَتَرْكَبُنَّ طَبَقاً عَنْ طَبَقٍؕ","ayatMealText":{"tr":"Ki, siz elbette halden hale geçeceksiniz.","nl":"Jullie zullen zeker voortgaan, van fase naar fase.","en":"You will certainly pass from one state to another"},"surah":null},{"id":5904,"surahId":84,"ayatId":20,"ayatNo":"٢٠","pageNo":590,"ayatText":"فَمَا لَهُمْ لَا يُؤْمِنُونَۙ","ayatMealText":{"tr":"Böyleyken onlar neden acaba iman etmezler?","nl":"Wat is er met hen, dat zij niet geloven?","en":"So what is the matter with them that they do not believe"},"surah":null},{"id":5905,"surahId":84,"ayatId":21,"ayatNo":"٢١","pageNo":590,"ayatText":"وَاِذَا قُرِئَ عَلَيْهِمُ الْقُرْاٰنُ لَا يَسْجُدُونَؕ","ayatMealText":{"tr":"Karşılarında Kur'ân okunduğu vakit secde etmezler?","nl":"En wanneer de Koran aan hen wordt voorgedragen knielen zij niet neer.","en":"and when the Quran is recited to them, they do not bow down ˹in submission˺"},"surah":null},{"id":5906,"surahId":84,"ayatId":22,"ayatNo":"٢٢","pageNo":590,"ayatText":"بَلِ الَّذٖينَ كَفَرُوا يُكَذِّبُونَؗ","ayatMealText":{"tr":"Aksine o nankörler yalanlıyorlar.","nl":"Degenen die niet geloven loochenen zelfs.","en":"In fact, the disbelievers persist in denial"},"surah":null},{"id":5907,"surahId":84,"ayatId":23,"ayatNo":"٢٣","pageNo":590,"ayatText":"وَاللّٰهُ اَعْلَمُ بِمَا يُوعُونَؗ","ayatMealText":{"tr":"Oysa Allah içlerinde sakladıklarını biliyor.","nl":"Maar Allah weet het beste wat zij verbergen.","en":"But Allah knows best whatever they hide"},"surah":null},{"id":5908,"surahId":84,"ayatId":24,"ayatNo":"٢٤","pageNo":590,"ayatText":"فَبَشِّرْهُمْ بِعَذَابٍ اَلٖيمٍۙ","ayatMealText":{"tr":"Onun için onlara elem verici bir azabı müjdele.","nl":"Verkondig hun dan een pijnlijke bestraffing.","en":"So give them good news of a painful punishment"},"surah":null},{"id":5909,"surahId":84,"ayatId":25,"ayatNo":"٢٥","pageNo":590,"ayatText":"اِلَّا الَّذٖينَ اٰمَنُوا وَعَمِلُوا الصَّالِحَاتِ لَهُمْ اَجْرٌ غَيْرُ مَمْنُونٍ","ayatMealText":{"tr":"Ancak iman edip iyi ameller işleyenler başkadır. Onlara tükenmez bir ecir vardır.","nl":"Behalve degenen die geloven en goede daden verrichten, voor hen is er een oneindige beloning.","en":"But those who believe and do good will have a never-ending reward"},"surah":null},{"id":5910,"surahId":85,"ayatId":1,"ayatNo":"١","pageNo":590,"ayatText":"وَالسَّمَٓاءِ ذَاتِ الْبُرُوجِۙ","ayatMealText":{"tr":"Burçlar sahibi gökyüzüne,","nl":"Bij de hemel en zijn sterrenstelsels.","en":"By the sky full of constellations"},"surah":{"surahId":85,"name":"Burûc","nameAr":"الْبُرُوجِ","revelationOrder":27,"verseCount":22,"juzNo":30,"firstPage":590}},{"id":5911,"surahId":85,"ayatId":2,"ayatNo":"٢","pageNo":590,"ayatText":"وَالْيَوْمِ الْمَوْعُودِۙ","ayatMealText":{"tr":"Vaad olunan o güne,","nl":"Bij de aangezegde Dag.","en":"and the promised Day ˹of Judgment˺"},"surah":null},{"id":5912,"surahId":85,"ayatId":3,"ayatNo":"٣","pageNo":590,"ayatText":"وَشَاهِدٍ وَمَشْهُودٍؕ","ayatMealText":{"tr":"Şahitlik edene ve edilene andolsun ki,","nl":"Bij de getuige en waarvan getuigd wordt.","en":"and the witness and what is witnessed"},"surah":null},{"id":5913,"surahId":85,"ayatId":4,"ayatNo":"٤","pageNo":590,"ayatText":"قُتِلَ اَصْحَابُ الْاُخْدُودِۙ","ayatMealText":{"tr":"Kahroldu o hendeğin sahipleri,","nl":"Verdoemd zijn de gravers van de kuil.","en":"Condemned are the makers of the ditch—"},"surah":null},{"id":5914,"surahId":85,"ayatId":5,"ayatNo":"٥","pageNo":590,"ayatText":"اَلنَّارِ ذَاتِ الْوَقُودِۙ","ayatMealText":{"tr":"O çıralı ateşin,","nl":"Van het vuur met zijn brandhout.","en":"the fire ˹pit˺, filled with fuel—"},"surah":null},{"id":5915,"surahId":85,"ayatId":6,"ayatNo":"٦","pageNo":590,"ayatText":"اِذْ هُمْ عَلَيْهَا قُعُودٌۙ","ayatMealText":{"tr":"Hani o ateşin başına oturmuşlar,","nl":"Toen zij er omheen zaten.","en":"when they sat around it"},"surah":null},{"id":5916,"surahId":85,"ayatId":7,"ayatNo":"٧","pageNo":590,"ayatText":"وَهُمْ عَلٰى مَا يَفْعَلُونَ بِالْمُؤْمِنٖينَ شُهُودٌؕ","ayatMealText":{"tr":"Müminlere yaptıklarını seyrediyorlardı.","nl":"En zij getuige waren van wat zij de gelovigen aandeden.","en":"watching what they had ˹ordered to be˺ done to the believers"},"surah":null},{"id":5917,"surahId":85,"ayatId":8,"ayatNo":"٨","pageNo":590,"ayatText":"وَمَا نَقَمُوا مِنْهُمْ اِلَّٓا اَنْ يُؤْمِنُوا بِاللّٰهِ الْعَزٖيزِ الْحَمٖيدِۙ","ayatMealText":{"tr":"Müminlere kızmalarının sebebi de, onların yalnız çok güçlü ve övgüye lâyık olan Allah'a iman etmeleri idi.","nl":"En zij wreekten zich alleen op hen omdat zij geloofden in Allah, de Geweldige, de Geprezene.","en":"who they resented for no reason other than belief in Allah—the Almighty, the Praiseworthy—"},"surah":null},{"id":5918,"surahId":85,"ayatId":9,"ayatNo":"٩","pageNo":590,"ayatText":"اَلَّذٖي لَهُ مُلْكُ السَّمٰوَاتِ وَالْاَرْضِؕ وَاللّٰهُ عَلٰى كُلِّ شَيْءٍ شَهٖيدٌؕ","ayatMealText":{"tr":"O Allah ki, göklerin ve yerin hükümranlığı O'nundur ve Allah her şeye şahittir.","nl":"Degene Die de heerschappij over de hemelen en de aarde heeft. En Allah is Getuige over alle zaken.","en":"˹the One˺ to Whom belongs the kingdom of the heavens and earth. And Allah is a Witness over all things"},"surah":null},{"id":5919,"surahId":85,"ayatId":10,"ayatNo":"١٠","pageNo":590,"ayatText":"اِنَّ الَّذٖينَ فَتَنُوا الْمُؤْمِنٖينَ وَالْمُؤْمِنَاتِ ثُمَّ لَمْ يَتُوبُوا فَلَهُمْ عَذَابُ جَهَنَّمَ وَلَهُمْ عَذَابُ الْحَرٖيقِؕ","ayatMealText":{"tr":"İnanan erkek ve kadınlara işkence yapıp sonra da tevbe etmeyenlere cehennem azabı ve yangın azabı vardır.","nl":"Voorwaar, degenen die de gelovige mannen en vrouwen bestraften en daarna geen berouw toonden, voor hen is de bestraffing van de Hel en voor hen is de verbrandende bestraffing.","en":"Those who persecute the believing men and women and then do not repent will certainly suffer the punishment of Hell and the torment of burning"},"surah":null},{"id":5920,"surahId":85,"ayatId":11,"ayatNo":"١١","pageNo":590,"ayatText":"اِنَّ الَّذٖينَ اٰمَنُوا وَعَمِلُوا الصَّالِحَاتِ لَهُمْ جَنَّاتٌ تَجْرٖي مِنْ تَحْتِهَا الْاَنْهَارُؕ ذٰلِكَ الْفَوْزُ الْكَبٖيرُؕ","ayatMealText":{"tr":"İnanan ve iyi amel yapanlar için de altından ırmaklar akan cennetler vardır. İşte büyük kurtuluş odur.","nl":"Voorwaar, degenen die geloven en goede daden verrichten, voor hen is het Paradijs waar de rivieren onder door stromen. Dat is de grote overwinning.","en":"Surely those who believe and do good will have Gardens under which rivers flow. That is the greatest triumph"},"surah":null}]}