{"juzNo":30,"pageNo":591,"arCuzNo":"۳۰","arPageNo":"٥۹۱","quranAyats":[{"id":5921,"surahId":85,"ayatId":12,"ayatNo":"١٢","pageNo":591,"ayatText":"اِنَّ بَطْشَ رَبِّكَ لَشَدٖيدٌؕ","ayatMealText":{"tr":"Kuşkusuz Rabbinin yakalaması serttir.","nl":"Voorwaar, de greep ven jouw Heer is zeker hard.","en":"Indeed, the ˹crushing˺ grip of your Lord is severe"},"surah":{"surahId":85,"name":"Burûc","nameAr":"الْبُرُوجِ","revelationOrder":27,"verseCount":22,"juzNo":30,"firstPage":590}},{"id":5922,"surahId":85,"ayatId":13,"ayatNo":"١٣","pageNo":591,"ayatText":"اِنَّهُ هُوَ يُبْدِئُ وَيُعٖيدُۚ","ayatMealText":{"tr":"Yoktan o yaratır ve tekrar o diriltir.","nl":"Voorwaar, Hij is het die schept en doet herleven.","en":"˹For˺ He is certainly the One Who originates and resurrects ˹all˺"},"surah":null},{"id":5923,"surahId":85,"ayatId":14,"ayatNo":"١٤","pageNo":591,"ayatText":"وَهُوَ الْغَفُورُ الْوَدُودُۙ","ayatMealText":{"tr":"Bununla beraber çok bağışlayandır, çok sevendir.","nl":"Hij is de Vergevensgezinde, de Liefdevolle.","en":"And He is the All-Forgiving, All-Loving—"},"surah":null},{"id":5924,"surahId":85,"ayatId":15,"ayatNo":"١٥","pageNo":591,"ayatText":"ذُو الْعَرْشِ الْمَجٖيدُۙ","ayatMealText":{"tr":"Arş'ın sahibidir, yücedir.","nl":"Bezitter van de Troon, de Meest Vrijgevige.","en":"Lord of the Throne, the All-Glorious"},"surah":null},{"id":5925,"surahId":85,"ayatId":16,"ayatNo":"١٦","pageNo":591,"ayatText":"فَعَّالٌ لِمَا يُرٖيدُؕ","ayatMealText":{"tr":"Dilediğini yapandır.","nl":"Uitvoerder van wat Hij wil.","en":"Doer of whatever He wills"},"surah":null},{"id":5926,"surahId":85,"ayatId":17,"ayatNo":"١٧","pageNo":591,"ayatText":"هَلْ اَتٰيكَ حَدٖيثُ الْجُنُودِۙ","ayatMealText":{"tr":"O orduların kıssası sana geldi mi?","nl":"Heeft het bericht van de legers jou bereikt?","en":"Has the story of the ˹destroyed˺ forces reached you ˹O Prophet˺—"},"surah":null},{"id":5927,"surahId":85,"ayatId":18,"ayatNo":"١٨","pageNo":591,"ayatText":"فِرْعَوْنَ وَثَمُودَؕ","ayatMealText":{"tr":"Yani Firavun ve Semud'un?","nl":"Van Fir'aun en de Tsamôed?","en":"˹the forces of˺ Pharaoh and Thamûd"},"surah":null},{"id":5928,"surahId":85,"ayatId":19,"ayatNo":"١٩","pageNo":591,"ayatText":"بَلِ الَّذٖينَ كَفَرُوا فٖي تَكْذٖيبٍۙ","ayatMealText":{"tr":"Fakat o inkarcılar hâlâ bir yalanlama içinde.","nl":"Degenen die niet geloven gaan zelfs door met loochenen.","en":"Yet the disbelievers ˹still˺ persist in denial"},"surah":null},{"id":5929,"surahId":85,"ayatId":20,"ayatNo":"٢٠","pageNo":591,"ayatText":"وَاللّٰهُ مِنْ وَرَٓائِهِمْ مُحٖيطٌۚ","ayatMealText":{"tr":"Oysa Allah onları arkalarından kuşatmıştır.","nl":"En Allah omsingelt hen van achteren.","en":"But Allah encompasses them from all sides"},"surah":null},{"id":5930,"surahId":85,"ayatId":21,"ayatNo":"٢١","pageNo":591,"ayatText":"بَلْ هُوَ قُرْاٰنٌ مَجٖيدٌۙ","ayatMealText":{"tr":"Hayır o şerefli bir Kur'ân'dır.","nl":"Het is zelfs een glorierijke Koran.","en":"In fact, this is a glorious Quran"},"surah":null},{"id":5931,"surahId":85,"ayatId":22,"ayatNo":"٢٢","pageNo":591,"ayatText":"فٖي لَوْحٍ مَحْفُوظٍ","ayatMealText":{"tr":"Levhi Mahfuz'dadır.","nl":"In de Lauhoelmahfôezh.","en":"˹recorded˺ in a Preserved Tablet"},"surah":null},{"id":5932,"surahId":86,"ayatId":1,"ayatNo":"١","pageNo":591,"ayatText":"وَالسَّمَٓاءِ وَالطَّارِقِۙ","ayatMealText":{"tr":"Andolsun o göğe ve Târık'a,","nl":"Bij de hemel en de verlichtende ster.","en":"By the heaven and the nightly star"},"surah":{"surahId":86,"name":"Târık","nameAr":"الطَّارِقِ","revelationOrder":36,"verseCount":17,"juzNo":30,"firstPage":591}},{"id":5933,"surahId":86,"ayatId":2,"ayatNo":"٢","pageNo":591,"ayatText":"وَمَٓا اَدْرٰيكَ مَا الطَّارِقُۙ","ayatMealText":{"tr":"Târık nedir, bildin mi?","nl":"En wat doet jou weten wat de verlichtende ster is?","en":"And what will make you realize what the nightly star is"},"surah":null},{"id":5934,"surahId":86,"ayatId":3,"ayatNo":"٣","pageNo":591,"ayatText":"اَلنَّجْمُ الثَّاقِبُۙ","ayatMealText":{"tr":"O, karanlığı delen yıldızdır.","nl":"De doordringende ster.","en":"˹It is˺ the star of piercing brightness"},"surah":null},{"id":5935,"surahId":86,"ayatId":4,"ayatNo":"٤","pageNo":591,"ayatText":"اِنْ كُلُّ نَفْسٍ لَمَّا عَلَيْهَا حَافِظٌؕ","ayatMealText":{"tr":"Hiçbir nefis yoktur ki başında bir denetleyici bulunmasın.","nl":"Voorwaar, er is geen ziel of er is een bewaker over aangesteld.","en":"There is no soul without a vigilant angel ˹recording everything˺"},"surah":null},{"id":5936,"surahId":86,"ayatId":5,"ayatNo":"٥","pageNo":591,"ayatText":"فَلْيَنْظُرِ الْاِنْسَانُ مِمَّ خُلِقَؕ","ayatMealText":{"tr":"Onun için insan neden yaratıldığına bir baksın.","nl":"Laat de mens er daarom over denken waarvan hij geschapen is.","en":"Let people then consider what they were created from"},"surah":null},{"id":5937,"surahId":86,"ayatId":6,"ayatNo":"٦","pageNo":591,"ayatText":"خُلِقَ مِنْ مَٓاءٍ دَافِقٍۙ","ayatMealText":{"tr":"Atılan bir sudan yaratıldı.","nl":"Geschapen is hij van een spurtend water.","en":"˹They were˺ created from a spurting fluid"},"surah":null},{"id":5938,"surahId":86,"ayatId":7,"ayatNo":"٧","pageNo":591,"ayatText":"يَخْرُجُ مِنْ بَيْنِ الصُّلْبِ وَالتَّرَٓائِبِؕ","ayatMealText":{"tr":"O su, erkeğin sulbü ile kadının göğüs kemikleri arasından çıkar.","nl":"Dat komt van tussen de lendenen en de ribben.","en":"stemming from between the backbone and the ribcage"},"surah":null},{"id":5939,"surahId":86,"ayatId":8,"ayatNo":"٨","pageNo":591,"ayatText":"اِنَّهُ عَلٰى رَجْعِهٖ لَقَادِرٌؕ","ayatMealText":{"tr":"Elbette Allah'ın onu döndürmeye gücü yeter.","nl":"Voorwaar, Hij heeft zeker macht over zijn terugkeer.","en":"Surely He is fully capable of bringing them back ˹to life˺"},"surah":null},{"id":5940,"surahId":86,"ayatId":9,"ayatNo":"٩","pageNo":591,"ayatText":"يَوْمَ تُبْلَى السَّرَٓائِرُۙ","ayatMealText":{"tr":"O gün bütün sırlar yoklanıp, meydana çıkarılır.","nl":"Op de Dag dat de harten beproefd worden.","en":"on the Day all secrets will be disclosed"},"surah":null},{"id":5941,"surahId":86,"ayatId":10,"ayatNo":"١٠","pageNo":591,"ayatText":"فَمَا لَهُ مِنْ قُوَّةٍ وَلَا نَاصِرٍؕ","ayatMealText":{"tr":"İnsanın o gün ne bir gücü vardır, ne de bir yardımcısı.","nl":"Dan heeft hij geen kracht en geen helper.","en":"Then one will have neither power nor ˹any˺ helper"},"surah":null},{"id":5942,"surahId":86,"ayatId":11,"ayatNo":"١١","pageNo":591,"ayatText":"وَالسَّمَٓاءِ ذَاتِ الرَّجْعِۙ","ayatMealText":{"tr":"Andolsun o dönüşlü göğe,","nl":"Bij de hemel, regen bevattend.","en":"By the sky with its recurring cycles"},"surah":null},{"id":5943,"surahId":86,"ayatId":12,"ayatNo":"١٢","pageNo":591,"ayatText":"وَالْاَرْضِ ذَاتِ الصَّدْعِۙ","ayatMealText":{"tr":"O yarılıp çatlayan yere,","nl":"En bij de aarde, planten bevattend.","en":"and the earth with its sprouting plants"},"surah":null},{"id":5944,"surahId":86,"ayatId":13,"ayatNo":"١٣","pageNo":591,"ayatText":"اِنَّهُ لَقَوْلٌ فَصْلٌۙ","ayatMealText":{"tr":"Kuşkusuz Kur'ân, ayırıcı bir sözdür.","nl":"Voorwaar, hij (de Koran) is zeker een beslissend Woord.","en":"Surely this ˹Quran˺ is a decisive word"},"surah":null},{"id":5945,"surahId":86,"ayatId":14,"ayatNo":"١٤","pageNo":591,"ayatText":"وَمَا هُوَ بِالْهَزْلِؕ","ayatMealText":{"tr":"O asla bir şaka değildir.","nl":"En hij bevat geen scherts.","en":"and is not to be taken lightly"},"surah":null},{"id":5946,"surahId":86,"ayatId":15,"ayatNo":"١٥","pageNo":591,"ayatText":"اِنَّهُمْ يَكٖيدُونَ كَيْداًۙ","ayatMealText":{"tr":"Haberin olsun ki, kâfirler hep hile kuruyorlar.","nl":"Voorwaar, zij beramen een plan.","en":"They are certainly devising ˹evil˺ plans"},"surah":null},{"id":5947,"surahId":86,"ayatId":16,"ayatNo":"١٦","pageNo":591,"ayatText":"وَاَكٖيدُ كَيْداًۚ","ayatMealText":{"tr":"Ben de hilelerine karşılık veririm.","nl":"En Ik beraam een plan.","en":"but I too am planning"},"surah":null},{"id":5948,"surahId":86,"ayatId":17,"ayatNo":"١٧","pageNo":591,"ayatText":"فَمَهِّلِ الْكَافِرٖينَ اَمْهِلْهُمْ رُوَيْداً","ayatMealText":{"tr":"Onun için sen kâfirlere mühlet ver, onlara az bir zaman tanı.","nl":"Geef daarom de ongelovigen uitstel, geef hun even uitstel.","en":"So bear with the disbelievers ˹O Prophet˺. Let them be for ˹just˺ a little while"},"surah":null}]}