{"juzNo":30,"pageNo":592,"arCuzNo":"۳۰","arPageNo":"٥۹۲","quranAyats":[{"id":5949,"surahId":87,"ayatId":1,"ayatNo":"١","pageNo":592,"ayatText":"سَبِّحِ اسْمَ رَبِّكَ الْاَعْلٰىۙ","ayatMealText":{"tr":"Rabbinin yüce adını tesbih et.","nl":"Prijs de naam van jouw Heer, de Hoogste.","en":"Glorify the Name of your Lord, the Most High"},"surah":{"surahId":87,"name":"A'lâ","nameAr":"الْاَعْلٰى","revelationOrder":8,"verseCount":19,"juzNo":30,"firstPage":592}},{"id":5950,"surahId":87,"ayatId":2,"ayatNo":"٢","pageNo":592,"ayatText":"اَلَّذٖي خَلَقَ فَسَوّٰىۙࣕ","ayatMealText":{"tr":"Yaratıp düzene koyan O'dur.","nl":"Degene Die geschapen heeft en vervolmaakt.","en":"Who created and ˹perfectly˺ fashioned ˹all˺"},"surah":null},{"id":5951,"surahId":87,"ayatId":3,"ayatNo":"٣","pageNo":592,"ayatText":"وَالَّذٖي قَدَّرَ فَهَدٰىۙࣕ","ayatMealText":{"tr":"Takdir edip hidayeti gösteren O'dur.","nl":"En Degene Die de maat bepaald heeft en Die geleid heeft.","en":"and Who ordained precisely and inspired accordingly"},"surah":null},{"id":5952,"surahId":87,"ayatId":4,"ayatNo":"٤","pageNo":592,"ayatText":"وَالَّـذٖٓي اَخْرَجَ الْمَرْعٰىۙࣕ","ayatMealText":{"tr":"Otlağı çıkaran,","nl":"Degene die het weidegras doet groeien.","en":"and Who brings forth ˹green˺ pasture"},"surah":null},{"id":5953,"surahId":87,"ayatId":5,"ayatNo":"٥","pageNo":592,"ayatText":"فَجَعَلَهُ غُثَٓاءً اَحْوٰىؕ","ayatMealText":{"tr":"Sonra da onu karamsı bir sel köpüğü haline getiren O'dur.","nl":"En het daarna dor (en) zwart maakt.","en":"then reduces it to withered chaff"},"surah":null},{"id":5954,"surahId":87,"ayatId":6,"ayatNo":"٦","pageNo":592,"ayatText":"سَنُقْرِئُكَ فَلَا تَنْسٰىۙ","ayatMealText":{"tr":"Bundan böyle sana Kur'ân'ı okutacağız da unutmayacaksın.","nl":"Wij zullen (de Koran) aan jou voordragen en jij zult (hem) niet vergeten.","en":"We will have you recite ˹the Quran, O Prophet,˺ so you will not forget ˹any of it˺"},"surah":null},{"id":5955,"surahId":87,"ayatId":7,"ayatNo":"٧","pageNo":592,"ayatText":"اِلَّا مَا شَٓاءَ اللّٰهُؕ اِنَّهُ يَعْلَمُ الْجَهْرَ وَمَا يَخْفٰىؕ","ayatMealText":{"tr":"Yalnız Allah'ın dilediği başkadır. Çünkü o açığı da bilir, gizliyi de.","nl":"Behalve wat Allah wil. Voorwaar, Hij kent het openlijke en het verborgene.","en":"unless Allah wills otherwise. He surely knows what is open and what is hidden"},"surah":null},{"id":5956,"surahId":87,"ayatId":8,"ayatNo":"٨","pageNo":592,"ayatText":"وَنُيَسِّرُكَ لِلْيُسْرٰىۚ","ayatMealText":{"tr":"Seni en kolay yola muvaffak kılacağız.","nl":"En Wij zullen het gemakkelijke voor jou gemakkelijk maken.","en":"We will facilitate for you the Way of Ease"},"surah":null},{"id":5957,"surahId":87,"ayatId":9,"ayatNo":"٩","pageNo":592,"ayatText":"فَذَكِّرْ اِنْ نَفَعَتِ الذِّ كْرٰىؕ","ayatMealText":{"tr":"Onun için öğüt ver, eğer öğüt fayda verirse.","nl":"Vermaan daarom, als de Vermaning (hun) baat.","en":"So ˹always˺ remind ˹with the Quran˺—˹even˺ if the reminder is beneficial ˹only to some˺"},"surah":null},{"id":5958,"surahId":87,"ayatId":10,"ayatNo":"١٠","pageNo":592,"ayatText":"سَيَذَّكَّرُ مَنْ يَخْشٰىۙ","ayatMealText":{"tr":"Saygısı olan öğüt alacaktır.","nl":"Wie (Allah) vreest zal zich laten vermanen.","en":"Those in awe ˹of Allah˺ will be mindful ˹of it˺"},"surah":null},{"id":5959,"surahId":87,"ayatId":11,"ayatNo":"١١","pageNo":592,"ayatText":"وَيَتَجَنَّبُهَا الْاَشْقٰىۙ","ayatMealText":{"tr":"Pek bedbaht olan da ondan kaçınacaktır.","nl":"Maar de ellendige zal het vermijden.","en":"But it will be shunned by the most wretched"},"surah":null},{"id":5960,"surahId":87,"ayatId":12,"ayatNo":"١٢","pageNo":592,"ayatText":"اَلَّذٖي يَصْلَى النَّارَ الْكُبْرٰىۚ","ayatMealText":{"tr":"O ki, en büyük ateşe girecektir.","nl":"Degene die het grote Vuur binnengaat.","en":"who will burn in the greatest Fire"},"surah":null},{"id":5961,"surahId":87,"ayatId":13,"ayatNo":"١٣","pageNo":592,"ayatText":"ثُمَّ لَا يَمُوتُ فٖيهَا وَلَا يَحْيٰىؕ","ayatMealText":{"tr":"Sonra ne ölecek onda, ne de hayat bulacaktır.","nl":"Hij zal dan daarin niet sterven en niet leven.","en":"where they will not ˹be able to˺ live or die"},"surah":null},{"id":5962,"surahId":87,"ayatId":14,"ayatNo":"١٤","pageNo":592,"ayatText":"قَدْ اَفْلَحَ مَنْ تَزَكّٰىۙ","ayatMealText":{"tr":"Doğrusu felah buldu (günahtan) temizlenen.  ","nl":"Hij die zich reinigt (van zijn zonden) zal waarlijk slagen.","en":"Successful indeed are those who purify themselves"},"surah":null},{"id":5963,"surahId":87,"ayatId":15,"ayatNo":"١٥","pageNo":592,"ayatText":"وَذَكَرَ اسْمَ رَبِّهٖ فَصَلّٰىؕ","ayatMealText":{"tr":"Rabbinin adını anıp namaz kılan.","nl":"En (ook) die de Naam van zijn Heer gedenkt en de shalât verricht.","en":"remember the Name of their Lord, and pray"},"surah":null},{"id":5964,"surahId":87,"ayatId":16,"ayatNo":"١٦","pageNo":592,"ayatText":"بَلْ تُؤْثِرُونَ الْحَيٰوةَ الدُّنْيَاؗ","ayatMealText":{"tr":"Fakat siz dünya hayatını tercih ediyorsunuz.","nl":"Jullie geven immers voorrang aan het wereldse leven.","en":"But you ˹deniers only˺ prefer the life of this world"},"surah":null},{"id":5965,"surahId":87,"ayatId":17,"ayatNo":"١٧","pageNo":592,"ayatText":"وَالْاٰخِرَةُ خَيْرٌ وَاَبْقٰىؕ","ayatMealText":{"tr":"Oysa ahiret daha hayırlı ve daha kalıcıdır.","nl":"Terwijl het Hiernamaals beter en blijvender is.","en":"even though the Hereafter is far better and more lasting"},"surah":null},{"id":5966,"surahId":87,"ayatId":18,"ayatNo":"١٨","pageNo":592,"ayatText":"اِنَّ هٰذَا لَفِي الصُّحُفِ الْاُو۫لٰىۙ","ayatMealText":{"tr":"Kuşkusuz bu ilk sahifelerde vardır,","nl":"Voorwaar, dit staat zeker in de vroegere bladen.","en":"This is certainly ˹mentioned˺ in the earlier Scriptures—"},"surah":null},{"id":5967,"surahId":87,"ayatId":19,"ayatNo":"١٩","pageNo":592,"ayatText":"صُحُفِ اِبْرٰهٖيمَ وَمُوسٰى","ayatMealText":{"tr":"İbrahim ve Musa'nın sahifelerinde.","nl":"De bladen van Ibrâhîm en Môesa.","en":"the Scriptures of Abraham and Moses"},"surah":null},{"id":5968,"surahId":88,"ayatId":1,"ayatNo":"١","pageNo":592,"ayatText":"هَلْ اَتٰيكَ حَدٖيثُ الْغَاشِيَةِؕ","ayatMealText":{"tr":"O her şeyi kuşatacak olan Kıyamet'in haberi sana geldi mi?","nl":"Heeft het bericht over de Opstanding jou bereikt?","en":"Has the news of the Overwhelming Event reached you ˹O Prophet˺"},"surah":{"surahId":88,"name":"Gâşiye","nameAr":"الْغَاشِيَةِ","revelationOrder":68,"verseCount":26,"juzNo":30,"firstPage":592}},{"id":5969,"surahId":88,"ayatId":2,"ayatNo":"٢","pageNo":592,"ayatText":"وُجُوهٌ يَوْمَئِذٍ خَاشِعَةٌۙ","ayatMealText":{"tr":"Yüzler var ki, o gün eğilmiş, zillete düşmüştür.","nl":"Er zijn gezichten die op die Dag angstig zijn.","en":"On that Day ˹some˺ faces will be downcast"},"surah":null},{"id":5970,"surahId":88,"ayatId":3,"ayatNo":"٣","pageNo":592,"ayatText":"عَامِلَةٌ نَاصِبَةٌۙ","ayatMealText":{"tr":"Çalışmış, yorulmuştur.","nl":"Werkend en zwoegend.","en":"˹totally˺ overburdened, exhausted"},"surah":null},{"id":5971,"surahId":88,"ayatId":4,"ayatNo":"٤","pageNo":592,"ayatText":"تَصْلٰى نَاراً حَامِيَةًۙ","ayatMealText":{"tr":"Kızışmış bir ateşe girer.","nl":"Die de brandende Hel binnengaan.","en":"burning in a scorching Fire"},"surah":null},{"id":5972,"surahId":88,"ayatId":5,"ayatNo":"٥","pageNo":592,"ayatText":"تُسْقٰى مِنْ عَيْنٍ اٰنِيَةٍؕ","ayatMealText":{"tr":"Onlara kızgın bir kaynaktan su verilir.","nl":"Hen wordt te drinken gegeven uit een kokende bron.","en":"left to drink from a scalding spring"},"surah":null},{"id":5973,"surahId":88,"ayatId":6,"ayatNo":"٦","pageNo":592,"ayatText":"لَيْسَ لَهُمْ طَعَامٌ اِلَّا مِنْ ضَرٖيعٍۙ","ayatMealText":{"tr":"Onlar için kuru bir dikenden başka yiyecek de yoktur.","nl":"Er is voor hen geen ander voedsel dan van doornen.","en":"They will have no food except a foul, thorny shrub"},"surah":null},{"id":5974,"surahId":88,"ayatId":7,"ayatNo":"٧","pageNo":592,"ayatText":"لَا يُسْمِنُ وَلَا يُغْنٖي مِنْ جُوعٍؕ","ayatMealText":{"tr":"O da ne besler, ne de açlığı giderir.","nl":"Dat niet dik maakt en de honger niet stilt.","en":"neither nourishing nor satisfying hunger"},"surah":null},{"id":5975,"surahId":88,"ayatId":8,"ayatNo":"٨","pageNo":592,"ayatText":"وُجُوهٌ يَوْمَئِذٍ نَاعِمَةٌۙ","ayatMealText":{"tr":"Yüzler de var ki, o gün nimetle mutludur.","nl":"Er zijn gezichten die op die Dag verheugd zijn.","en":"On that Day ˹other˺ faces will be glowing with bliss"},"surah":null},{"id":5976,"surahId":88,"ayatId":9,"ayatNo":"٩","pageNo":592,"ayatText":"لِسَعْيِهَا رَاضِيَةٌۙ","ayatMealText":{"tr":"Yaptığından hoşnuttur.","nl":"Over hun streven voldaan.","en":"˹fully˺ pleased with their striving"},"surah":null},{"id":5977,"surahId":88,"ayatId":10,"ayatNo":"١٠","pageNo":592,"ayatText":"فٖي جَنَّةٍ عَالِيَةٍۙ","ayatMealText":{"tr":"Yüksek bir cennettedir.","nl":"In een hooggelegen Paradijs.","en":"in an elevated Garden"},"surah":null},{"id":5978,"surahId":88,"ayatId":11,"ayatNo":"١١","pageNo":592,"ayatText":"لَا تَسْمَعُ فٖيهَا لَاغِيَةًؕ","ayatMealText":{"tr":"Orada boş bir söz işitmez.","nl":"Jij hoort daarin geen zinloos gepraat.","en":"where no idle talk will be heard"},"surah":null}]}