{"juzNo":30,"pageNo":594,"arCuzNo":"۳۰","arPageNo":"٥۹٤","quranAyats":[{"id":6008,"surahId":89,"ayatId":15,"ayatNo":"١٥","pageNo":594,"ayatText":"فَاَمَّا الْاِنْسَانُ اِذَا مَا ابْتَلٰيهُ رَبُّهُ فَاَكْرَمَهُ وَنَعَّمَهُ فَيَقُولُ رَبّٖٓي اَكْرَمَنِؕ","ayatMealText":{"tr":"Ama insan, her ne zaman Rabbi onu sınayıp da ikramda bulunur, nimet verirse, \"Rabbim bana ikram etti.\" der.","nl":"Wat de mens betreft, wanneer zijn Heer hem op de proef stelt en hem aanzien geeft en hem genietingen schenkt, dan zegt hij: \"Mijn Heer heeft mij geëerd.\"","en":"Now, whenever a human being is tested by their Lord through ˹His˺ generosity and blessings, they boast, “My Lord has ˹deservedly˺ honoured me!”"},"surah":{"surahId":89,"name":"Fecr","nameAr":"الْفَجْرِ","revelationOrder":10,"verseCount":30,"juzNo":30,"firstPage":593}},{"id":6009,"surahId":89,"ayatId":16,"ayatNo":"١٦","pageNo":594,"ayatText":"وَاَمَّٓا اِذَا مَا ابْتَلٰيهُ فَقَدَرَ عَلَيْهِ رِزْقَهُ فَيَقُولُ رَبّٖٓي اَهَانَنِۚ","ayatMealText":{"tr":"Ama her ne zaman da sınayıp rızkını daraltırsa, o vakit de, \"Rabbim beni zillete düşürdü.\" der.","nl":"Maar wanneer Hij hem beproeft, en dan zijn voorzieningen beperkt, dan zegt hij: \"Mijn Heer heeft mij vernederd.\"","en":"But when He tests them by limiting their provision, they protest, “My Lord has ˹undeservedly˺ humiliated me!”"},"surah":null},{"id":6010,"surahId":89,"ayatId":17,"ayatNo":"١٧","pageNo":594,"ayatText":"كَلَّا بَلْ لَا تُكْرِمُونَ الْيَتٖيمَۙ","ayatMealText":{"tr":"Hayır hayır, doğrusu siz yetime ikram etmiyorsunuz.","nl":"Nee! Jullie ondersteunen immers de wees niet.","en":"Absolutely not! In fact, you are not ˹even˺ gracious to the orphan"},"surah":null},{"id":6011,"surahId":89,"ayatId":18,"ayatNo":"١٨","pageNo":594,"ayatText":"وَلَا تَحَٓاضُّونَ عَلٰى طَعَامِ الْمِسْكٖينِۙ","ayatMealText":{"tr":"Birbirinizi yoksulu yedirmeye teşvik etmiyorsunuz.","nl":"En jullie sporen elkaar niet aan tot het voeden van de behoeftigen.","en":"nor do you urge one another to feed the poor"},"surah":null},{"id":6012,"surahId":89,"ayatId":19,"ayatNo":"١٩","pageNo":594,"ayatText":"وَتَأْكُلُونَ التُّرَاثَ اَكْلاً لَماًّۙ","ayatMealText":{"tr":"Oysa mirası öyle bir yiyorsunuz ki, haramhelal gözetmeden.","nl":"En jullie verteren het erfdeel inhalig.","en":"And you devour ˹others’˺ inheritance greedily"},"surah":null},{"id":6013,"surahId":89,"ayatId":20,"ayatNo":"٢٠","pageNo":594,"ayatText":"وَتُحِبُّونَ الْمَالَ حُباًّ جَماًّؕ","ayatMealText":{"tr":"Malı öyle bir seviyorsunuz ki, yığmacasına.","nl":"En jullie beminnen het bezit met overdreven liefde.","en":"and love wealth fervently"},"surah":null},{"id":6014,"surahId":89,"ayatId":21,"ayatNo":"٢١","pageNo":594,"ayatText":"كَلَّٓا اِذَا دُكَّتِ الْاَرْضُ دَكاًّ دَكاًّۙ","ayatMealText":{"tr":"Hayır hayır, yer birbiri ardınca sarsılıp dümdüz olduğu zaman,","nl":"Nee, wanneer de aarde met klappen verpulverd wordt.","en":"Enough! When the earth is entirely crushed over and over"},"surah":null},{"id":6015,"surahId":89,"ayatId":22,"ayatNo":"٢٢","pageNo":594,"ayatText":"وَجَٓاءَ رَبُّكَ وَالْمَلَكُ صَفاًّ صَفاًّۚ","ayatMealText":{"tr":"Rabbinin emri gelip melekler sıra sıra dizildiği zaman,","nl":"En jouw Heer komt, en de Engelen, rij na rij.","en":"and your Lord comes ˹to judge˺ with angels, rank upon rank"},"surah":null},{"id":6016,"surahId":89,"ayatId":23,"ayatNo":"٢٣","pageNo":594,"ayatText":"وَجٖٓيءَ يَوْمَئِذٍ بِجَهَنَّمَ يَوْمَئِذٍ يَتَذَكَّرُ الْاِنْسَانُ وَاَنّٰى لَهُ الذِّكْرٰىؕ","ayatMealText":{"tr":"Ki cehennem de o gün getirilmiştir. İşte o gün insan anlar. Fakat bu anlamanın ona ne yararı var?","nl":"En op de Dag dat de Hel wordt getoond, op die Dag zal de mens zich (zijn slechte daden) herinneren, maar wat baat hem dan nog de herinnering?","en":"and Hell is brought forth on that Day—this is when every ˹disbelieving˺ person will remember ˹their own sins˺. But what is the use of remembering then"},"surah":null},{"id":6017,"surahId":89,"ayatId":24,"ayatNo":"٢٤","pageNo":594,"ayatText":"يَقُولُ يَا لَيْتَنٖي قَدَّمْتُ لِحَيَاتٖيۚ","ayatMealText":{"tr":"\"Keşke hayatım için bir şeyler yapıp gönderseydim.\" der.","nl":"Hij zegt: \"Wee, had ik maar goede (daden) verricht tijdens mijn leven.\"","en":"They will cry, “I wish I had sent forth ˹something good˺ for my ˹true˺ life.”"},"surah":null},{"id":6018,"surahId":89,"ayatId":25,"ayatNo":"٢٥","pageNo":594,"ayatText":"فَيَوْمَئِذٍ لَا يُعَذِّبُ عَذَابَهُٓ اَحَدٌۙ","ayatMealText":{"tr":"Artık o gün Allah'ın edeceği azabı kimse edemez.","nl":"Maar op die Dag is er niemand die straft zoals Hij.","en":"On that Day He will punish ˹them˺ severely, like no other"},"surah":null},{"id":6019,"surahId":89,"ayatId":26,"ayatNo":"٢٦","pageNo":594,"ayatText":"وَلَا يُوثِقُ وَثَاقَهُٓ اَحَدٌؕ","ayatMealText":{"tr":"Onun vuracağı bağı kimse vuramaz.","nl":"En niemand knevelt zoals Hij knevelt.","en":"and bind ˹them˺ tightly, like no other"},"surah":null},{"id":6020,"surahId":89,"ayatId":27,"ayatNo":"٢٧","pageNo":594,"ayatText":"يَٓا اَيَّتُهَا النَّفْسُ الْمُطْمَئِنَّةُࣗ","ayatMealText":{"tr":"Ey, Rabbine, itaat edip huzura eren nefis!","nl":"O tot rust gekomen ziel!","en":"˹Allah will say to the righteous,˺ “O tranquil soul"},"surah":null},{"id":6021,"surahId":89,"ayatId":28,"ayatNo":"٢٨","pageNo":594,"ayatText":"اِرْجِعٖٓي اِلٰى رَبِّكِ رَاضِيَةً مَرْضِيَّةًۚ","ayatMealText":{"tr":"Hem hoşnut edici, hem de hoşnut edilmiş olarak Rabbine dön.","nl":"Keer terug tot jouw Heer, behaagd en welbehaagd (ontvangen door Hem).","en":"Return to your Lord, well pleased ˹with Him˺ and well pleasing ˹to Him˺"},"surah":null},{"id":6022,"surahId":89,"ayatId":29,"ayatNo":"٢٩","pageNo":594,"ayatText":"فَادْخُلٖي فٖي عِبَادٖيۙ","ayatMealText":{"tr":"Kullarımın arasına gir.","nl":"En treed binnen onder Mijn dienaren.","en":"So join My servants"},"surah":null},{"id":6023,"surahId":89,"ayatId":30,"ayatNo":"٣٠","pageNo":594,"ayatText":"وَادْخُلٖي جَنَّتٖي","ayatMealText":{"tr":"Cennetime gir.","nl":"En treed binnen in Mijn Paradijs.","en":"and enter My Paradise.”"},"surah":null},{"id":6024,"surahId":90,"ayatId":1,"ayatNo":"١","pageNo":594,"ayatText":"لَٓا اُقْسِمُ بِهٰذَا الْبَلَدِۙ","ayatMealText":{"tr":"Andolsun bu beldeye","nl":"Ik zweer bij deze stad (Mekka).","en":"I do swear by this city ˹of Mecca˺—"},"surah":{"surahId":90,"name":"Beled","nameAr":"الْبَلَدِ","revelationOrder":35,"verseCount":20,"juzNo":30,"firstPage":594}},{"id":6025,"surahId":90,"ayatId":2,"ayatNo":"٢","pageNo":594,"ayatText":"وَاَنْتَ حِلٌّ بِهٰذَا الْبَلَدِۙ","ayatMealText":{"tr":"Ki sen bu beldede oturmaktasın.","nl":"En jij (Mohammed) bent een bewoner van deze stad.","en":"even though you ˹O Prophet˺ are subject to abuse in this city—"},"surah":null},{"id":6026,"surahId":90,"ayatId":3,"ayatNo":"٣","pageNo":594,"ayatText":"وَوَالِدٍ وَمَا وَلَدَۙ","ayatMealText":{"tr":"Ve and olsun baba ve çocuğuna.","nl":"En bij de vader (Adam) en wat hij verwekte.","en":"and by every parent and ˹their˺ child"},"surah":null},{"id":6027,"surahId":90,"ayatId":4,"ayatNo":"٤","pageNo":594,"ayatText":"لَقَدْ خَلَقْنَا الْاِنْسَانَ فٖي كَبَدٍؕ","ayatMealText":{"tr":"Biz insanı gerçekten bir sıkıntı içinde yarattık.","nl":"Voorzeker, Wij hebben de mens tot gezwoeg geschapen.","en":"Indeed, We have created humankind in ˹constant˺ struggle"},"surah":null},{"id":6028,"surahId":90,"ayatId":5,"ayatNo":"٥","pageNo":594,"ayatText":"اَيَحْسَبُ اَنْ لَنْ يَقْدِرَ عَلَيْهِ اَحَدٌۘ","ayatMealText":{"tr":"İnsan, kendisine karşı kimse güç yetiremez mi sanıyor?","nl":"Denk hij dat niemand macht over hem heeft?","en":"Do they think that no one has power over them"},"surah":null},{"id":6029,"surahId":90,"ayatId":6,"ayatNo":"٦","pageNo":594,"ayatText":"يَقُولُ اَهْلَكْتُ مَالاً لُبَداًؕ","ayatMealText":{"tr":"Ben, yığın yığın mal yok ettim diyor.","nl":"Hij zegt: \"Ik heb veel bezit verkwist.\"","en":"boasting, “I have wasted enormous wealth!”"},"surah":null},{"id":6030,"surahId":90,"ayatId":7,"ayatNo":"٧","pageNo":594,"ayatText":"اَيَحْسَبُ اَنْ لَمْ يَرَهُٓ اَحَدٌؕ","ayatMealText":{"tr":"Kendisini bir gören olmadı mı sanıyor?","nl":"Denkt hij dat niemand hem ziet?","en":"Do they think that no one sees them"},"surah":null}]}