{"juzNo":30,"pageNo":595,"arCuzNo":"۳۰","arPageNo":"٥۹٥","quranAyats":[{"id":6031,"surahId":90,"ayatId":8,"ayatNo":"٨","pageNo":595,"ayatText":"اَلَمْ نَجْعَلْ لَهُ عَيْنَيْنِۙ","ayatMealText":{"tr":"Biz ona iki göz vermedik mi?","nl":"Hebben Wij niet voor hem een paar ogen gemaakt?","en":"Have We not given them two eyes"},"surah":{"surahId":90,"name":"Beled","nameAr":"الْبَلَدِ","revelationOrder":35,"verseCount":20,"juzNo":30,"firstPage":594}},{"id":6032,"surahId":90,"ayatId":9,"ayatNo":"٩","pageNo":595,"ayatText":"وَلِسَاناً وَشَفَتَيْنِۙ","ayatMealText":{"tr":"Bir dil ve iki dudak?","nl":"En een tong en een paar lippen?","en":"a tongue, and two lips"},"surah":null},{"id":6033,"surahId":90,"ayatId":10,"ayatNo":"١٠","pageNo":595,"ayatText":"وَهَدَيْنَاهُ النَّجْدَيْنِۚ","ayatMealText":{"tr":"Ona iki yolu gösterdik.","nl":"En hebben Wij hem niet de twee wegen (van Leiding en dwaling) gewezen?","en":"and shown them the two ways ˹of right and wrong˺"},"surah":null},{"id":6034,"surahId":90,"ayatId":11,"ayatNo":"١١","pageNo":595,"ayatText":"فَلَا اقْتَحَمَ الْعَقَبَةَؗ","ayatMealText":{"tr":"Fakat o, o sarp yokuşa göğüs veremedi.","nl":"Was hij maar over de drempel gestapt!","en":"If only they had attempted the challenging path ˹of goodness instead˺"},"surah":null},{"id":6035,"surahId":90,"ayatId":12,"ayatNo":"١٢","pageNo":595,"ayatText":"وَمَٓا اَدْرٰيكَ مَا الْعَقَبَةُؕ","ayatMealText":{"tr":"Bildin mi sen, o sarp yokuş nedir?","nl":"En wat doet jou weten wat de drempel is?","en":"And what will make you realize what ˹attempting˺ the challenging path is"},"surah":null},{"id":6036,"surahId":90,"ayatId":13,"ayatNo":"١٣","pageNo":595,"ayatText":"فَكُّ رَقَبَةٍۙ","ayatMealText":{"tr":"Köle azat etmek,","nl":"Het vrijlaten van een slaaf.","en":"It is to free a slave"},"surah":null},{"id":6037,"surahId":90,"ayatId":14,"ayatNo":"١٤","pageNo":595,"ayatText":"اَوْ اِطْعَامٌ فٖي يَوْمٍ ذٖي مَسْغَبَةٍۙ","ayatMealText":{"tr":"Veya salgın bir kıtlık gününde yemek yedirmektir,","nl":"Of het geven van voedsel op een dag van hongersnood.","en":"or to give food in times of famine"},"surah":null},{"id":6038,"surahId":90,"ayatId":15,"ayatNo":"١٥","pageNo":595,"ayatText":"يَتٖيماً ذَا مَقْرَبَةٍۙ","ayatMealText":{"tr":"Yakınlığı olan bir yetime,","nl":"Aan een verwante wees.","en":"to an orphaned relative"},"surah":null},{"id":6039,"surahId":90,"ayatId":16,"ayatNo":"١٦","pageNo":595,"ayatText":"اَوْ مِسْكٖيناً ذَا مَتْرَبَةٍؕ","ayatMealText":{"tr":"Veya hiçbir şeyi olmayan yoksula.","nl":"Of aan een arme behoeftige.","en":"or to a poor person in distress"},"surah":null},{"id":6040,"surahId":90,"ayatId":17,"ayatNo":"١٧","pageNo":595,"ayatText":"ثُمَّ كَانَ مِنَ الَّذٖينَ اٰمَنُوا وَتَوَاصَوْا بِالصَّبْرِ وَتَوَاصَوْا بِالْمَرْحَمَةِؕ","ayatMealText":{"tr":"Sonra da iman edip de sabrı tavsiye eden ve merhamet tavsiye edenlerden olmaktır.","nl":"En dat hij behoort tot degenen die geloven en elkaar aansporen tot geduld en elkaar aansporen tot barmhartigheid.","en":"and—above all—to be one of those who have faith and urge each other to perseverance and urge each other to compassion"},"surah":null},{"id":6041,"surahId":90,"ayatId":18,"ayatNo":"١٨","pageNo":595,"ayatText":"اُو۬لٰٓئِكَ اَصْحَابُ الْمَيْمَنَةِؕ","ayatMealText":{"tr":"İşte bunlar, amel defterleri sağlarından verilenlerdir.","nl":"Zij zijn degenen die de mensen van de rechterzijde zijn (zij zijn de bewoners van het Paradijs).","en":"These are the people of the right"},"surah":null},{"id":6042,"surahId":90,"ayatId":19,"ayatNo":"١٩","pageNo":595,"ayatText":"وَالَّذٖينَ كَفَرُوا بِاٰيَاتِنَا هُمْ اَصْحَابُ الْمَشْـَٔمَةِؕ","ayatMealText":{"tr":"Âyetlerimizi tanımayanlar ise, onlardır işte amel defterleri sollarından verilenler.","nl":"En degenen die niet in Onze verzen geloven; zij zijn degenen die de mensen van de linkerzijde zijn.","en":"As for those who deny Our signs, they are the people of the left"},"surah":null},{"id":6043,"surahId":90,"ayatId":20,"ayatNo":"٢٠","pageNo":595,"ayatText":"عَلَيْهِمْ نَارٌ مُؤْصَدَةٌ","ayatMealText":{"tr":"Onların üzerlerine bir ateş bastırılıp kapıları kapanacaktır.","nl":"Over hen is een omhullend vuur (de Hel).","en":"The Fire will be sealed over them"},"surah":null},{"id":6044,"surahId":91,"ayatId":1,"ayatNo":"١","pageNo":595,"ayatText":"وَالشَّمْسِ وَضُحٰيهَاۙࣕ","ayatMealText":{"tr":"Güneş'e ve onun parıltısına,","nl":"Bij de zon en haar ochtendlicht.","en":"By the sun and its brightness"},"surah":{"surahId":91,"name":"Şems","nameAr":"الشَّمْسِ","revelationOrder":26,"verseCount":15,"juzNo":30,"firstPage":595}},{"id":6045,"surahId":91,"ayatId":2,"ayatNo":"٢","pageNo":595,"ayatText":"وَالْقَمَرِ اِذَا تَلٰيهَاۙࣕ","ayatMealText":{"tr":"Güneş'in ardından gelen Ay'a,","nl":"Bij de maan wanneer zij haar (de zon) volgt.","en":"and the moon as it follows it"},"surah":null},{"id":6046,"surahId":91,"ayatId":3,"ayatNo":"٣","pageNo":595,"ayatText":"وَالنَّهَارِ اِذَا جَلّٰيهَاۙࣕ","ayatMealText":{"tr":"Güneş'i açıp ortaya çıkaran gündüze,","nl":"Bij de dag wanneer hij het (duister) verdrijft.","en":"and the day as it unveils it"},"surah":null},{"id":6047,"surahId":91,"ayatId":4,"ayatNo":"٤","pageNo":595,"ayatText":"وَالَّيْلِ اِذَا يَغْشٰيهَاۙࣕ","ayatMealText":{"tr":"Onu örten geceye,","nl":"Bij de nacht wanneer hij haar (de aarde) bedekt.","en":"and the night as it conceals it"},"surah":null},{"id":6048,"surahId":91,"ayatId":5,"ayatNo":"٥","pageNo":595,"ayatText":"وَالسَّمَٓاءِ وَمَا بَنٰيهَاۙࣕ","ayatMealText":{"tr":"Göğe ve onu bina edene,","nl":"Bij de hemel en Wie haar gebouwd heeft.","en":"And by heaven and ˹the One˺ Who built it"},"surah":null},{"id":6049,"surahId":91,"ayatId":6,"ayatNo":"٦","pageNo":595,"ayatText":"وَالْاَرْضِ وَمَا طَحٰيهَاۙࣕ","ayatMealText":{"tr":"Yere ve onu döşeyene,","nl":"Bij de aarde en Wie haar uitgespreid heeft.","en":"and the earth and ˹the One˺ Who spread it"},"surah":null},{"id":6050,"surahId":91,"ayatId":7,"ayatNo":"٧","pageNo":595,"ayatText":"وَنَفْسٍ وَمَا سَوّٰيهَاۙࣕ","ayatMealText":{"tr":"Nefse ve onu biçimlendirene,","nl":"Bij de ziel en Wie haar vervolmaakt heeft.","en":"And by the soul and ˹the One˺ Who fashioned it"},"surah":null},{"id":6051,"surahId":91,"ayatId":8,"ayatNo":"٨","pageNo":595,"ayatText":"فَاَلْهَمَهَا فُجُورَهَا وَتَقْوٰيهَاۙࣕ","ayatMealText":{"tr":"Sonra da ona kötülük ve takva kabiliyetini verene yemin olsun ki,","nl":"Hij Die haar haar zondigheid en haar vrees (voor Hem) bijgebracht heeft.","en":"then with ˹the knowledge of˺ right and wrong inspired it"},"surah":null},{"id":6052,"surahId":91,"ayatId":9,"ayatNo":"٩","pageNo":595,"ayatText":"قَدْ اَفْلَحَ مَنْ زَكّٰيهَاۙࣕ","ayatMealText":{"tr":"Elbette nefsini temizleyip parlatan kurtulmuştur.","nl":"Voorwaar, hij die haar (de ziel) loutert, zal welslagen.","en":"Successful indeed is the one who purifies their soul"},"surah":null},{"id":6053,"surahId":91,"ayatId":10,"ayatNo":"١٠","pageNo":595,"ayatText":"وَقَدْ خَابَ مَنْ دَسّٰيهَاؕ","ayatMealText":{"tr":"Onu kirletip gömen de ziyan etmiştir.","nl":"En waarlijk verliest hij die haar bederft.","en":"and doomed is the one who corrupts it"},"surah":null},{"id":6054,"surahId":91,"ayatId":11,"ayatNo":"١١","pageNo":595,"ayatText":"كَذَّبَتْ ثَمُودُ بِطَغْوٰيهَاۙࣕ","ayatMealText":{"tr":"Semud, azgınlığıyla Hakk'ı yalanladı,","nl":"De Tsamoed loochenden in hun buitensporigheid.","en":"Thamûd rejected ˹the truth˺ out of arrogance"},"surah":null},{"id":6055,"surahId":91,"ayatId":12,"ayatNo":"١٢","pageNo":595,"ayatText":"اِذِ انْبَعَثَ اَشْقٰيهَاۙࣕ","ayatMealText":{"tr":"En azgınları ileri atılınca,","nl":"Toen de ellendigste onder hen opstond.","en":"when the most wicked of them was roused ˹to kill the she-camel˺"},"surah":null},{"id":6056,"surahId":91,"ayatId":13,"ayatNo":"١٣","pageNo":595,"ayatText":"فَقَالَ لَهُمْ رَسُولُ اللّٰهِ نَاقَةَ اللّٰهِ وَسُقْيٰيهَاࣞ","ayatMealText":{"tr":"Allah'ın Rasulü (Salih peygamber) onlara: \"Allah'ın devesini ve onun su nöbetini gözetin.\" demişti.","nl":"Daarop zei de Boodschapper van Allah (Shâlih) tot hen: \"(Sla acht op) de vrouwtjeskameel van Allah en haar drinktijden.\"","en":"But the messenger of Allah warned them, “˹Do not disturb˺ Allah’s camel and her ˹turn to˺ drink!”"},"surah":null},{"id":6057,"surahId":91,"ayatId":14,"ayatNo":"١٤","pageNo":595,"ayatText":"فَكَذَّبُوهُ فَعَقَرُوهَاۙࣕ فَدَمْدَمَ عَلَيْهِمْ رَبُّهُمْ بِذَنْبِهِمْ فَسَوّٰيهَاۙࣕ","ayatMealText":{"tr":"Fakat onlar peygamberi yalanlayıp deveyi kestiler. Rableri de günahlarını başlarına geçiriverdi de orayı dümdüz etti.","nl":"Maar zij loochenden hem en slachtten haar. Toen vernietigde hun Heer hen wegens hun zonden en maakte hen met de grond gelijk.","en":"Still they defied him and slaughtered her. So their Lord crushed them for their crime, levelling all to the ground"},"surah":null},{"id":6058,"surahId":91,"ayatId":15,"ayatNo":"١٥","pageNo":595,"ayatText":"وَلَا يَخَافُ عُقْبٰيهَا","ayatMealText":{"tr":"Öyle ya, Allah bu işin sonundan korkacak değil ya.","nl":"En Hij vreesde de gevolgen daarvan niet.","en":"He has no fear of consequences"},"surah":null}]}