{"juzNo":30,"pageNo":596,"arCuzNo":"۳۰","arPageNo":"٥۹٦","quranAyats":[{"id":6059,"surahId":92,"ayatId":1,"ayatNo":"١","pageNo":596,"ayatText":"وَالَّيْلِ اِذَا يَغْشٰىۙ","ayatMealText":{"tr":"Örttüğü zaman geceye,","nl":"Bij de nacht wanneer hij bedekt.","en":"By the night when it covers"},"surah":{"surahId":92,"name":"Leyl","nameAr":"الَّيْلِ","revelationOrder":9,"verseCount":21,"juzNo":30,"firstPage":596}},{"id":6060,"surahId":92,"ayatId":2,"ayatNo":"٢","pageNo":596,"ayatText":"وَالنَّهَارِ اِذَا تَجَلّٰىۙ","ayatMealText":{"tr":"Açıldığı zaman gündüze,","nl":"Bij de dag wanneer hij beschijnt.","en":"and the day when it shines"},"surah":null},{"id":6061,"surahId":92,"ayatId":3,"ayatNo":"٣","pageNo":596,"ayatText":"وَمَا خَلَقَ الذَّكَرَ وَالْاُنْثٰىۙ","ayatMealText":{"tr":"Erkeği ve dişiyi yaratana and olsun ki,","nl":"Bij Wie de man en de vrouw schiep.","en":"And by ˹the One˺ Who created male and female"},"surah":null},{"id":6062,"surahId":92,"ayatId":4,"ayatNo":"٤","pageNo":596,"ayatText":"اِنَّ سَعْيَكُمْ لَشَتّٰىؕ","ayatMealText":{"tr":"Gerçekten sizin işiniz başka başkadır.","nl":"Voorwaar, jullie daden zijn zeker verschillend.","en":"Surely the ends you strive for are diverse"},"surah":null},{"id":6063,"surahId":92,"ayatId":5,"ayatNo":"٥","pageNo":596,"ayatText":"فَاَمَّا مَنْ اَعْطٰى وَاتَّقٰىۙ","ayatMealText":{"tr":"Bundan böyle her kim malını hayır için verir ve korunursa,","nl":"Wat betreft degene die geeft en (Allah) vreest.","en":"As for the one who is charitable, mindful ˹of Allah˺"},"surah":null},{"id":6064,"surahId":92,"ayatId":6,"ayatNo":"٦","pageNo":596,"ayatText":"وَصَدَّقَ بِالْحُسْنٰىۙ","ayatMealText":{"tr":"Ve en güzel olanı doğrularsa,","nl":"En in de goede beloning (het Paradijs) gelooft.","en":"and ˹firmly˺ believes in the finest reward"},"surah":null},{"id":6065,"surahId":92,"ayatId":7,"ayatNo":"٧","pageNo":596,"ayatText":"فَسَنُيَسِّرُهُ لِلْيُسْرٰىؕ","ayatMealText":{"tr":"Biz onu en kolay yola muvaffak kılacağız.","nl":"Wij zullen voor hem het gemakkelijke vergemakkelijken.","en":"We will facilitate for them the Way of Ease"},"surah":null},{"id":6066,"surahId":92,"ayatId":8,"ayatNo":"٨","pageNo":596,"ayatText":"وَاَمَّا مَنْ بَخِلَ وَاسْتَغْنٰىۙ","ayatMealText":{"tr":"Kim de cimrilik eder ve kendini hiçbir şeye ihtiyacı kalmamış görür.","nl":"En wat betreft degene die gierig is en zich behoefteloos waant.","en":"And as for the one who is stingy, indifferent ˹to Allah˺"},"surah":null},{"id":6067,"surahId":92,"ayatId":9,"ayatNo":"٩","pageNo":596,"ayatText":"وَكَذَّبَ بِالْحُسْنٰىۙ","ayatMealText":{"tr":"Ve en güzeli de yalanlarsa,","nl":"En die de goede beloning loochent.","en":"and ˹staunchly˺ denies the finest reward"},"surah":null},{"id":6068,"surahId":92,"ayatId":10,"ayatNo":"١٠","pageNo":596,"ayatText":"فَسَنُيَسِّرُهُ لِلْعُسْرٰىؕ","ayatMealText":{"tr":"Onu da en zor yola hazırlarız.","nl":"Wij zullen voor hem het moeilijke vergemakkelijken.","en":"We will facilitate for them the path of hardship"},"surah":null},{"id":6069,"surahId":92,"ayatId":11,"ayatNo":"١١","pageNo":596,"ayatText":"وَمَا يُغْنٖي عَنْهُ مَالُـهُٓ اِذَا تَرَدّٰىؕ","ayatMealText":{"tr":"Çukura yuvarlandığı zaman malı onu kurtaramayacak.","nl":"En zijn bezit zal hem niet baten wanneer hij (in de Hel) valt.","en":"And their wealth will be of no benefit to them when they tumble ˹into Hell˺"},"surah":null},{"id":6070,"surahId":92,"ayatId":12,"ayatNo":"١٢","pageNo":596,"ayatText":"اِنَّ عَلَيْنَا لَلْهُدٰىؗ","ayatMealText":{"tr":"Doğru yolu göstermek muhakkak bize aittir.","nl":"Voorwaar, aan Ons is zeker de Leiding.","en":"It is certainly upon Us ˹alone˺ to show ˹the way to˺ guidance"},"surah":null},{"id":6071,"surahId":92,"ayatId":13,"ayatNo":"١٣","pageNo":596,"ayatText":"وَاِنَّ لَنَا لَلْاٰخِرَةَ وَالْاُو۫لٰى","ayatMealText":{"tr":"Kuşkusuz ahiret de dünya da bizimdir.","nl":"En voorwaar, Ons behoort zeker het laatste (het Hiernamaals) en het eerste (het wereldse leven).","en":"And surely to Us ˹alone˺ belong this life and the next"},"surah":null},{"id":6072,"surahId":92,"ayatId":14,"ayatNo":"١٤","pageNo":596,"ayatText":"فَاَنْذَرْتُكُمْ نَاراً تَلَظّٰىۚ","ayatMealText":{"tr":"Ben sizi köpürdükçe köpüren bir ateşe karşı uyardım.","nl":"Daarom waarschuw Ik jullie voor een laaiend vuur (de Hel).","en":"And so I have warned you of a raging Fire"},"surah":null},{"id":6073,"surahId":92,"ayatId":15,"ayatNo":"١٥","pageNo":596,"ayatText":"لَا يَصْلٰيهَٓا اِلَّا الْاَشْقٰىۙ","ayatMealText":{"tr":"Ona ancak en azgın olan girer.","nl":"Daarin gaat slechts de ergste ellendeling binnen.","en":"in which none will burn except the most wretched—"},"surah":null},{"id":6074,"surahId":92,"ayatId":16,"ayatNo":"١٦","pageNo":596,"ayatText":"اَلَّذٖي كَذَّبَ وَتَوَلّٰىؕ","ayatMealText":{"tr":"Öyle azgın ki, yalanlamış ve sırtını dönmüştür.","nl":"Die loochende en zich afwendde.","en":"who deny and turn away"},"surah":null},{"id":6075,"surahId":92,"ayatId":17,"ayatNo":"١٧","pageNo":596,"ayatText":"وَسَيُجَنَّبُهَا الْاَتْقٰىۙ","ayatMealText":{"tr":"En çok korunan ise ondan uzaklaştırılacaktır.","nl":"Maar degenen die (Allah) vrezen zal daar ver van gehouden worden.","en":"But the righteous will be spared from it—"},"surah":null},{"id":6076,"surahId":92,"ayatId":18,"ayatNo":"١٨","pageNo":596,"ayatText":"اَلَّذٖي يُؤْتٖي مَالَهُ يَتَزَكّٰىۚ","ayatMealText":{"tr":"O ki, Allah yolunda malını verir, temizlenir.","nl":"Degene die van zijn bezit geeft om zich te reinigen.","en":"who donate ˹some of˺ their wealth only to purify themselves"},"surah":null},{"id":6077,"surahId":92,"ayatId":19,"ayatNo":"١٩","pageNo":596,"ayatText":"وَمَا لِاَحَدٍ عِنْدَهُ مِنْ نِعْمَةٍ تُجْزٰىۙ","ayatMealText":{"tr":"Onun yanında, başka bir kimse için karşılığı verilecek hiçbir nimet yoktur.","nl":"En niet om voor een gunst aan iemand beloond te worden.","en":"not in return for someone’s favours"},"surah":null},{"id":6078,"surahId":92,"ayatId":20,"ayatNo":"٢٠","pageNo":596,"ayatText":"اِلَّا ابْتِغَٓاءَ وَجْهِ رَبِّهِ الْاَعْلٰىۚ","ayatMealText":{"tr":"O ancak yüce Rabbinin rızasını aramak için verir.","nl":"Maar om het welbehagen van zijn Heer, de Verhevene, te zoeken.","en":"but seeking the pleasure of their Lord, the Most High"},"surah":null},{"id":6079,"surahId":92,"ayatId":21,"ayatNo":"٢١","pageNo":596,"ayatText":"وَلَسَوْفَ يَرْضٰى","ayatMealText":{"tr":"Elbette yakında kendisi de hoşnut olacaktır.","nl":"Hij zal zeker tevreden zijn.","en":"They will certainly be pleased"},"surah":null},{"id":6080,"surahId":93,"ayatId":1,"ayatNo":"١","pageNo":596,"ayatText":"وَالضُّحٰىۙ","ayatMealText":{"tr":"Andolsun kuşluk vaktine.","nl":"Bij het ochtendlicht.","en":"By the morning sunlight"},"surah":{"surahId":93,"name":"Duhâ","nameAr":"الضُّحٰى","revelationOrder":11,"verseCount":11,"juzNo":30,"firstPage":596}},{"id":6081,"surahId":93,"ayatId":2,"ayatNo":"٢","pageNo":596,"ayatText":"وَالَّيْلِ اِذَا سَجٰىۙ","ayatMealText":{"tr":"Ve sakinleştiği zaman geceye ki,","nl":"En bij de nacht wanneer het geheel donker is.","en":"and the night when it falls still"},"surah":null},{"id":6082,"surahId":93,"ayatId":3,"ayatNo":"٣","pageNo":596,"ayatText":"مَا وَدَّعَكَ رَبُّكَ وَمَا قَلٰىؕ","ayatMealText":{"tr":"Rabbin seni bırakmadı ve darılmadı.","nl":"Jouw Heer heeft jou (O Moehammad) niet verlaten en Hij is niet kwaad (op jou).","en":"Your Lord ˹O Prophet˺ has not abandoned you, nor has He become hateful ˹of you˺"},"surah":null}]}