{"juzNo":30,"pageNo":597,"arCuzNo":"۳۰","arPageNo":"٥۹۷","quranAyats":[{"id":6083,"surahId":93,"ayatId":4,"ayatNo":"٤","pageNo":597,"ayatText":"وَلَلْاٰخِرَةُ خَيْرٌ لَكَ مِنَ الْاُو۫لٰىؕ","ayatMealText":{"tr":"Ahiret senin için dünyadan iyi olacaktır.","nl":"En het latere (het Hiernamaals) is zeker beter voor jou dan het eerste (het wereldse leven).","en":"And the next life is certainly far better for you than this one"},"surah":{"surahId":93,"name":"Duhâ","nameAr":"الضُّحٰى","revelationOrder":11,"verseCount":11,"juzNo":30,"firstPage":596}},{"id":6084,"surahId":93,"ayatId":5,"ayatNo":"٥","pageNo":597,"ayatText":"وَلَسَوْفَ يُعْطٖيكَ رَبُّكَ فَتَـرْضٰىؕ","ayatMealText":{"tr":"Rabbın sana verecek ve sen hoşnut olacaksın.","nl":"En jouw Heer zal jou zeker gunsten schenken, zodat jij tevreden zult zijn.","en":"And ˹surely˺ your Lord will give so much to you that you will be pleased"},"surah":null},{"id":6085,"surahId":93,"ayatId":6,"ayatNo":"٦","pageNo":597,"ayatText":"اَلَمْ يَجِدْكَ يَتٖيـماً فَاٰوٰىࣕ","ayatMealText":{"tr":"O seni yetim bulup da barındırmadı mı?","nl":"Heeft Hij jou niet als wees gevonden en jou in bescherming genomen?","en":"Did He not find you as an orphan then sheltered you"},"surah":null},{"id":6086,"surahId":93,"ayatId":7,"ayatNo":"٧","pageNo":597,"ayatText":"وَوَجَدَكَ ضَٓالاًّ فَهَدٰىࣕ","ayatMealText":{"tr":"Seni yol bilmez bulup yola iletmedi mi?","nl":"En Hij heeft jou dwalend gevonden en jou geleid.","en":"Did He not find you unguided then guided you"},"surah":null},{"id":6087,"surahId":93,"ayatId":8,"ayatNo":"٨","pageNo":597,"ayatText":"وَوَجَدَكَ عَٓائِلاً فَاَغْنٰىؕ","ayatMealText":{"tr":"Seni yoksul bulup zengin etmedi mi?","nl":"En Hij heeft jou behoeftig gevonden en rijk gemaakt.","en":"And did He not find you needy then satisfied your needs"},"surah":null},{"id":6088,"surahId":93,"ayatId":9,"ayatNo":"٩","pageNo":597,"ayatText":"فَاَمَّا الْيَتٖيمَ فَلَا تَقْهَرْؕ","ayatMealText":{"tr":"Öyleyse sakın yetimi ezme.","nl":"Wat de wees betreft: beledig hem niet.","en":"So do not oppress the orphan"},"surah":null},{"id":6089,"surahId":93,"ayatId":10,"ayatNo":"١٠","pageNo":597,"ayatText":"وَاَمَّا السَّٓائِلَ فَلَا تَنْهَرْؕ","ayatMealText":{"tr":"Dilenciyi de azarlama.","nl":"En wat de bedelaar betreft: wijs hem niet af.","en":"nor repulse the beggar"},"surah":null},{"id":6090,"surahId":93,"ayatId":11,"ayatNo":"١١","pageNo":597,"ayatText":"وَاَمَّا بِنِعْمَةِ رَبِّكَ فَحَدِّثْ","ayatMealText":{"tr":"Fakat Rabbinin nimetini anlat da anlat.","nl":"En wat de gunsten van jouw Heer betreft: spreek daarover!","en":"And proclaim the blessings of your Lord"},"surah":null},{"id":6091,"surahId":94,"ayatId":1,"ayatNo":"١","pageNo":597,"ayatText":"اَلَمْ نَشْرَحْ لَكَ صَدْرَكَۙ","ayatMealText":{"tr":"Biz senin için (mutluluğun) göğsünü açmadık mı?","nl":"Hebben Wij niet jouw borst verruimd (O Mohammed)?","en":"Have We not uplifted your heart for you ˹O Prophet˺"},"surah":{"surahId":94,"name":"İnşirâh","nameAr":"الْاِنْشِرَاحِ","revelationOrder":12,"verseCount":8,"juzNo":30,"firstPage":597}},{"id":6092,"surahId":94,"ayatId":2,"ayatNo":"٢","pageNo":597,"ayatText":"وَوَضَعْنَا عَنْكَ وِزْرَكَۙ","ayatMealText":{"tr":"Senden yükünü indirmedik mi?","nl":"En Wij hebben jouw last van je weggenomen.","en":"relieved you of the burden"},"surah":null},{"id":6093,"surahId":94,"ayatId":3,"ayatNo":"٣","pageNo":597,"ayatText":"اَلَّـذٖٓي اَنْقَضَ ظَهْرَكَۙ","ayatMealText":{"tr":"O senin sırtını ezen yükü.","nl":"Die jouw rug belastte.","en":"which weighed so heavily on your back"},"surah":null},{"id":6094,"surahId":94,"ayatId":4,"ayatNo":"٤","pageNo":597,"ayatText":"وَرَفَعْنَا لَكَ ذِكْرَكَؕ","ayatMealText":{"tr":"Senin şanını yüceltmedik mi?","nl":"En Wij hebben jouw roem verhoogd.","en":"and elevated your renown for you"},"surah":null},{"id":6095,"surahId":94,"ayatId":5,"ayatNo":"٥","pageNo":597,"ayatText":"فَاِنَّ مَعَ الْعُسْرِ يُسْراًۙ","ayatMealText":{"tr":"Demek ki, zorlukla beraber bir kolaylık vardır.","nl":"Voorwaar, zo komt met de moeilijkeid de verlichting.","en":"So, surely with hardship comes ease"},"surah":null},{"id":6096,"surahId":94,"ayatId":6,"ayatNo":"٦","pageNo":597,"ayatText":"اِنَّ مَعَ الْعُسْرِ يُسْراًؕ","ayatMealText":{"tr":"Evet, zorlukla beraber bir kolaylık vardır.","nl":"Voorwaar, met de moeilijkheid komt de verlichting.","en":"Surely with ˹that˺ hardship comes ˹more˺ ease"},"surah":null},{"id":6097,"surahId":94,"ayatId":7,"ayatNo":"٧","pageNo":597,"ayatText":"فَاِذَا فَرَغْتَ فَانْصَبْۙ","ayatMealText":{"tr":"O halde boş kaldın mı, yine kalk (başka bir iş ve ibadetle) yorul.","nl":"Wanneer jij dan een taak volbracht hebt, streef dan (verder).","en":"So once you have fulfilled ˹your duty˺, strive ˹in devotion˺"},"surah":null},{"id":6098,"surahId":94,"ayatId":8,"ayatNo":"٨","pageNo":597,"ayatText":"وَاِلٰى رَبِّكَ فَارْغَبْ","ayatMealText":{"tr":"Ancak Rabbine yönel.","nl":"En richt jouw verlangen tot jouw Heer.","en":"turning to your Lord ˹alone˺ with hope"},"surah":null},{"id":6099,"surahId":95,"ayatId":1,"ayatNo":"١","pageNo":597,"ayatText":"وَالتّٖينِ وَالزَّيْتُونِۙ","ayatMealText":{"tr":"Tîn'e ve Zeytun'a,","nl":"Bij de vijg en de olijf.","en":"By the fig and the olive ˹of Jerusalem˺"},"surah":{"surahId":95,"name":"Tîn","nameAr":"التّ۪ينِ","revelationOrder":28,"verseCount":8,"juzNo":30,"firstPage":597}},{"id":6100,"surahId":95,"ayatId":2,"ayatNo":"٢","pageNo":597,"ayatText":"وَطُورِ سٖينٖينَۙ","ayatMealText":{"tr":"Sina dağına","nl":"Bij de berg Sinaï.","en":"and Mount Sinai"},"surah":null},{"id":6101,"surahId":95,"ayatId":3,"ayatNo":"٣","pageNo":597,"ayatText":"وَهٰذَا الْبَلَدِ الْاَمٖينِۙ","ayatMealText":{"tr":"Ve bu güvenli beldeye andolsun ki,","nl":"Bij deze veilige stad (Mekkah).","en":"and this secure city ˹of Mecca˺"},"surah":null},{"id":6102,"surahId":95,"ayatId":4,"ayatNo":"٤","pageNo":597,"ayatText":"لَقَدْ خَلَقْنَا الْاِنْسَانَ فٖٓي اَحْسَنِ تَقْوٖيمٍؗ","ayatMealText":{"tr":"Biz insanı en güzel biçimde yarattık.","nl":"Voorzeker, Wij hebben de mens in de beste vorm geschapen.","en":"Indeed, We created humans in the best form"},"surah":null},{"id":6103,"surahId":95,"ayatId":5,"ayatNo":"٥","pageNo":597,"ayatText":"ثُمَّ رَدَدْنَاهُ اَسْفَلَ سَافِلٖينَۙ","ayatMealText":{"tr":"Sonra da çevirdik aşağıların aşağısına attık.","nl":"Daarna doen Wij hem terugkeren tot het laagste van het laagste.","en":"But We will reduce them to the lowest of the low ˹in Hell˺"},"surah":null}]}