{"juzNo":30,"pageNo":598,"arCuzNo":"۳۰","arPageNo":"٥۹۸","quranAyats":[{"id":6104,"surahId":95,"ayatId":6,"ayatNo":"٦","pageNo":598,"ayatText":"اِلَّا الَّذٖينَ اٰمَنُوا وَعَمِلُوا الصَّالِحَاتِ فَلَهُمْ اَجْرٌ غَيْرُ مَمْنُونٍؕ","ayatMealText":{"tr":"Ancak iman edip iyi işler yapanlar başka; onlar için kesintisiz bir ecir vardır.","nl":"Behalve degenen die geloven en goede daden verrichten. Voor hen is er een ononderbroken beloning.","en":"except those who believe and do good—they will have a never-ending reward"},"surah":{"surahId":95,"name":"Tîn","nameAr":"التّ۪ينِ","revelationOrder":28,"verseCount":8,"juzNo":30,"firstPage":597}},{"id":6105,"surahId":95,"ayatId":7,"ayatNo":"٧","pageNo":598,"ayatText":"فَمَا يُكَذِّبُكَ بَعْدُ بِالدّٖينِؕ","ayatMealText":{"tr":"O halde sana dini ne yalanlatır?","nl":"Wat doet jullie dan het oordeel nog loochenen?","en":"Now, what makes you deny the ˹final˺ Judgment"},"surah":null},{"id":6106,"surahId":95,"ayatId":8,"ayatNo":"٨","pageNo":598,"ayatText":"اَلَيْسَ اللّٰهُ بِاَحْكَمِ الْحَاكِمٖينَ","ayatMealText":{"tr":"Allah, hakimlerin hakimi değil mi?","nl":"Is Allah niet de Rechtvaardigste der Rechters?","en":"Is Allah not the most just of all judges"},"surah":null},{"id":6107,"surahId":96,"ayatId":1,"ayatNo":"١","pageNo":598,"ayatText":"اِقْرَأْ بِاسْمِ رَبِّكَ الَّذٖي خَلَقَۚ","ayatMealText":{"tr":"Yaratan Rabbinin adıyla oku!","nl":"Lees voor! In de naam van jouw Heer, Die heeft geschapen.","en":"Read, ˹O Prophet,˺ in the Name of your Lord Who created—"},"surah":{"surahId":96,"name":"Alak","nameAr":"الْعَلَقِ","revelationOrder":1,"verseCount":19,"juzNo":30,"firstPage":598}},{"id":6108,"surahId":96,"ayatId":2,"ayatNo":"٢","pageNo":598,"ayatText":"خَلَقَ الْاِنْسَانَ مِنْ عَلَقٍۚ","ayatMealText":{"tr":"O, insanı bir alekadan (embriyodan) yarattı.","nl":"Hij heeft de mens geschapen van een bloedklomp.","en":"created humans from a clinging clot"},"surah":null},{"id":6109,"surahId":96,"ayatId":3,"ayatNo":"٣","pageNo":598,"ayatText":"اِقْرَأْ وَرَبُّكَ الْاَكْرَمُۙ","ayatMealText":{"tr":"Oku! Rabbin sonsuz kerem sahibidir.","nl":"Lees voor! En jouw Heer is de Meest Edele.","en":"Read! And your Lord is the Most Generous"},"surah":null},{"id":6110,"surahId":96,"ayatId":4,"ayatNo":"٤","pageNo":598,"ayatText":"اَلَّذٖي عَلَّمَ بِالْقَلَمِۙ","ayatMealText":{"tr":"O Rab ki kalemle yazmayı öğretti.","nl":"Degene Die onderwezen heeft met de pen.","en":"Who taught by the pen—"},"surah":null},{"id":6111,"surahId":96,"ayatId":5,"ayatNo":"٥","pageNo":598,"ayatText":"عَلَّمَ الْاِنْسَانَ مَا لَمْ يَعْلَمْؕ","ayatMealText":{"tr":"İnsana bilmediği şeyleri öğretti.","nl":"Hij heeft de mens onderwezen wat hij niet wist.","en":"taught humanity what they knew not"},"surah":null},{"id":6112,"surahId":96,"ayatId":6,"ayatNo":"٦","pageNo":598,"ayatText":"كَلَّٓا اِنَّ الْاِنْسَانَ لَيَطْغٰىۙ","ayatMealText":{"tr":"Hayır! Doğrusu (kâfir) insan azgınlık eder.","nl":"Nee, voorwaar, de mens is zeker in overtreding.","en":"Most certainly, one exceeds all bounds"},"surah":null},{"id":6113,"surahId":96,"ayatId":7,"ayatNo":"٧","pageNo":598,"ayatText":"اَنْ رَاٰهُ اسْتَغْنٰىؕ","ayatMealText":{"tr":"Kendisinin muhtaç olmadığını zannettiği için.","nl":"Omdat hij zichzelf als behoefteloos beschouwt.","en":"once they think they are self-sufficient"},"surah":null},{"id":6114,"surahId":96,"ayatId":8,"ayatNo":"٨","pageNo":598,"ayatText":"اِنَّ اِلٰى رَبِّكَ الرُّجْعٰىؕ","ayatMealText":{"tr":"Muhakkak ki dönüş mutlaka Rabbinedir.","nl":"Voorwaar, tot jouw Heer is de terugkeer.","en":"˹But˺ surely to your Lord is the return ˹of all˺"},"surah":null},{"id":6115,"surahId":96,"ayatId":9,"ayatNo":"٩","pageNo":598,"ayatText":"اَرَاَيْتَ الَّذٖي يَنْهٰىۙ","ayatMealText":{"tr":"Namaz kıldığı zaman, bir kulu engelleyeni gördün mü?","nl":"Wat denk jij van hem die verbiedt?","en":"Have you seen the man who prevents"},"surah":null},{"id":6116,"surahId":96,"ayatId":10,"ayatNo":"١٠","pageNo":598,"ayatText":"عَبْداً اِذَا صَلّٰىؕ","ayatMealText":{"tr":"Namaz kıldığı zaman, bir kulu engelleyeni gördün mü?","nl":"Een dienaar wanneer hij de shalât verricht.","en":"a servant ˹of Ours˺ from praying"},"surah":null},{"id":6117,"surahId":96,"ayatId":11,"ayatNo":"١١","pageNo":598,"ayatText":"اَرَاَيْتَ اِنْ كَانَ عَلَى الْهُدٰىۙ","ayatMealText":{"tr":"Gördün mü (ne dersin?), ya o (kul) doğru yolda olur,","nl":"Wat denk je, als hij (Mohammed) de leiding volgt?","en":"What if this ˹servant˺ is ˹rightly˺ guided"},"surah":null},{"id":6118,"surahId":96,"ayatId":12,"ayatNo":"١٢","pageNo":598,"ayatText":"اَوْ اَمَرَ بِالتَّقْوٰىؕ","ayatMealText":{"tr":"Veya kötülüklerden sakınmayı emrederse?","nl":"Of hij tot Taqwa oproept?","en":"or encourages righteousness"},"surah":null},{"id":6119,"surahId":96,"ayatId":13,"ayatNo":"١٣","pageNo":598,"ayatText":"اَرَاَيْتَ اِنْ كَذَّبَ وَتَوَلّٰىؕ","ayatMealText":{"tr":"Gördün mü, ya bu (adam, hakkı) yalanlar, yüzçevirirse,","nl":"Wat denk jij, als hij (Abôe Djahl) loochent en zich afwendt?","en":"What if that ˹man˺ persists in denial and turns away"},"surah":null},{"id":6120,"surahId":96,"ayatId":14,"ayatNo":"١٤","pageNo":598,"ayatText":"اَلَمْ يَعْلَمْ بِاَنَّ اللّٰهَ يَرٰىؕ","ayatMealText":{"tr":"O adam, Allah'ın kendini gördüğünü hiç bilmiyor mu?","nl":"Weet hij dan niet dat Allah (hem) ziet?","en":"Does he not know that Allah sees ˹all˺"},"surah":null},{"id":6121,"surahId":96,"ayatId":15,"ayatNo":"١٥","pageNo":598,"ayatText":"كَلَّا لَئِنْ لَمْ يَنْتَهِ۬ لَنَسْفَعاً بِالنَّاصِيَةِۙ","ayatMealText":{"tr":"Hayır, hayır! Eğer o, bu davranışından vazgeçmezse, and olsun ki biz, onu perçeminden, o günahkâr ve yalancı perçeminden tutup cehenneme sürükleriz.","nl":"Nee, als hij niet ophoudt, dan zullen Wij hem bij zijn voorhoofdslok grijpen.","en":"But no! If he does not desist, We will certainly drag him by the forelock—"},"surah":null},{"id":6122,"surahId":96,"ayatId":16,"ayatNo":"١٦","pageNo":598,"ayatText":"نَاصِيَةٍ كَاذِبَةٍ خَاطِئَةٍۚ","ayatMealText":{"tr":"Hayır, hayır! Eğer o, bu davranışından vazgeçmezse, and olsun ki biz, onu perçeminden, o günahkâr ve yalancı perçeminden tutup cehenneme sürükleriz.","nl":"Een leugenachtige, zondige voorhoofdslok.","en":"a lying, sinful forelock"},"surah":null},{"id":6123,"surahId":96,"ayatId":17,"ayatNo":"١٧","pageNo":598,"ayatText":"فَلْيَدْعُ نَادِيَهُۙ","ayatMealText":{"tr":"O zaman o taraftarlarını yardıma çağırsın.","nl":"Laat hem dan zijn bondgenoten roepen.","en":"So let him call his associates"},"surah":null},{"id":6124,"surahId":96,"ayatId":18,"ayatNo":"١٨","pageNo":598,"ayatText":"سَنَدْعُ الزَّبَانِيَةَۙ","ayatMealText":{"tr":"Biz de Zebanileri çağıracağız.","nl":"Wij zullen de Zabâniyah roepen.","en":"We will call the wardens of Hell"},"surah":null},{"id":6125,"surahId":96,"ayatId":19,"ayatNo":"١٩","pageNo":598,"ayatText":"كَلَّاؕ لَا تُطِعْهُ وَاسْجُدْ وَاقْتَرِبْ","ayatMealText":{"tr":"Sakın onu dinleme de (Rabbine) secde et ve yaklaş.","nl":"Nee, gehoorzaam hem niet, en kniel je neer en zoek toenadering (tot Allah).","en":"Again, no! Never obey him ˹O Prophet˺! Rather, ˹continue to˺ prostrate and draw near ˹to Allah˺"},"surah":null}]}