{"juzNo":30,"pageNo":600,"arCuzNo":"۳۰","arPageNo":"٦۰۰","quranAyats":[{"id":6139,"surahId":99,"ayatId":1,"ayatNo":"١","pageNo":600,"ayatText":"اِذَا زُلْزِلَتِ الْاَرْضُ زِلْزَالَهَاۙ","ayatMealText":{"tr":"Yer o yaman sarsıntı ile sarsıldığı,","nl":"Wanneer de aarde door haar beving wordt geschud.","en":"When the earth is shaken ˹in˺ its ultimate quaking"},"surah":{"surahId":99,"name":"Zilzâl","nameAr":"الزِّلْزَالِ","revelationOrder":93,"verseCount":8,"juzNo":30,"firstPage":600}},{"id":6140,"surahId":99,"ayatId":2,"ayatNo":"٢","pageNo":600,"ayatText":"وَاَخْرَجَتِ الْاَرْضُ اَثْقَالَهَاۙ","ayatMealText":{"tr":"Yer, içindeki ağırlıkları çıkarıp dışarı attığı,","nl":"En de aarde haar lasten naar buiten keert.","en":"and when the earth throws out ˹all˺ its contents"},"surah":null},{"id":6141,"surahId":99,"ayatId":3,"ayatNo":"٣","pageNo":600,"ayatText":"وَقَالَ الْاِنْسَانُ مَا لَهَاۚ","ayatMealText":{"tr":"Ve insan: \"Ona ne oluyor?\" dediği zaman.","nl":"En de mens zegt: \"Wat is er met haar aan de hand?\"","en":"and humanity cries, “What is wrong with it?”—"},"surah":null},{"id":6142,"surahId":99,"ayatId":4,"ayatNo":"٤","pageNo":600,"ayatText":"يَوْمَئِذٍ تُحَدِّثُ اَخْبَارَهَاۙ","ayatMealText":{"tr":"O gün yer, Rabbinin ona vahyetmesiyle haberlerini anlatacaktır.","nl":"Op die Dag zal zij haar berichten bekendmaken.","en":"on that Day the earth will recount everything"},"surah":null},{"id":6143,"surahId":99,"ayatId":5,"ayatNo":"٥","pageNo":600,"ayatText":"بِاَنَّ رَبَّكَ اَوْحٰى لَهَاؕ","ayatMealText":{"tr":"O gün yer, Rabbinin ona vahyetmesiyle haberlerini anlatacaktır.","nl":"Omdat jouw Heer het haar bevolen heeft.","en":"having been inspired by your Lord ˹to do so˺"},"surah":null},{"id":6144,"surahId":99,"ayatId":6,"ayatNo":"٦","pageNo":600,"ayatText":"يَوْمَئِذٍ يَصْدُرُ النَّاسُ اَشْتَاتاً لِيُرَوْا اَعْمَالَهُمْؕ","ayatMealText":{"tr":"O gün insanlar, amellerinin karşılığı kendilerine gösterilmek üzere bölük bölük çıkacaklardır.","nl":"Op die Dag zullen de mensen in verschillende groepen tevoorschijn komen om hun daden te zien.","en":"On that Day people will proceed in separate groups to be shown ˹the consequences of˺ their deeds"},"surah":null},{"id":6145,"surahId":99,"ayatId":7,"ayatNo":"٧","pageNo":600,"ayatText":"فَمَنْ يَعْمَلْ مِثْقَالَ ذَرَّةٍ خَيْراً يَرَهُؕ","ayatMealText":{"tr":"Her kim zerre kadar hayır işlemişse onu görecektir.","nl":"Wie iets goeds deed ter grootte van een mosterdzaadje, zal het dan zien.","en":"So whoever does an atom’s weight of good will see it"},"surah":null},{"id":6146,"surahId":99,"ayatId":8,"ayatNo":"٨","pageNo":600,"ayatText":"وَمَنْ يَعْمَلْ مِثْقَالَ ذَرَّةٍ شَراًّ يَرَهُ","ayatMealText":{"tr":"Her kim, zerre kadar şer işlemişse onu görecektir.","nl":"En wie iets kwaads deed ter grootte van een mosterdzaadje, zal het dan zien.","en":"And whoever does an atom’s weight of evil will see it"},"surah":null},{"id":6147,"surahId":100,"ayatId":1,"ayatNo":"١","pageNo":600,"ayatText":"وَالْعَـادِيَاتِ ضَبْـحاًۙ","ayatMealText":{"tr":"O harıl harıl (savaşa) koşanlara,","nl":"Bij de snuivend voortrennenden.","en":"’ By the galloping, panting horses"},"surah":{"surahId":100,"name":"Âdiyât","nameAr":"الْعَادِيَاتِ","revelationOrder":14,"verseCount":11,"juzNo":30,"firstPage":600}},{"id":6148,"surahId":100,"ayatId":2,"ayatNo":"٢","pageNo":600,"ayatText":"فَالْمُـورِيَاتِ قَـدْحاًۙ","ayatMealText":{"tr":"(Tırnaklarıyla yerden) ateş çıkaranlara,","nl":"Die vonken slaan.","en":"striking sparks of fire ˹with their hoofs˺"},"surah":null},{"id":6149,"surahId":100,"ayatId":3,"ayatNo":"٣","pageNo":600,"ayatText":"فَالْمُغٖيرَاتِ صُبْحاًۙ","ayatMealText":{"tr":"Sabahleyin akın edenlere,","nl":"Die in de ochtendschemering aanvallen.","en":"launching raids at dawn"},"surah":null},{"id":6150,"surahId":100,"ayatId":4,"ayatNo":"٤","pageNo":600,"ayatText":"فَاَثَرْنَ بِهٖ نَقْعاًۙ","ayatMealText":{"tr":"Tozu dumana karıştıranlara,","nl":"Die daarbij stof opwerpen.","en":"stirring up ˹clouds of˺ dust"},"surah":null},{"id":6151,"surahId":100,"ayatId":5,"ayatNo":"٥","pageNo":600,"ayatText":"فَوَسَطْنَ بِهٖ جَمْعاًۙ","ayatMealText":{"tr":"Derken bir topluluğun ortasına dalanlara yemin ederim ki,","nl":"Die dan het midden van de gelederen (van de vijand) doorbreken.","en":"and penetrating into the heart of enemy lines"},"surah":null},{"id":6152,"surahId":100,"ayatId":6,"ayatNo":"٦","pageNo":600,"ayatText":"اِنَّ الْاِنْسَانَ لِرَبِّهٖ لَكَنُودٌۚ","ayatMealText":{"tr":"Şüphesiz insan, Rabbine karşı çok nankördür.","nl":"Voorwaar, de mens is zijn Heer zeker ondankbaar.","en":"Surely humankind is ungrateful to their Lord—"},"surah":null},{"id":6153,"surahId":100,"ayatId":7,"ayatNo":"٧","pageNo":600,"ayatText":"وَاِنَّهُ عَلٰى ذٰلِكَ لَشَهٖيدٌۚ","ayatMealText":{"tr":"Ve kendisi de buna şahittir.","nl":"En voorwaar, hij is daar zeker getuige van.","en":"and they certainly attest to this—"},"surah":null},{"id":6154,"surahId":100,"ayatId":8,"ayatNo":"٨","pageNo":600,"ayatText":"وَاِنَّهُ لِحُبِّ الْخَيْرِ لَشَدٖيدٌؕ","ayatMealText":{"tr":"Gerçekten o dünya malını çok sevdiği için katıdır.","nl":"En voorwaar, hij heeft zeker een hevige liefde voor bezit.","en":"and they are truly extreme in their love of ˹worldly˺ gains"},"surah":null},{"id":6155,"surahId":100,"ayatId":9,"ayatNo":"٩","pageNo":600,"ayatText":"اَفَلَا يَعْلَمُ اِذَا بُعْثِرَ مَا فِي الْقُبُورِۙ","ayatMealText":{"tr":"Bilmiyor mu ki, kabirlerin içindekiler fırlatılacak.","nl":"Weet hij dan niet dat, wanneer naar buiten wordt gekeerd wat in de graven is.","en":"Do they not know that when the contents of the graves will be spilled out"},"surah":null},{"id":6156,"surahId":100,"ayatId":10,"ayatNo":"١٠","pageNo":600,"ayatText":"وَحُصِّلَ مَا فِي الصُّدُورِۙ","ayatMealText":{"tr":"Ve sinelerin içindekiler derlenecek.","nl":"En onthuld wordt wat in de harten is.","en":"and the secrets of the hearts will be laid bare—"},"surah":null},{"id":6157,"surahId":100,"ayatId":11,"ayatNo":"١١","pageNo":600,"ayatText":"اِنَّ رَبَّهُمْ بِهِمْ يَوْمَئِذٍ لَخَبٖيرٌ","ayatMealText":{"tr":"O gün Rableri onların bütün yaptıklarından haberdardır","nl":"Dat hun Heer op die Dag zeker Alwetend over hen is?","en":"surely their Lord is All-Aware of them on that Day"},"surah":null}]}