{"juzNo":30,"pageNo":601,"arCuzNo":"۳۰","arPageNo":"٦۰۱","quranAyats":[{"id":6158,"surahId":101,"ayatId":1,"ayatNo":"١","pageNo":601,"ayatText":"اَلْقَارِعَةُۙ","ayatMealText":{"tr":"Kâria! (Çarpacak kıyamet) Nedir o kâria? Kârianın ne olduğunu sen bilir misin?","nl":"De Daverende (De Dag der Opstanding).","en":"The Striking Disaster"},"surah":{"surahId":101,"name":"Kâria","nameAr":"الْقَارِعَةِ","revelationOrder":30,"verseCount":11,"juzNo":30,"firstPage":601}},{"id":6159,"surahId":101,"ayatId":2,"ayatNo":"٢","pageNo":601,"ayatText":"مَا الْقَارِعَةُۚ","ayatMealText":{"tr":"Kâria! (Çarpacak kıyamet) Nedir o kâria? Kârianın ne olduğunu sen bilir misin?","nl":"Wat is de Daverende?","en":"What is the Striking Disaster"},"surah":null},{"id":6160,"surahId":101,"ayatId":3,"ayatNo":"٣","pageNo":601,"ayatText":"وَمَٓا اَدْرٰيكَ مَا الْقَارِعَةُؕ","ayatMealText":{"tr":"Kâria! (Çarpacak kıyamet) Nedir o kâria? Kârianın ne olduğunu sen bilir misin?","nl":"En wat doet jou weten wat de Daverende is?","en":"And what will make you realize what the Striking Disaster is"},"surah":null},{"id":6161,"surahId":101,"ayatId":4,"ayatNo":"٤","pageNo":601,"ayatText":"يَوْمَ يَكُونُ النَّاسُ كَالْفَرَاشِ الْمَبْثُوثِۙ","ayatMealText":{"tr":"O gün insanlar yayılmış pervaneler gibi olurlar.","nl":"Op de Dag dat de mensen als verstrooide motten zijn.","en":"˹It is˺ the Day people will be like scattered moths"},"surah":null},{"id":6162,"surahId":101,"ayatId":5,"ayatNo":"٥","pageNo":601,"ayatText":"وَتَكُونُ الْجِبَالُ كَالْعِهْنِ الْمَنْفُوشِؕ","ayatMealText":{"tr":"Dağlar atılmış renkli yünler gibi olur.","nl":"En de bergen als vespreide wolvlokken.","en":"and the mountains will be like carded wool"},"surah":null},{"id":6163,"surahId":101,"ayatId":6,"ayatNo":"٦","pageNo":601,"ayatText":"فَاَمَّا مَنْ ثَقُلَتْ مَوَازٖينُهُۙ","ayatMealText":{"tr":"O gün kimin tartıları ağır basarsa o, hoşnut olacağı bir hayat içindedir.","nl":"Wat betreft degene van wie dan zijn weegschaal (met goede daden) zwaar weegt.","en":"So as for those whose scale is heavy ˹with good deeds˺"},"surah":null},{"id":6164,"surahId":101,"ayatId":7,"ayatNo":"٧","pageNo":601,"ayatText":"فَهُوَ فٖي عٖيشَةٍ رَاضِيَةٍؕ","ayatMealText":{"tr":"O gün kimin tartıları ağır basarsa o, hoşnut olacağı bir hayat içindedir.","nl":"Hij zal een behaaglijk leven leiden.","en":"they will be in a life of bliss"},"surah":null},{"id":6165,"surahId":101,"ayatId":8,"ayatNo":"٨","pageNo":601,"ayatText":"وَاَمَّا مَنْ خَفَّتْ مَوَازٖينُهُۙ","ayatMealText":{"tr":"Kimin tartıları hafif gelirse, onun anası da (varacağı yer, sığınacağı durağı) hâviye (uçurum)dır.","nl":"En wat betreft degene van wie zijn weegschaal licht weegt.","en":"And as for those whose scale is light"},"surah":null},{"id":6166,"surahId":101,"ayatId":9,"ayatNo":"٩","pageNo":601,"ayatText":"فَاُمُّهُ هَاوِيَةٌؕ","ayatMealText":{"tr":"Kimin tartıları hafif gelirse, onun anası da (varacağı yer, sığınacağı durağı) hâviye (uçurum)dır.","nl":"Zijn verblijfplaats is dan Hawiyah*2 (de Hel).","en":"their home will be the abyss"},"surah":null},{"id":6167,"surahId":101,"ayatId":10,"ayatNo":"١٠","pageNo":601,"ayatText":"وَمَٓا اَدْرٰيكَ مَا هِيَهْؕ","ayatMealText":{"tr":"O uçurumun ne olduğunu sen nereden bileceksin?","nl":"En wat doet jou weten wat zij is?","en":"And what will make you realize what that is"},"surah":null},{"id":6168,"surahId":101,"ayatId":11,"ayatNo":"١١","pageNo":601,"ayatText":"نَارٌ حَامِيَةٌ","ayatMealText":{"tr":"O, kızgın bir ateştir.","nl":"Een verbandende Hel.","en":"˹It is˺ a scorching Fire"},"surah":null},{"id":6169,"surahId":102,"ayatId":1,"ayatNo":"١","pageNo":601,"ayatText":"اَلْهٰيكُمُ التَّكَاثُرُۙ","ayatMealText":{"tr":"Çoklukla övünmek, sizi kabirlere varıncaya kadar oyaladı.","nl":"Jullie gaan op in de wedijver om meer.","en":"Competition for more ˹gains˺ diverts you ˹from Allah˺"},"surah":{"surahId":102,"name":"Tekâsür","nameAr":"التَّكَاثُرِ","revelationOrder":16,"verseCount":8,"juzNo":30,"firstPage":601}},{"id":6170,"surahId":102,"ayatId":2,"ayatNo":"٢","pageNo":601,"ayatText":"حَتّٰى زُرْتُمُ الْمَقَابِرَؕ","ayatMealText":{"tr":"Çoklukla övünmek, sizi kabirlere varıncaya kadar oyaladı.","nl":"Totdat jullie in de graven terechtkomen.","en":"until you end up in ˹your˺ graves"},"surah":null},{"id":6171,"surahId":102,"ayatId":3,"ayatNo":"٣","pageNo":601,"ayatText":"كَلَّا سَوْفَ تَعْلَمُونَۙ","ayatMealText":{"tr":"Hayır! Yakında bileceksiniz.","nl":"Nee, jullie zullen het weten.","en":"But no! You will soon come to know"},"surah":null},{"id":6172,"surahId":102,"ayatId":4,"ayatNo":"٤","pageNo":601,"ayatText":"ثُمَّ كَلَّا سَوْفَ تَعْلَمُونَؕ","ayatMealText":{"tr":"Yine hayır! Yakında bileceksiniz (hatanızı).","nl":"Nogmaals, nee! Jullie zullen het weten.","en":"Again, no! You will soon come to know"},"surah":null},{"id":6173,"surahId":102,"ayatId":5,"ayatNo":"٥","pageNo":601,"ayatText":"كَلَّا لَوْ تَعْلَمُونَ عِلْمَ الْيَقٖينِؕ","ayatMealText":{"tr":"Hayır! Eğer kesin bilgi ile bilseniz, elbette cehennemi görürsünüz.","nl":"Nee! Als jullie het maar met zekere kennis zouden weten!","en":"Indeed, if you were to know ˹your fate˺ with certainty, ˹you would have acted differently˺"},"surah":null},{"id":6174,"surahId":102,"ayatId":6,"ayatNo":"٦","pageNo":601,"ayatText":"لَتَرَوُنَّ الْجَحٖيمَۙ","ayatMealText":{"tr":"Hayır! Eğer kesin bilgi ile bilseniz, elbette cehennemi görürsünüz.","nl":"Jullie zullen zeker de Hel zien.","en":"˹But˺ you will surely see the Hellfire"},"surah":null},{"id":6175,"surahId":102,"ayatId":7,"ayatNo":"٧","pageNo":601,"ayatText":"ثُمَّ لَتَرَوُنَّهَا عَيْنَ الْيَقٖينِۙ","ayatMealText":{"tr":"Sonra, yemin olsun ki, cehennemi yakin gözüyle göreceksiniz.","nl":"Nogmaals, jullie zullen haar met een zeker oog zien.","en":"Again, you will surely see it with the eye of certainty"},"surah":null},{"id":6176,"surahId":102,"ayatId":8,"ayatNo":"٨","pageNo":601,"ayatText":"ثُمَّ لَتُسْـَٔلُنَّ يَوْمَئِذٍ عَنِ النَّعٖيمِ","ayatMealText":{"tr":"Sonra, yemin olsun ki, o gün (size verilen) her nimetten sorulacaksınız","nl":"Dan zullen jullie op die Dag ondervraagd worden over de genietingen.","en":"Then, on that Day, you will definitely be questioned about ˹your worldly˺ pleasures"},"surah":null}]}