{"juzNo":30,"pageNo":603,"arCuzNo":"۳۱","arPageNo":"٦۰۳","quranAyats":[{"id":6194,"surahId":106,"ayatId":1,"ayatNo":"١","pageNo":603,"ayatText":"لِاٖيلَافِ قُرَيْشٍۙ","ayatMealText":{"tr":"Kureyş'in ilâfı (güven ve barış andlaşmalarından faydalanmalarını sağlamak) için.","nl":"Vanwege de gewoonte*1 van de Qoeraisj.","en":"˹At least˺ for ˹the favour of˺ making Quraysh habitually secure—"},"surah":{"surahId":106,"name":"Kureyş","nameAr":"قُرَيْشٍ","revelationOrder":29,"verseCount":4,"juzNo":30,"firstPage":603}},{"id":6195,"surahId":106,"ayatId":2,"ayatNo":"٢","pageNo":603,"ayatText":"اٖيلَافِهِمْ رِحْلَةَ الشِّتَٓاءِ وَالصَّيْفِۚ","ayatMealText":{"tr":"Kış ve yaz seferlerinde (faydalandıkları andlaşmaların) kadrini bilmiş olmaları için.","nl":"Hun gewoonte van het maken van tochten in de winter en de zomer.","en":"secure in their trading caravan ˹to Yemen˺ in the winter and ˹Syria˺ in the summer—"},"surah":null},{"id":6196,"surahId":106,"ayatId":3,"ayatNo":"٣","pageNo":603,"ayatText":"فَلْيَعْبُدُوا رَبَّ هٰذَا الْبَيْتِۙ","ayatMealText":{"tr":"Bu Beyt (Kâbe)nin Rabbine kulluk etsinler.","nl":"Daarom moeten zij de Heer van dit Huis aanbidden.","en":"let them worship the Lord of this ˹Sacred˺ House"},"surah":null},{"id":6197,"surahId":106,"ayatId":4,"ayatNo":"٤","pageNo":603,"ayatText":"اَلَّـذٖٓي اَطْعَمَهُمْ مِنْ جُوعٍ وَاٰمَنَهُمْ مِنْ خَوْفٍ","ayatMealText":{"tr":"O, kendilerini açlıktan kurtararak beslemiştir ve her tehlikeye karşı onlara emniyet vermiştir.","nl":"Degene Die hun tegen de honger voedt en hen veilig stelt voor de angst.","en":"Who has fed them against hunger and made them secure against fear"},"surah":null},{"id":6198,"surahId":107,"ayatId":1,"ayatNo":"١","pageNo":603,"ayatText":"اَرَاَيْتَ الَّذٖي يُكَذِّبُ بِالدّٖينِؕ","ayatMealText":{"tr":"Dini yalanlayanı gördün mü?","nl":"Weet jij wie degene is die (de Dag van) het Oordeel loochent?","en":"Have you seen the one who denies the ˹final˺ Judgment"},"surah":{"surahId":107,"name":"Maûn","nameAr":"الْمَاعُونِ","revelationOrder":17,"verseCount":7,"juzNo":30,"firstPage":603}},{"id":6199,"surahId":107,"ayatId":2,"ayatNo":"٢","pageNo":603,"ayatText":"فَذٰلِكَ الَّذٖي يَدُعُّ الْيَتٖيمَۙ","ayatMealText":{"tr":"İşte o, öksüzü iter, kakar.","nl":"Dat is degene die de wees wegduwt.","en":"That is the one who repulses the orphan"},"surah":null},{"id":6200,"surahId":107,"ayatId":3,"ayatNo":"٣","pageNo":603,"ayatText":"وَلَا يَحُضُّ عَلٰى طَعَامِ الْمِسْكٖينِؕ","ayatMealText":{"tr":"Yoksulu doyurmaya önayak olmaz.","nl":"En hij spoort niet aan tot het geven van voedsel aan de behoeftigen.","en":"and does not encourage the feeding of the poor"},"surah":null},{"id":6201,"surahId":107,"ayatId":4,"ayatNo":"٤","pageNo":603,"ayatText":"فَوَيْلٌ لِلْمُصَلّٖينَۙ","ayatMealText":{"tr":"Vay haline o namaz kılanların ki,","nl":"Wee dan de verrichters van de shalât,","en":"So woe to those ˹hypocrites˺ who pray"},"surah":null},{"id":6202,"surahId":107,"ayatId":5,"ayatNo":"٥","pageNo":603,"ayatText":"اَلَّذٖينَ هُمْ عَنْ صَلَاتِهِمْ سَاهُونَۙ","ayatMealText":{"tr":"Kıldıkları namazın değerine aldırış etmezler.","nl":"Degenen die onachtzaam zijn met hun shalât.","en":"yet are unmindful of their prayers"},"surah":null},{"id":6203,"surahId":107,"ayatId":6,"ayatNo":"٦","pageNo":603,"ayatText":"اَلَّذٖينَ هُمْ يُرَٓاؤُ۫نَۙ","ayatMealText":{"tr":"Gösteriş yaparlar onlar,","nl":"Degenen die er een vertoning van maken.","en":"those who ˹only˺ show off"},"surah":null},{"id":6204,"surahId":107,"ayatId":7,"ayatNo":"٧","pageNo":603,"ayatText":"وَيَمْنَعُونَ الْمَاعُونَ","ayatMealText":{"tr":"Ve yardımlığı sakınırlar (zekatı vermezler).","nl":"En die de levensbenodigdheden tegenhouden.","en":"and refuse to give ˹even the simplest˺ aid"},"surah":null},{"id":6205,"surahId":108,"ayatId":1,"ayatNo":"١","pageNo":603,"ayatText":"اِنَّٓا اَعْطَيْنَاكَ الْكَوْثَرَؕ","ayatMealText":{"tr":"Muhakkak biz sana Kevser'i verdik.","nl":"Waarlijk, Wij hebben jou de overvloed geschonken.","en":"Indeed, We have granted you ˹O Prophet˺ abundant goodness"},"surah":{"surahId":108,"name":"Kevser","nameAr":"الْكَوْثَرِ","revelationOrder":15,"verseCount":3,"juzNo":30,"firstPage":603}},{"id":6206,"surahId":108,"ayatId":2,"ayatNo":"٢","pageNo":603,"ayatText":"فَصَلِّ لِرَبِّكَ وَانْحَرْؕ","ayatMealText":{"tr":"Öyleyse Rabb'in için namaz kıl ve kurban kes.","nl":"Verricht daarom de shalât voor jouw Heer en slacht offerdieren.","en":"So pray and sacrifice to your Lord ˹alone˺"},"surah":null},{"id":6207,"surahId":108,"ayatId":3,"ayatNo":"٣","pageNo":603,"ayatText":"اِنَّ شَانِئَكَ هُوَ الْاَبْتَرُ","ayatMealText":{"tr":"Muhakkak ki sonu kesik olan, sana buğzedendir.","nl":"Voorwaar, jouw hater, hij is het die afgesneden is.","en":"Only the one who hates you is truly cut off ˹from any goodness˺"},"surah":null}]}