{"juzNo":30,"pageNo":604,"arCuzNo":"۳۱","arPageNo":"٦۰٤","quranAyats":[{"id":6208,"surahId":109,"ayatId":1,"ayatNo":"١","pageNo":604,"ayatText":"قُلْ يَٓا اَيُّهَا الْكَافِرُونَۙ","ayatMealText":{"tr":"De ki: Ey kâfirler","nl":"Zeg (O Mohammed): \"O ongelovigen.","en":"Say, ˹O Prophet,˺ “O you disbelievers"},"surah":{"surahId":109,"name":"Kâfirûn","nameAr":"الْكَافِرُونَ","revelationOrder":18,"verseCount":6,"juzNo":30,"firstPage":604}},{"id":6209,"surahId":109,"ayatId":2,"ayatNo":"٢","pageNo":604,"ayatText":"لَٓا اَعْبُدُ مَا تَعْبُدُونَۙ","ayatMealText":{"tr":"Sizin taptıklarınıza ben tapmam.","nl":"Ik aanbid niet wat jullie aanbidden.","en":"I do not worship what you worship"},"surah":null},{"id":6210,"surahId":109,"ayatId":3,"ayatNo":"٣","pageNo":604,"ayatText":"وَلَٓا اَنْتُمْ عَابِدُونَ مَٓا اَعْبُدُۚ","ayatMealText":{"tr":"Siz de benim taptığıma tapıcılar değilsiniz.","nl":"En jullie zijn geen aanbidders van wat ik aanbid.","en":"nor do you worship what I worship"},"surah":null},{"id":6211,"surahId":109,"ayatId":4,"ayatNo":"٤","pageNo":604,"ayatText":"وَلَٓا اَنَا۬ عَابِدٌ مَا عَبَدْتُمْۙ","ayatMealText":{"tr":"Ben asla sizin taptıklarınıza tapacak değilim.","nl":"En ik zal nooit een aanbidder worden van wat jullie aanbidden.","en":"I will never worship what you worship"},"surah":null},{"id":6212,"surahId":109,"ayatId":5,"ayatNo":"٥","pageNo":604,"ayatText":"وَلَٓا اَنْتُمْ عَابِدُونَ مَٓا اَعْبُدُؕ","ayatMealText":{"tr":"Siz de benim taptığıma tapacak değilsiniz.","nl":"En jullie zullen nooit aanbidders worden van wat ik aanbid.","en":"nor will you ever worship what I worship"},"surah":null},{"id":6213,"surahId":109,"ayatId":6,"ayatNo":"٦","pageNo":604,"ayatText":"لَكُمْ دٖينُكُمْ وَلِيَ دٖينِ","ayatMealText":{"tr":"Sizin dininiz size, benim dinim banadır.","nl":"Daarom, voor jullie jullie godsdienst en voor mij mijn godsdienst.","en":"You have your way, and I have my Way.”"},"surah":null},{"id":6214,"surahId":110,"ayatId":1,"ayatNo":"١","pageNo":604,"ayatText":"اِذَا جَٓاءَ نَصْرُ اللّٰهِ وَالْفَتْحُۙ","ayatMealText":{"tr":"Allah'ın yardımı ve fetih geldiğinde,","nl":"Als de hulp van Allah en de overwinning zijn gekomen.","en":"When Allah’s ˹ultimate˺ help comes and the victory ˹over Mecca is achieved˺"},"surah":{"surahId":110,"name":"Nasr","nameAr":"النَّصْرِ","revelationOrder":114,"verseCount":3,"juzNo":30,"firstPage":604}},{"id":6215,"surahId":110,"ayatId":2,"ayatNo":"٢","pageNo":604,"ayatText":"وَرَاَيْتَ النَّاسَ يَدْخُلُونَ فٖي دٖينِ اللّٰهِ اَفْوَاجاًۙ","ayatMealText":{"tr":"Ve insanların dalga dalga Allah'ın dinine girdiklerini gördüğünde,","nl":"En jij (O Mohammed) de mensen in grote groepen tot de godsdienst van Allah ziet toetreden.","en":"and you ˹O Prophet˺ see the people embracing Allah’s Way in crowds"},"surah":null},{"id":6216,"surahId":110,"ayatId":3,"ayatNo":"٣","pageNo":604,"ayatText":"فَسَبِّـحْ بِحَمْدِ رَبِّكَ وَاسْتَغْفِرْهُؕ اِنَّهُ كَانَ تَـوَّاباً","ayatMealText":{"tr":"Rabbini öğerek tesbih et, O'ndan bağışlanmanı dile, çünkü O, tevbeleri çok kabul edendir.","nl":"Prijs dan de Glorie van jouw Heer en vraag Hem om vergeving. Voorwaar, Hij is Berouwaanvaardend.","en":"then glorify the praises of your Lord and seek His forgiveness, for certainly He is ever Accepting of Repentance"},"surah":null},{"id":6217,"surahId":111,"ayatId":1,"ayatNo":"١","pageNo":604,"ayatText":"تَبَّتْ يَدَٓا اَبٖي لَهَبٍ وَتَبَّؕ","ayatMealText":{"tr":"Ebu Leheb'in elleri kurusun (yok olsun o), zaten yok oldu ya.","nl":"Vernietigd zijn de handen van Aboe Lahab en vernietigd is hij.","en":"May the hands of Abu Lahab perish, and he ˹himself˺ perish"},"surah":{"surahId":111,"name":"Tebbet","nameAr":"الْمَسَدِ","revelationOrder":6,"verseCount":5,"juzNo":30,"firstPage":604}},{"id":6218,"surahId":111,"ayatId":2,"ayatNo":"٢","pageNo":604,"ayatText":"مَٓا اَغْنٰى عَنْهُ مَالُهُ وَمَا كَسَبَؕ","ayatMealText":{"tr":"Ne malı ne de kazandığı onu kurtaramadı.","nl":"Zijn bezit en wat hij voortbracht, baat hem niet.","en":"Neither his wealth nor ˹worldly˺ gains will benefit him"},"surah":null},{"id":6219,"surahId":111,"ayatId":3,"ayatNo":"٣","pageNo":604,"ayatText":"سَيَصْلٰى نَاراً ذَاتَ لَهَبٍۚ","ayatMealText":{"tr":"(O), alevli bir ateşe girecektir.","nl":"Hij zal een vuur van vlammen (de Hel) binnengaan.","en":"He will burn in a flaming Fire"},"surah":null},{"id":6220,"surahId":111,"ayatId":4,"ayatNo":"٤","pageNo":604,"ayatText":"وَامْرَاَتُهُؕ حَمَّالَةَ الْحَطَبِۚ","ayatMealText":{"tr":"Karısı da odun hamalı olarak (onunla beraber girecektir).","nl":"En ook zijn vrouw, aandraagster van brandhout.","en":"and ˹so will˺ his wife, the carrier of ˹thorny˺ kindling"},"surah":null},{"id":6221,"surahId":111,"ayatId":5,"ayatNo":"٥","pageNo":604,"ayatText":"فٖي جٖيدِهَا حَبْلٌ مِنْ مَسَدٍ","ayatMealText":{"tr":"Boynunda da hurma lifinden bir ip olacaktır.","nl":"Om haar nek een touw van vezels.","en":"around her neck will be a rope of palm-fibre"},"surah":null}]}