{"juzNo":30,"pageNo":605,"arCuzNo":"۳۱","arPageNo":"٦۰٥","quranAyats":[{"id":6222,"surahId":112,"ayatId":1,"ayatNo":"١","pageNo":605,"ayatText":"قُلْ هُوَ اللّٰهُ اَحَدٌۚ","ayatMealText":{"tr":"De ki; O Allah bir tektir.","nl":"Zeg: \"Hij is Allah, de Enige.","en":"Say, ˹O Prophet,˺ “He is Allah—One ˹and Indivisible˺"},"surah":{"surahId":112,"name":"İhlâs","nameAr":"الْاِخْلَاصِ","revelationOrder":22,"verseCount":4,"juzNo":30,"firstPage":605}},{"id":6223,"surahId":112,"ayatId":2,"ayatNo":"٢","pageNo":605,"ayatText":"اَللّٰهُ الصَّمَدُۚ","ayatMealText":{"tr":"Allah eksiksiz, sameddir (Bütün varlıklar O'na muhtaç, fakat O, hiç bir şeye muhtaç değildir","nl":"Allah is de Enige van Wie al het geschapene afhankelijk is.","en":"Allah—the Sustainer ˹needed by all˺"},"surah":null},{"id":6224,"surahId":112,"ayatId":3,"ayatNo":"٣","pageNo":605,"ayatText":"لَمْ يَلِدْ وَلَمْ يُولَدْۙ","ayatMealText":{"tr":"Doğurmadı ve doğurulmadı","nl":"Hij heeft niet verwekt en is niet verwekt.","en":"He has never had offspring, nor was He born"},"surah":null},{"id":6225,"surahId":112,"ayatId":4,"ayatNo":"٤","pageNo":605,"ayatText":"وَلَمْ يَكُنْ لَهُ كُفُواً اَحَدٌ","ayatMealText":{"tr":"O 'na bir denk de olmadı.","nl":"En niet één is aan Hem gelijkwaardig.\"","en":"And there is none comparable to Him.”"},"surah":null},{"id":6226,"surahId":113,"ayatId":1,"ayatNo":"١","pageNo":605,"ayatText":"قُلْ اَعُوذُ بِرَبِّ الْفَلَقِۙ","ayatMealText":{"tr":"De ki: \"Ben, ağaran sabahın Rabbine sığınırım,","nl":"Zeg: \"Ik zoek bescherming bij de Heer der dageraad.","en":"Say, ˹O Prophet,˺ “I seek refuge in the Lord of the daybreak"},"surah":{"surahId":113,"name":"Felak","nameAr":"الْفَلَقِ","revelationOrder":20,"verseCount":5,"juzNo":30,"firstPage":605}},{"id":6227,"surahId":113,"ayatId":2,"ayatNo":"٢","pageNo":605,"ayatText":"مِنْ شَرِّ مَا خَلَقَۙ","ayatMealText":{"tr":"Yarattığı şeylerin şerrinden,","nl":"Tegen het kwaad dat Hij geschapen heeft.","en":"from the evil of whatever He has created"},"surah":null},{"id":6228,"surahId":113,"ayatId":3,"ayatNo":"٣","pageNo":605,"ayatText":"وَمِنْ شَرِّ غَاسِقٍ اِذَا وَقَبَۙ","ayatMealText":{"tr":"Karanlığı çöktüğü zaman gecenin şerrinden,","nl":"En tegen het kwaad van de donkere nacht wanneer hij aanbreekt.","en":"and from the evil of the night when it grows dark"},"surah":null},{"id":6229,"surahId":113,"ayatId":4,"ayatNo":"٤","pageNo":605,"ayatText":"وَمِنْ شَرِّ النَّفَّاثَاتِ فِي الْعُقَدِۙ","ayatMealText":{"tr":"Ve düğümlere üfleyen büyücülerin şerrinden,","nl":"En tegen het kwaad van hen die op knopen blazen.","en":"and from the evil of those ˹witches casting spells by˺ blowing onto knots"},"surah":null},{"id":6230,"surahId":113,"ayatId":5,"ayatNo":"٥","pageNo":605,"ayatText":"وَمِنْ شَرِّ حَاسِدٍ اِذَا حَسَدَ","ayatMealText":{"tr":"Ve hased ettiği zaman hasetçinin şerrinden.","nl":"En tegen het kwaad van een jaloerse wanneer deze jaloers is.\"","en":"and from the evil of an envier when they envy.”"},"surah":null},{"id":6231,"surahId":114,"ayatId":1,"ayatNo":"١","pageNo":605,"ayatText":"قُلْ اَعُوذُ بِرَبِّ النَّاسِۙ","ayatMealText":{"tr":"De ki: Sığınırım ben insanların Rabbine,","nl":"Zeg: \"Ik zoek bescherming bij de Heer van de mensen.","en":"Say, ˹O Prophet,˺ “I seek refuge in the Lord of humankind"},"surah":{"surahId":114,"name":"Nâs","nameAr":"النَّاسِ","revelationOrder":21,"verseCount":6,"juzNo":30,"firstPage":605}},{"id":6232,"surahId":114,"ayatId":2,"ayatNo":"٢","pageNo":605,"ayatText":"مَلِكِ النَّاسِۙ","ayatMealText":{"tr":"İnsanların hükümdârına,","nl":"De Koning van de mensen.","en":"the Master of humankind"},"surah":null},{"id":6233,"surahId":114,"ayatId":3,"ayatNo":"٣","pageNo":605,"ayatText":"اِلٰهِ النَّاسِۙ","ayatMealText":{"tr":"İnsanların ilâhına,","nl":"De God van de mensen.","en":"the God of humankind"},"surah":null},{"id":6234,"surahId":114,"ayatId":4,"ayatNo":"٤","pageNo":605,"ayatText":"مِنْ شَرِّ الْوَسْوَاسِ الْخَنَّاسِۙ","ayatMealText":{"tr":"O sinsi vesvesecinin şerrinden.","nl":"Tegen het kwaad van de wegsluipende influisteraar.","en":"from the evil of the lurking whisperer—"},"surah":null},{"id":6235,"surahId":114,"ayatId":5,"ayatNo":"٥","pageNo":605,"ayatText":"اَلَّذٖي يُوَسْوِسُ فٖي صُدُورِ النَّاسِۙ","ayatMealText":{"tr":"O ki, insanların göğüslerine vesveseler fısıldar.","nl":"Degene die in de harten van de mensen influistert.","en":"who whispers into the hearts of humankind—"},"surah":null},{"id":6236,"surahId":114,"ayatId":6,"ayatNo":"٦","pageNo":605,"ayatText":"مِنَ الْجِنَّةِ وَالنَّاسِ","ayatMealText":{"tr":"Gerek cinlerden, gerek insanlardan.","nl":"Van de Djinn's en de mensen.","en":"from among jinn and humankind.”"},"surah":null}]}