{"juzNo":4,"pageNo":71,"arCuzNo":"٤","arPageNo":"۷۱","quranAyats":[{"id":451,"surahId":3,"ayatId":158,"ayatNo":"١٥٨","pageNo":71,"ayatText":"وَلَئِنْ مُتُّمْ اَوْ قُتِلْتُمْ لَاِلَى اللّٰهِ تُحْشَرُونَ","ayatMealText":{"tr":"Andolsun, ölseniz de, öldürülseniz de Allah'ın huzurunda toplanacaksınız.","nl":"En als jullie sterven, of als jullie gedood worden: het is tot Allah dat jullie verzameld worden.","en":"Whether you die or are martyred—all of you will be gathered before Allah"},"surah":{"surahId":3,"name":"Âl-i İmrân","nameAr":"اٰلِ عِمْرٰنَ","revelationOrder":89,"verseCount":200,"juzNo":3,"firstPage":50}},{"id":452,"surahId":3,"ayatId":159,"ayatNo":"١٥٩","pageNo":71,"ayatText":"فَبِمَا رَحْمَةٍ مِنَ اللّٰهِ لِنْتَ لَهُمْۚ وَلَوْ كُنْتَ فَظًّا غَلٖيظَ الْقَلْبِ لَانْفَضُّوا مِنْ حَوْلِكَࣕ فَاعْفُ عَنْهُمْ وَاسْتَغْفِرْ لَهُمْ وَشَاوِرْهُمْ فِي الْاَمْرِۚ فَاِذَا عَزَمْتَ فَتَوَكَّلْ عَلَى اللّٰهِؕ اِنَّ اللّٰهَ يُحِبُّ الْمُتَوَكِّلٖينَ","ayatMealText":{"tr":"Sen (o zaman), sırf Allah'ın rahmetiyle onlara karşı yumuşak davrandın. Eğer kaba, katı yürekli olsaydın, onlar senin etrafından dağılıp giderlerdi. Artık onları sen bağışla, onlar için Allah'dan mağfiret dile. (Yapacağın) işlerde onlara da danış, bir kere de azmettin mi, artık Allah'a dayan. Muhakkak ki Allah kendine dayanıp güvenenleri sever.","nl":"En het was dankzij de Barmhartigheid van Allah dat jij zacht met hen was en als je streng en hardvochtig was geweest, dan waren zij rondom jou uiteengegaan. Vergeef hen dus (hun fouten) en vraag vergeving voor hen on raadpleeg hen bij de zaak. En wanneer je dan besloten hebt vertrouw dan op Allah. Voorwaar, Allah houdt van degenen die (op Allah) vertrouwen.","en":"It is out of Allah’s mercy that you ˹O Prophet˺ have been lenient with them. Had you been cruel or hard-hearted, they would have certainly abandoned you. So pardon them, ask Allah’s forgiveness for them, and consult with them in ˹conducting˺ matters. Once you make a decision, put your trust in Allah. Surely Allah loves those who trust in Him"},"surah":null},{"id":453,"surahId":3,"ayatId":160,"ayatNo":"١٦٠","pageNo":71,"ayatText":"اِنْ يَنْصُرْكُمُ اللّٰهُ فَلَا غَالِبَ لَكُمْۚ وَاِنْ يَخْذُلْكُمْ فَمَنْ ذَا الَّذٖي يَنْصُرُكُمْ مِنْ بَعْدِهٖؕ وَعَلَى اللّٰهِ فَلْيَتَوَكَّلِ الْمُؤْمِنُونَ","ayatMealText":{"tr":"Allah size yardım ederse, sizi yenecek yoktur. Eğer sizi yardımsız bırakırsa, artık ondan sonra size kim yardım edebilir? Müminler ancak Allah'a güvenip dayansınlar.","nl":"Wanneer Allah jullie helpt is er geen overwinnaar over jullie. En indien Hij jullie in de steek laat, wie is degene die jullie daarna nog kan helpen? En laat daarom de gelovigen op Allah vertrouwen.","en":"If Allah helps you, none can defeat you. But if He denies you help, then who else can help you? So in Allah let the believers put their trust"},"surah":null},{"id":454,"surahId":3,"ayatId":161,"ayatNo":"١٦١","pageNo":71,"ayatText":"وَمَا كَانَ لِنَبِيٍّ اَنْ يَغُلَّؕ وَمَنْ يَغْلُلْ يَأْتِ بِمَا غَلَّ يَوْمَ الْقِيٰمَةِۚ ثُمَّ تُوَفّٰى كُلُّ نَفْسٍ مَا كَسَبَتْ وَهُمْ لَا يُظْلَمُونَ","ayatMealText":{"tr":"Hiçbir peygambere ganimet malını gizlemesi (devletmillet malını aşırması) yaraşmaz. Kim böyle bir aşırma ve ihanette bulunursa kıyamet günü aşırdığını boynuna yüklenerek getirir. Sonra da herkese kazandığının karşılığı tastamam ödenir, onlar haksızlığa da uğramazlar.","nl":"En het past een Profeet niet, dat hij iets achterhoudt (van oorlogsbuit). En wie iets achterhoudt, zed wat hij achterhield op de Dag der Opstanding meenemen. Dan zal iedere ziel vergoed krijgen wat hij verricht heeft en zij zullen niet onrechtvaardig behandeld worden.","en":"It is not appropriate for a prophet to illegally withhold spoils of war. And whoever does so, it will be held against them on the Day of Judgment. Then every soul will be paid in full for what it has done, and none will be wronged"},"surah":null},{"id":455,"surahId":3,"ayatId":162,"ayatNo":"١٦٢","pageNo":71,"ayatText":"اَفَمَنِ اتَّبَعَ رِضْوَانَ اللّٰهِ كَمَنْ بَٓاءَ بِسَخَطٍ مِنَ اللّٰهِ وَمَأْوٰيهُ جَهَنَّمُؕ وَبِئْسَ الْمَصٖيرُ","ayatMealText":{"tr":"Allah'ın rızasına uyan kimse, Allah'ın hışmına uğrayan ve varacağı yer cehennem olan kimse gibi midir? Varış yeri olarak ne kötüdür orası!","nl":"Is dan iemand die het welgevallen van Allah volgt als iemand die de woede van Allah over zich afroept en wiens verblijfplaats in de Hel is? En dat is de slechtste eindbestemming!","en":"Are those who seek Allah’s pleasure like those who deserve Allah’s wrath? Hell is their home. What an evil destination"},"surah":null},{"id":456,"surahId":3,"ayatId":163,"ayatNo":"١٦٣","pageNo":71,"ayatText":"هُمْ دَرَجَاتٌ عِنْدَ اللّٰهِؕ وَاللّٰهُ بَصٖيرٌ بِمَا يَعْمَلُونَࣖ","ayatMealText":{"tr":"Onlar (insanlar) Allah katında derece derecedirler. Allah, onların yaptıklarını görmektedir.","nl":"Zij (hebben) verschillende graden bij Allah en Allah is Alziende over wat zij doen.","en":"They ˹each˺ have varying degrees in the sight of Allah. And Allah is All-Seeing of what they do"},"surah":null},{"id":457,"surahId":3,"ayatId":164,"ayatNo":"١٦٤","pageNo":71,"ayatText":"لَقَدْ مَنَّ اللّٰهُ عَلَى الْمُؤْمِنٖينَ اِذْ بَعَثَ فٖيهِمْ رَسُولاً مِنْ اَنْفُسِهِمْ يَتْلُوا عَلَيْهِمْ اٰيَاتِهٖ وَيُزَكّٖيهِمْ وَيُعَلِّمُهُمُ الْكِتَابَ وَالْحِكْمَةَۚ وَاِنْ كَانُوا مِنْ قَبْلُ لَفٖي ضَلَالٍ مُبٖينٍ","ayatMealText":{"tr":"Andolsun ki Allah, müminlere kendilerinden, onlara kendi âyetlerini okuyan, onları arındıran ve onlara kitab ve hikmeti öğreten bir Peygamber göndermekle büyük bir lütufta bulunmuştur. Oysa onlar, daha önce apaçık bir sapıklık içindeydiler.","nl":"Voorzeker, Allah gaf een grote gunst aan de gelovigen, toen Hij tot hen een Boodschapper uit hun midden stuurde. Hij draagt hun Zijn Verzen voor. En hij reinigt hen (de gelovigen) on hij onderwijst hun het Boek (de Koran) en de Wijsheid, terwijl zij daarvoor zeker in duidelijke dwaling verkeerden.","en":"Indeed, Allah has done the believers a ˹great˺ favour by raising a messenger from among them—reciting to them His revelations, purifying them, and teaching them the Book and wisdom. For indeed they had previously been clearly astray"},"surah":null},{"id":458,"surahId":3,"ayatId":165,"ayatNo":"١٦٥","pageNo":71,"ayatText":"اَوَلَمَّٓا اَصَابَتْكُمْ مُصٖيبَةٌ قَدْ اَصَبْتُمْ مِثْلَيْهَاۙ قُلْتُمْ اَنّٰى هٰذَاؕ قُلْ هُوَ مِنْ عِنْدِ اَنْفُسِكُمْؕ اِنَّ اللّٰهَ عَلٰى كُلِّ شَيْءٍ قَدٖيرٌ","ayatMealText":{"tr":"(Bedir'de düşmanı) iki katına uğrattığınız bir musibet (Uhud'da) size çarpınca mı: \"Bu nereden\" dediniz? De ki: \"Bu başınıza gelen kendinizdendir\". Şüphesiz Allah her şeye kâdirdir.","nl":"En toen een ramp jullie troF (bij Oehoed), hoewel jullie (JE vijanden) met om dubbele ramp getroffen hebben (bij Badr), (waarom) zeggen jullie dan: \"Waar komt dat vandaan?\" Zeg: \"Dat komt van jullie zelf.\" En Allah is Almachtig over alle zaken.","en":"Why is it when you suffered casualties ˹at Uḥud˺—although you had made your enemy suffer twice as much ˹at Badr˺—you protested, “How could this be?”? Say, ˹O Prophet,˺ “It is because of your disobedience.” Surely Allah is Most Capable of everything"},"surah":null}]}