{"juzNo":5,"pageNo":90,"arCuzNo":"٥","arPageNo":"۹۰","quranAyats":[{"id":568,"surahId":4,"ayatId":75,"ayatNo":"٧٥","pageNo":90,"ayatText":"وَمَا لَكُمْ لَا تُقَاتِلُونَ فٖي سَبٖيلِ اللّٰهِ وَالْمُسْتَضْعَفٖينَ مِنَ الرِّجَالِ وَالنِّسَٓاءِ وَالْوِلْدَانِ الَّذٖينَ يَقُولُونَ رَبَّنَٓا اَخْرِجْنَا مِنْ هٰذِهِ الْقَرْيَةِ الظَّالِمِ اَهْلُهَاۚ وَاجْعَلْ لَنَا مِنْ لَدُنْكَ وَلِياًّۚ وَاجْعَلْ لَنَا مِنْ لَدُنْكَ نَصٖيراًؕ","ayatMealText":{"tr":"Hem size ne oluyor ki, Allah yolunda: \"Ey Rabbimiz! bizleri bu halkı zâlim olan memleketten çıkar, tarafından bizi iyi idare edecek bir sahip ve bize katından bir kurtarıcı gönder\" diye yalvarıp duran zayıf ve zavallı erkekler, kadınlar ve çocukların kurtarılması uğrunda savaşa çıkmıyorsunuz?","nl":"En waarom zouden jullie niet vechten op de Weg van Allah (ter verdediging) van de onderdrukten vAn de mannen en de vrouwen en de kinderen, degenen die zeggen: \"Onze Heer, haal ons weg uit deze stad, waar de mensen onrecht plegen en breng ons van Uw Zijde een beschermer en breng ons van Uw Zijde een helper!\"","en":"And what is it with you? You do not fight in the cause of Allah and for oppressed men, women, and children who cry out, “Our Lord! Deliver us from this land of oppressors! Appoint for us a saviour; appoint for us a helper—all by Your grace.”"},"surah":{"surahId":4,"name":"Nisâ","nameAr":"النِّسَاءِ","revelationOrder":92,"verseCount":176,"juzNo":4,"firstPage":77}},{"id":569,"surahId":4,"ayatId":76,"ayatNo":"٧٦","pageNo":90,"ayatText":"اَلَّذٖينَ اٰمَنُوا يُقَاتِلُونَ فٖي سَبٖيلِ اللّٰهِۚ وَالَّذٖينَ كَفَرُوا يُقَاتِلُونَ فٖي سَبٖيلِ الطَّاغُوتِ فَقَاتِلُٓوا اَوْلِيَٓاءَ الشَّيْطَانِۚ اِنَّ كَيْدَ الشَّيْطَانِ كَانَ ضَعٖيفاًࣖ","ayatMealText":{"tr":"İman edenler, Allah yolunda savaşırlar. İnkâr edenler de tağut yolunda savaşırlar. O halde siz şeytanın taraftarlarına karşı savaşın. Çünkü şeytanın hilesi zayıftır.","nl":"Degenen die geloven vechten op de Weg van Allah en degenen die ongelovig zijn vechten op de weg van de Thaghôet vecht dus tegen de helper van de Satan. Voorwaar, de listen van de Satan zijn zwak.","en":"Believers fight for the cause of Allah, whereas disbelievers fight for the cause of the Devil. So fight against Satan’s ˹evil˺ forces. Indeed, Satan’s schemes are ever weak"},"surah":null},{"id":570,"surahId":4,"ayatId":77,"ayatNo":"٧٧","pageNo":90,"ayatText":"اَلَمْ تَرَ اِلَى الَّذٖينَ قٖيلَ لَهُمْ كُفُّٓوا اَيْدِيَكُمْ وَاَقٖيمُوا الصَّلٰوةَ وَاٰتُوا الزَّكٰوةَۚ فَلَمَّا كُتِبَ عَلَيْهِمُ الْقِتَالُ اِذَا فَرٖيقٌ مِنْهُمْ يَخْشَوْنَ النَّاسَ كَخَشْيَةِ اللّٰهِ اَوْ اَشَدَّ خَشْيَةًۚ وَقَالُوا رَبَّنَا لِمَ كَتَبْتَ عَلَيْنَا الْقِتَالَۚ لَوْلَٓا اَخَّرْتَنَٓا اِلٰٓى اَجَلٍ قَرٖيبٍؕ قُلْ مَتَاعُ الدُّنْيَا قَلٖيلٌۚ وَالْاٰخِرَةُ خَيْرٌ لِمَنِ اتَّقٰى وَلَا تُظْلَمُونَ فَتٖيلاً","ayatMealText":{"tr":"Kendilerine, \"Ellerinizi savaştan çekin, namazı kılın, zekatı verin\" denilenleri görmedin mi? Üzerlerine savaş yazılınca hemen içlerinden bir kısmı insanlardan, Allah'tan korkar gibi, hatta daha çok korkarlar ve \"Rabbimiz! Niçin bize savaş yazdın? Ne olurdu bize azıcık bir müddet daha tanımış olsaydın da biraz daha yaşasaydık?\" derler. Onlara de ki: \"Dünya zevki ne de olsa azdır, ahiret, Allah'a karşı gelmekten sakınan için daha hayırlıdır ve size kıl kadar haksızlık edilmez.\"","nl":"Zie jij degenen niet tot wie gezegd werd: \"Houdt jullie handen af (van de strijd), en onderhoudt de shalât en geeft de zakât\"? Toen hen (op het laatst) de strijd bevolen was, was er een groep onder hen die de mensen net zo (veel) als Allah vreesden, of nog meer vreesden. Zij zeiden: \"Onze Heer, waarom heeft U ons bevolen te vechten? Had U ons geen kort uitstel kunnen toestaan?\" Zeg: \"Het genot van de wereld is weinig en het Hiernamaals is beter voor wie (Allah) vreest en jullie worden in het geheel niet onrechtvaardig behandeld.\"","en":"Have you ˹O Prophet˺ not seen those who had been told, “Do not fight! Rather, establish prayer and pay alms-tax.”? Then once the order came to fight, a group of them feared those ˹hostile˺ people as Allah should be feared—or even more. They said, “Our Lord! Why have You ordered us to fight? If only You had delayed ˹the order for˺ us for a little while!” Say, ˹O Prophet,˺ “The enjoyment of this world is so little, whereas the Hereafter is far better for those mindful ˹of Allah˺. And none of you will be wronged ˹even by the width of˺ the thread of a date stone"},"surah":null},{"id":571,"surahId":4,"ayatId":78,"ayatNo":"٧٨","pageNo":90,"ayatText":"اَيْنَ مَا تَكُونُوا يُدْرِكْكُمُ الْمَوْتُ وَلَوْ كُنْتُمْ فٖي بُرُوجٍ مُشَيَّدَةٍؕ وَاِنْ تُصِبْهُمْ حَسَنَةٌ يَقُولُوا هٰذِهٖ مِنْ عِنْدِ اللّٰهِۚ وَاِنْ تُصِبْهُمْ سَيِّئَةٌ يَقُولُوا هٰذِهٖ مِنْ عِنْدِكَؕ قُلْ كُلٌّ مِنْ عِنْدِ اللّٰهِؕ فَمَا لِ‌هٰٓؤُ۬لَٓاءِ الْقَوْمِ لَا يَكَادُونَ يَفْقَهُونَ حَدٖيثاً","ayatMealText":{"tr":"Her nerede olursanız olun ölüm size yetişir, son derece sağlam kaleler içinde de bulunsanız yine kurtulamazsınız. Onlara bir iyilik erişirse \"Bu, Allahtandır\" derler, bir kötülüğe uğrarlarsa, \"Bu, senin yüzündendir.\" derler. Ey Muhammed! De ki: \"Hepsi Allah'tandır.\" Bu topluma ne oluyor ki, hiç söz anlamaya yanaşmıyorlar?","nl":"Waar jullie je ook bevinden, de dood zal jullie bereiken, al waren jullie in versterkte kastelen. Indien hen (iets) goeds overkomt, zeggen zij: \"Dit komt van Allah,\" maar indien hen (iets) slechts treft, zeggen zij: \"Dit komt van jou (Moehammad).\" Zeg (O Moehammad): \"Alles komt van Allah.\" Zij zijn degenen van het volk die bijna niet in staat zijn een uitspraak te begrijpen.","en":"Wherever you may be, death will overcome you—even if you were in fortified towers.” When something good befalls them, they say, “This is from Allah,” but when something evil befalls them, they say, “This is from you.” Say, ˹O Prophet,˺ “Both have been destined by Allah.” So what is the matter with these people? They can hardly comprehend anything"},"surah":null},{"id":572,"surahId":4,"ayatId":79,"ayatNo":"٧٩","pageNo":90,"ayatText":"مَٓا اَصَابَكَ مِنْ حَسَنَةٍ فَمِنَ اللّٰهِؗ وَمَٓا اَصَابَكَ مِنْ سَيِّئَةٍ فَمِنْ نَفْسِكَؕ وَاَرْسَلْنَاكَ لِلنَّاسِ رَسُولاًؕ وَكَفٰى بِاللّٰهِ شَهٖيداً","ayatMealText":{"tr":"(Ey insanoğlu!) sana gelen her iyilik Allah'tandır, sana ne kötülük dokunursa kendindendir. Ey Muhammed! Biz seni bütün insanlara bir elçi olarak gönderdik. Buna şahit olarak da Allah yeter.","nl":"Wat jou van het goede overkomt, het is van Allah; en wat jou van het slechte overkomt, het is van jouzelf En Wij hebben jou als Boodschapper naar de mensen gezonden. En Allah is voldoende als Getuige.","en":"Whatever good befalls you is from Allah and whatever evil befalls you is from yourself. We have sent you ˹O Prophet˺ as a messenger to ˹all˺ people. And Allah is sufficient as a Witness"},"surah":null}]}