{"juzNo":5,"pageNo":94,"arCuzNo":"٥","arPageNo":"۹٤","quranAyats":[{"id":588,"surahId":4,"ayatId":95,"ayatNo":"٩٥","pageNo":94,"ayatText":"لَا يَسْتَوِي الْقَاعِدُونَ مِنَ الْمُؤْمِنٖينَ غَيْرُ اُو۬لِي الضَّرَرِ وَالْمُجَاهِدُونَ فٖي سَبٖيلِ اللّٰهِ بِاَمْوَالِهِمْ وَاَنْفُسِهِمْؕ فَضَّلَ اللّٰهُ الْمُجَاهِدٖينَ بِاَمْوَالِهِمْ وَاَنْفُسِهِمْ عَلَى الْقَاعِدٖينَ دَرَجَةًؕ وَكُلاًّ وَعَدَ اللّٰهُ الْحُسْنٰىؕ وَفَضَّلَ اللّٰهُ الْمُجَاهِدٖينَ عَلَى الْقَاعِدٖينَ اَجْراً عَظٖيـماًۙ","ayatMealText":{"tr":"Müminlerden özür sahibi olmaksızın oturanlarla Allah yolunda mallarıyla, canlarıyla cihad edenler eşit olamazlar. Allah, mallarıyla, canlarıyla cihad edenleri, derece itibariyle, oturanlardan üstün kıldı. Allah onların hepsine de cenneti vaad etmiştir. Bununla beraber Allah mücahitlere, oturanların üzerinde büyük bir ecir vermiştir.","nl":"Niet gelijk zijn de (thuis-)zittenden van de gelovigen, behalve gabrekkigen, aan degenen die strijden op de Weg van Allah met hun eigendommen en hun zielen. Allah heeft de strijders met hun eigendommen en zielen een rang bevoorrecht boven de (thuis-)zitters. Aan allen heeft Allah het goede beloofd. En Allah heeft de strijders boven de (thuis,-)zitters bevoorrecht met een geweldige beloning.","en":"Those who stay at home—except those with valid excuses—are not equal to those who strive in the cause of Allah with their wealth and their lives. Allah has elevated in rank those who strive with their wealth and their lives above those who stay behind ˹with valid excuses˺. Allah has promised each a fine reward, but those who strive will receive a far better reward than others—"},"surah":{"surahId":4,"name":"Nisâ","nameAr":"النِّسَاءِ","revelationOrder":92,"verseCount":176,"juzNo":4,"firstPage":77}},{"id":589,"surahId":4,"ayatId":96,"ayatNo":"٩٦","pageNo":94,"ayatText":"دَرَجَاتٍ مِنْهُ وَمَغْفِرَةً وَرَحْمَةًؕ وَكَانَ اللّٰهُ غَفُوراً رَحٖيماًࣖ","ayatMealText":{"tr":"Kendi katından derece derece rütbeler, bir mağfiret ve rahmet vermiştir. Öyle ya, O çok bağışlayıcı, çok merhamet edicidir.","nl":"Met rangen van Hem en vergeving en Barmhartigheid, En Allah is Vergevensgezind, Meest Barmhartig.","en":"far superior ranks, forgiveness, and mercy from Him. And Allah is All-Forgiving, Most Merciful"},"surah":null},{"id":590,"surahId":4,"ayatId":97,"ayatNo":"٩٧","pageNo":94,"ayatText":"اِنَّ الَّذٖينَ تَوَفّٰيهُمُ الْمَلٰٓئِكَةُ ظَالِمٖٓي اَنْفُسِهِمْ قَالُوا فٖيمَ كُنْتُمْؕ قَالُوا كُنَّا مُسْتَضْعَفٖينَ فِي الْاَرْضِؕ قَالُٓوا اَلَمْ تَكُنْ اَرْضُ اللّٰهِ وَاسِعَةً فَتُهَاجِرُوا فٖيهَاؕ فَاُو۬لٰٓئِكَ مَأْوٰيهُمْ جَهَنَّمُؕ وَسَٓاءَتْ مَصٖيراًۙ","ayatMealText":{"tr":"Melekler, kendilerine zulmeden kişilerin canlarını aldıklarında, onlara, \"Ne işte idiniz?\" derler. Onlar da: \"Biz yer yüzünde zayıf kimselerdik.\" derler. Melekler: \"Allah'ın yeryüzü geniş değil miydi, siz de orada hicret etseydiniz ya?\" derler. İşte bunların varacakları yer cehennemdir. O ne kötü gidiş yeridir.","nl":"Voorwaar, (tot) degenen waarvan de zielen door de Engelen worden meegenomen, en die onrechtvaardig waren, zeggen zij: \"In wat voor toestand waren jullie (toen jullie stierven)?\" Zij zeggen: \"Wij waren de onderdrukten op aarde.\" Zij (de Engelen) zeggen: \"Was de aarde van Allah niet (zo) uitgestrekt dat jullie daarop hadden kunnen uitwijken?\" Zij zijn degenen wiens verblijfplaats de Hel is. Het is de slechtste bestemming!","en":"When the angels seize the souls of those who have wronged themselves—scolding them, “What do you think you were doing?” they will reply, “We were oppressed in the land.” The angels will respond, “Was Allah’s earth not spacious enough for you to emigrate?” It is they who will have Hell as their home—what an evil destination"},"surah":null},{"id":591,"surahId":4,"ayatId":98,"ayatNo":"٩٨","pageNo":94,"ayatText":"اِلَّا الْمُسْتَضْعَفٖينَ مِنَ الرِّجَالِ وَالنِّسَٓاءِ وَالْوِلْدَانِ لَا يَسْتَطٖيعُونَ حٖيلَةً وَلَا يَهْتَدُونَ سَبٖيلاً","ayatMealText":{"tr":"Ancak gerçekten aciz ve zayıf olan, çaresiz kalan ve hicret etmeye yol bulamayan erkekler, kadınlar ve çocuklar hariç...","nl":"Behalve de ondaedrukten van de mannen en de vrouwen en de kinderen die niet tot macht in staat zijn, en die geen weg kunnen vinden.","en":"Except helpless men, women, and children who cannot afford a way out—"},"surah":null},{"id":592,"surahId":4,"ayatId":99,"ayatNo":"٩٩","pageNo":94,"ayatText":"فَاُو۬لٰٓئِكَ عَسَى اللّٰهُ اَنْ يَعْفُوَ عَنْهُمْؕ وَكَانَ اللّٰهُ عَفُواًّ غَفُوراً","ayatMealText":{"tr":"Umulur ki, Allah bu kimseleri affeder. Allah çok affedici, çok bağışlayıcıdır.","nl":"Zij zijn het van wie Allah hopelijk (de fouten) zal uitwissen. En Allah is Vergevend, Vergevens- gezind.","en":"it is right to hope that Allah will pardon them. For Allah is Ever-Pardoning, All-Forgiving"},"surah":null},{"id":593,"surahId":4,"ayatId":100,"ayatNo":"١٠٠","pageNo":94,"ayatText":"وَمَنْ يُهَاجِرْ فٖي سَبٖيلِ اللّٰهِ يَجِدْ فِي الْاَرْضِ مُرَاغَماً كَثٖيراً وَسَعَةًؕ وَمَنْ يَخْرُجْ مِنْ بَيْتِهٖ مُهَاجِراً اِلَى اللّٰهِ وَرَسُولِهٖ ثُمَّ يُدْرِكْهُ الْمَوْتُ فَقَدْ وَقَعَ اَجْرُهُ عَلَى اللّٰهِؕ وَكَانَ اللّٰهُ غَفُوراً رَحٖيماًࣖ","ayatMealText":{"tr":"Her kim Allah yolunda hicret ederse, yeryüzünde gidecek çok yer de bulur, genişlik de bulur. Her kim Allah'a ve Peygamberine hicret etmek maksadıyla evinden çıkar da sonra kendisine ölüm yetişirse, kuşkusuz onun mükafatı Allah'a düşer. Allah çok bağışlayıcıdır, çok merhamet edicidir.","nl":"En wie op de Weg van Allah op de aarde uitwijkt, vindt vele toevluchtsoorden en overvloed. En wie zijn huis varlaat als een uitwijker naar Allah en Zijn Boodchapper, en de dood treft hem dan: waarlijk, zijn beloning is bij Allah. En Allah is Vergevensgezind, Meest Barmhartig.","en":"Whoever emigrates in the cause of Allah will find many safe havens and bountiful resources throughout the earth. Those who leave their homes and die while emigrating to Allah and His Messenger—their reward has already been secured with Allah. And Allah is All-Forgiving, Most Merciful"},"surah":null},{"id":594,"surahId":4,"ayatId":101,"ayatNo":"١٠١","pageNo":94,"ayatText":"وَاِذَا ضَرَبْتُمْ فِي الْاَرْضِ فَلَيْسَ عَلَيْكُمْ جُنَاحٌ اَنْ تَقْصُرُوا مِنَ الصَّلٰوةِࣗ اِنْ خِفْتُمْ اَنْ يَفْتِنَكُمُ الَّذٖينَ كَفَرُواؕ اِنَّ الْكَافِرٖينَ كَانُوا لَكُمْ عَدُواًّ مُبٖيناً","ayatMealText":{"tr":"Yeryüzünde sefere çıktığınızda kâfirlerin size bir kötülük yapacağından korkarsanız namazı kısaltmanızda size bir vebal yoktur. Kuşkusuz kâfirler sizin apaçık düşmanınızdır.","nl":"En als jullie op de aarde rondtrekken, dan is het voor jullie geen zonde de shalât te verkortan, indien jullie bang zijn dat de ongelovigen jullie aanvallen. Voorwaar, de ongelovigen zijn voor jullie een duidelijke vijand.","en":"When you travel through the land, it is permissible for you to shorten the prayer—˹especially˺ if you fear an attack by the disbelievers. Indeed, the disbelievers are your sworn enemies"},"surah":null}]}